{"level":"info","message":"Hello world","service":"user-service"}
{"level":"error","message":"Error message","service":"user-service"}
{"level":"info","message":"POST /api/auth/login","service":"user-service"}
{"level":"info","message":"Hello world","service":"user-service"}
{"level":"error","message":"Error message","service":"user-service"}
{"level":"info","message":"POST /api/auth/login","service":"user-service"}
{"email":"sibowu@example.com","level":"info","message":"Login endpoint hit","service":"user-service"}
{"email":"sibowu@example.com","level":"error","message":"Invalid credentials","service":"user-service"}
{"level":"info","message":"POST /api/auth/login","service":"user-service"}
{"email":"sibowu@example.com","level":"info","message":"Login endpoint hit","service":"user-service"}
{"email":"sibowu@example.com","level":"error","message":"Invalid credentials","service":"user-service"}
{"level":"info","message":"POST /api/auth/login","service":"user-service"}
{"email":"sibowu@example.com","level":"info","message":"Login endpoint hit","service":"user-service"}
{"email":"sibowu@example.com","level":"error","message":"Invalid credentials","service":"user-service"}
{"level":"info","message":"POST /api/auth/register","service":"user-service"}
{"level":"info","message":"POST /api/auth/login","service":"user-service"}
{"email":"sibowu@example.com","level":"info","message":"Login endpoint hit","service":"user-service"}
{"email":"sibowu@example.com","level":"error","message":"Invalid credentials","service":"user-service"}
{"level":"info","message":"Hello world","service":"user-service"}
{"level":"error","message":"Error message","service":"user-service"}
{"level":"info","message":"POST /api/auth/login","service":"user-service"}
{"email":"sibowu@example.com","level":"info","message":"Login endpoint hit","service":"user-service"}
{"email":"sibowu@example.com","level":"error","message":"Invalid credentials","service":"user-service"}
{"level":"info","message":"POST /api/auth/login","service":"user-service"}
{"email":"sibowu@example.com","level":"info","message":"Login endpoint hit","service":"user-service"}
{"email":"sibowu@example.com","level":"error","message":"Invalid credentials","service":"user-service"}
{"level":"info","message":"Hello world","service":"user-service"}
{"level":"error","message":"Error message","service":"user-service"}
{"level":"info","message":"POST /api/auth/login","service":"user-service"}
{"email":"sibowu@example.com","level":"info","message":"Login endpoint hit","service":"user-service"}
{"email":"sibowu@example.com","level":"error","message":"Invalid credentials","service":"user-service"}
{"level":"info","message":"Hello world","service":"user-service"}
{"level":"error","message":"Error message","service":"user-service"}
{"level":"info","message":"Server is running on port 5001","service":"user-service"}
{"level":"error","message":"This is an error message test","service":"user-service"}
{"level":"info","message":"POST /api/auth/login","service":"user-service"}
{"email":"sibowu@example.com","level":"info","message":"Login endpoint hit","service":"user-service"}
{"email":"sibowu@example.com","level":"error","message":"Invalid credentials","service":"user-service"}
{"level":"info","message":"POST /api/auth/login","service":"user-service"}
{"email":"sibowu@example.com","level":"info","message":"Login endpoint hit","service":"user-service"}
{"email":"sibowu@example.com","level":"error","message":"Invalid credentials","service":"user-service"}
{"level":"info","message":"POST /api/auth/login","service":"user-service"}
{"email":"sibowu@example.com","level":"info","message":"Login endpoint hit","service":"user-service"}
{"email":"sibowu@example.com","level":"error","message":"Invalid credentials","service":"user-service"}
{"level":"info","message":"Hello world","service":"user-service"}
{"level":"error","message":"Error message","service":"user-service"}
{"level":"info","message":"Server is running on port 5001","service":"user-service"}
{"level":"info","message":"POST /api/auth/login","service":"user-service"}
{"email":"sibowu@example.com","level":"info","message":"Login endpoint hit","service":"user-service"}
{"isPasswordCorrect":false,"level":"info","message":"Password validation result","service":"user-service"}
{"email":"sibowu@example.com","level":"error","message":"Invalid credentials","service":"user-service"}
{"level":"info","message":"POST /api/auth/register","service":"user-service"}
{"email":"yingqi@example.com","level":"info","message":"Register endpoint hit","password":"qwe","service":"user-service","username":"yingqi"}
{"hashedPassword":"$2a$12$uV91QaEs92IiN5UOpFLpeebmr.qU255AcUtOYXdle8gHY5wDIf4Oi","level":"info","message":"Password hashed","service":"user-service"}
{"level":"info","message":"POST /api/auth/login","service":"user-service"}
{"email":"yingqi@example.com","level":"info","message":"Login endpoint hit","service":"user-service"}
{"isPasswordCorrect":false,"level":"info","message":"Password validation result","service":"user-service"}
{"email":"yingqi@example.com","level":"error","message":"Invalid credentials","service":"user-service"}
{"level":"info","message":"Hello world","service":"user-service"}
{"level":"error","message":"Error message","service":"user-service"}
{"level":"info","message":"Server is running on port 5001","service":"user-service"}
{"level":"info","message":"POST /api/auth/login","service":"user-service"}
{"level":"info","message":"Hello world","service":"user-service"}
{"level":"error","message":"Error message","service":"user-service"}
{"level":"info","message":"Server is running on port 5001","service":"user-service"}
{"level":"info","message":"POST /api/auth/login","service":"user-service"}
{"email":"yingqi@example.com","level":"info","message":"Login endpoint hit","service":"user-service"}
{"email":"yingqi@example.com","error":"saltRounds is not defined","level":"error","message":"Login error","service":"user-service"}
{"level":"info","message":"Hello world","service":"user-service"}
{"level":"error","message":"Error message","service":"user-service"}
{"level":"info","message":"Server is running on port 5001","service":"user-service"}
{"level":"info","message":"POST /api/auth/login","service":"user-service"}
{"email":"yingqi@example.com","level":"info","message":"Login endpoint hit","service":"user-service"}
{"email":"yingqi@example.com","error":"saltRounds is not defined","level":"error","message":"Login error","service":"user-service"}
{"level":"info","message":"Hello world","service":"user-service"}
{"level":"error","message":"Error message","service":"user-service"}
{"level":"info","message":"Server is running on port 5001","service":"user-service"}
{"level":"info","message":"POST /api/auth/login","service":"user-service"}
{"email":"yingqi@example.com","level":"info","message":"Login endpoint hit","service":"user-service"}
{"isPasswordCorrect":false,"level":"info","message":"Password validation result","service":"user-service"}
{"email":"yingqi@example.com","level":"error","message":"Invalid credentials","service":"user-service"}
{"level":"info","message":"Hello world","service":"user-service"}
{"level":"error","message":"Error message","service":"user-service"}
{"level":"info","message":"Server is running on port 5001","service":"user-service"}
{"level":"info","message":"POST /api/auth/login","service":"user-service"}
{"email":"yingqi@example.com","level":"info","message":"Login endpoint hit","service":"user-service"}
{"isPasswordCorrect":false,"level":"info","message":"Password validation result","service":"user-service"}
{"email":"yingqi@example.com","level":"error","message":"Invalid credentials","service":"user-service"}
{"level":"info","message":"Hello world","service":"user-service"}
{"level":"error","message":"Error message","service":"user-service"}
{"level":"info","message":"Server is running on port 5001","service":"user-service"}
{"level":"info","message":"POST /api/auth/login","service":"user-service"}
{"email":"yingqi@example.com","level":"info","message":"Login endpoint hit","service":"user-service"}
{"isPasswordCorrect":false,"level":"info","message":"Password validation result","service":"user-service"}
{"email":"yingqi@example.com","level":"error","message":"Invalid credentials","service":"user-service"}
{"level":"info","message":"POST /api/auth/register","service":"user-service"}
{"email":"yingqizhang@example.com","level":"info","message":"Register endpoint hit","password":"zyq","service":"user-service","username":"yingqizhang"}
{"hashedPassword":"$2a$12$p82dLreWj7eJu1tjMFWb6uqYYv7FqorpgcR7CemjxsDjDm41tixVO","level":"info","message":"Password hashed","service":"user-service"}
{"level":"info","message":"POST /api/auth/login","service":"user-service"}
{"email":"yingqizhang@example.com","level":"info","message":"Login endpoint hit","service":"user-service"}
{"isPasswordCorrect":false,"level":"info","message":"Password validation result","service":"user-service"}
{"email":"yingqizhang@example.com","level":"error","message":"Invalid credentials","service":"user-service"}
{"level":"info","message":"Hello world","service":"user-service"}
{"level":"error","message":"Error message","service":"user-service"}
{"level":"info","message":"Server is running on port 5001","service":"user-service"}
{"level":"info","message":"POST /api/auth/login","service":"user-service"}
{"email":"yingqizhang@example.com","level":"info","message":"Login endpoint hit","service":"user-service"}
{"isPasswordCorrect":false,"level":"info","message":"Password validation result","service":"user-service"}
{"email":"yingqizhang@example.com","level":"error","message":"Invalid credentials","service":"user-service"}
{"level":"info","message":"Hello world","service":"user-service"}
{"level":"error","message":"Error message","service":"user-service"}
{"level":"info","message":"Server is running on port 5001","service":"user-service"}
{"level":"info","message":"POST /api/auth/login","service":"user-service"}
{"email":"yingqizhang@example.com","level":"info","message":"Login endpoint hit","service":"user-service"}
{"email":"yingqizhang@example.com","level":"error","message":"Invalid credentials","service":"user-service"}
{"level":"info","message":"Hello world","service":"user-service"}
{"level":"error","message":"Error message","service":"user-service"}
{"level":"info","message":"Server is running on port 5001","service":"user-service"}
{"level":"info","message":"POST /api/auth/login","service":"user-service"}
{"email":"yingqizhang@example.com","level":"info","message":"Login endpoint hit","service":"user-service"}
{"level":"info","message":"Stored hash","service":"user-service","storedHash":"$2a$08$ni6cypMWTjf2psrJ143lgOnA6p9tL6cwjyv.XfQBaEjlaXF3MJ3XC"}
{"level":"info","message":"Password comparison","providedPassword":"zyq","service":"user-service","storedHash":"$2a$08$ni6cypMWTjf2psrJ143lgOnA6p9tL6cwjyv.XfQBaEjlaXF3MJ3XC"}
{"email":"yingqizhang@example.com","level":"error","message":"Invalid credentials","service":"user-service"}
{"level":"info","message":"Hello world","service":"user-service"}
{"level":"error","message":"Error message","service":"user-service"}
{"level":"info","message":"Server is running on port 5001","service":"user-service"}
{"level":"info","message":"POST /api/auth/register","service":"user-service"}
{"email":"meta@example.com","level":"info","message":"Register endpoint hit","password":"pengge","service":"user-service","username":"meta"}
{"level":"info","message":"POST /api/auth/login","service":"user-service"}
{"email":"meta@example.com","level":"info","message":"Login endpoint hit","service":"user-service"}
{"email":"meta@example.com","level":"error","message":"Invalid credentials","service":"user-service"}
{"level":"info","message":"POST /api/auth/login","service":"user-service"}
{"email":"meta@example.com","level":"info","message":"Login endpoint hit","service":"user-service"}
{"email":"meta@example.com","level":"error","message":"Invalid credentials","service":"user-service"}
{"level":"info","message":"Hello world","service":"user-service"}
{"level":"error","message":"Error message","service":"user-service"}
{"level":"info","message":"Server is running on port 5001","service":"user-service"}
{"level":"info","message":"Hello world","service":"user-service"}
{"level":"error","message":"Error message","service":"user-service"}
{"level":"info","message":"Server is running on port 5001","service":"user-service"}
{"level":"info","message":"POST /api/auth/register","service":"user-service"}
{"email":"apple@example.com","level":"info","message":"Register endpoint hit","password":"apple","service":"user-service","username":"apple"}
{"level":"info","message":"POST /api/auth/login","service":"user-service"}
{"email":"apple@example.com","level":"info","message":"Login endpoint hit","service":"user-service"}
{"email":"apple@example.com","level":"info","message":"Password matches","service":"user-service"}
{"email":"apple@example.com","level":"info","message":"JWT token generated","service":"user-service"}
{"level":"info","message":"Hello world","service":"user-service"}
{"level":"error","message":"Error message","service":"user-service"}
{"level":"info","message":"Server is running on port 5001","service":"user-service"}
{"level":"info","message":"POST /api/auth/login","service":"user-service"}
{"email":"apple@example.com","level":"info","message":"Login endpoint hit","service":"user-service"}
{"email":"apple@example.com","level":"info","message":"Password matches","service":"user-service"}
{"email":"apple@example.com","level":"info","message":"JWT token generated","service":"user-service"}
{"level":"info","message":"Hello world","service":"user-service"}
{"level":"error","message":"Error message","service":"user-service"}
{"level":"info","message":"Server is running on port 5001","service":"user-service"}
{"level":"info","message":"POST /api/auth/login","service":"user-service"}
{"email":"apple@example.com","level":"info","message":"Login endpoint hit","service":"user-service"}
{"email":"apple@example.com","level":"info","message":"Password matches","service":"user-service"}
{"email":"apple@example.com","level":"info","message":"JWT token generated","service":"user-service"}
{"level":"info","message":"POST /api/auth/register","service":"user-service"}
{"email":"paipaizhang@example.com","level":"info","message":"Register endpoint hit","password":"paipaizhang","service":"user-service","username":"paipaizhang"}
{"level":"info","message":"POST /api/auth/login","service":"user-service"}
{"email":"paipaizhang@example.com","level":"info","message":"Login endpoint hit","service":"user-service"}
{"email":"paipaizhang@example.com","level":"info","message":"Password matches","service":"user-service"}
{"email":"paipaizhang@example.com","level":"info","message":"JWT token generated","service":"user-service"}
{"level":"info","message":"POST /api/auth/login","service":"user-service"}
{"email":"paipaizhang@example.com","level":"info","message":"Login endpoint hit","service":"user-service"}
{"email":"paipaizhang@example.com","level":"info","message":"Password matches","service":"user-service"}
{"email":"paipaizhang@example.com","level":"info","message":"JWT token generated","service":"user-service"}
{"level":"info","message":"Hello world","service":"user-service"}
{"level":"error","message":"Error message","service":"user-service"}
{"level":"info","message":"Server is running on port 5001","service":"user-service"}
{"level":"info","message":"POST /api/auth/register","service":"user-service"}
{"email":"wusibo2020@hotmail.com","level":"info","message":"Register endpoint hit","password":"32","service":"user-service","username":"rickywsb"}
{"level":"info","message":"POST /api/auth/login","service":"user-service"}
{"email":"wusibo2020@hotmail.com","level":"info","message":"Login endpoint hit","service":"user-service"}
{"email":"wusibo2020@hotmail.com","level":"error","message":"Invalid credentials","service":"user-service"}
{"level":"info","message":"POST /api/register","service":"user-service"}
{"level":"info","message":"POST /api/auth/register","service":"user-service"}
{"email":"mayzhangyq@hotmail.com","level":"info","message":"Register endpoint hit","password":"123","service":"user-service","username":"chesswu"}
{"level":"info","message":"POST /api/auth/login","service":"user-service"}
{"email":"mayzhangyq@hotmail.com","level":"info","message":"Login endpoint hit","service":"user-service"}
{"email":"mayzhangyq@hotmail.com","level":"info","message":"Password matches","service":"user-service"}
{"email":"mayzhangyq@hotmail.com","level":"info","message":"JWT token generated","service":"user-service"}
{"level":"info","message":"Hello world","service":"user-service"}
{"level":"error","message":"Error message","service":"user-service"}
{"level":"info","message":"Server is running on port 5001","service":"user-service"}
{"level":"info","message":"GET /api/courses","service":"user-service"}
{"level":"info","message":"GET /api/courses","service":"user-service"}
{"level":"info","message":"GET /api/courses","service":"user-service"}
{"level":"info","message":"GET /api/courses","service":"user-service"}
{"level":"info","message":"GET /api/courses","service":"user-service"}
{"level":"info","message":"GET /api/courses","service":"user-service"}
{"level":"info","message":"GET /api/courses","service":"user-service"}
{"level":"info","message":"GET /api/courses","service":"user-service"}
{"level":"info","message":"GET /api/courses","service":"user-service"}
{"level":"info","message":"POST /api/courses","service":"user-service"}
{"level":"info","message":"GET /api/courses","service":"user-service"}
{"level":"info","message":"GET /api/courses","service":"user-service"}
{"level":"info","message":"GET /api/courses","service":"user-service"}
{"level":"info","message":"POST /api/courses","service":"user-service"}
{"level":"info","message":"POST /api/courses","service":"user-service"}
{"level":"info","message":"POST /api/courses","service":"user-service"}
{"level":"info","message":"GET /api/courses","service":"user-service"}
{"level":"info","message":"GET /api/courses","service":"user-service"}
{"level":"info","message":"GET /api/courses","service":"user-service"}
{"level":"info","message":"DELETE /api/courses/654d6a35182e35b14f8af73d","service":"user-service"}
{"level":"info","message":"DELETE /api/courses/654d6a35182e35b14f8af73d","service":"user-service"}
{"level":"info","message":"POST /api/courses","service":"user-service"}
{"level":"info","message":"POST /api/courses","service":"user-service"}
{"level":"info","message":"DELETE /api/courses/654d6a35182e35b14f8af73d","service":"user-service"}
{"level":"info","message":"DELETE /api/courses/654d6a35182e35b14f8af73d","service":"user-service"}
{"level":"info","message":"Hello world","service":"user-service"}
{"level":"error","message":"Error message","service":"user-service"}
{"level":"info","message":"Server is running on port 5001","service":"user-service"}
{"level":"info","message":"GET /api/courses","service":"user-service"}
{"level":"info","message":"GET /api/courses","service":"user-service"}
{"level":"info","message":"DELETE /api/courses/654d8836182e35b14f8af74a","service":"user-service"}
{"level":"info","message":"DELETE /api/courses/654d8835182e35b14f8af748","service":"user-service"}
{"level":"info","message":"PATCH /api/courses/654d6ab8182e35b14f8af741","service":"user-service"}
{"level":"info","message":"GET /api/courses","service":"user-service"}
{"level":"info","message":"GET /api/courses","service":"user-service"}
{"level":"info","message":"GET /api/courses","service":"user-service"}
{"level":"info","message":"PATCH /api/courses/654d6ab8182e35b14f8af741","service":"user-service"}
{"level":"info","message":"DELETE /api/courses/654d6ab8182e35b14f8af741","service":"user-service"}
{"level":"info","message":"POST /api/courses","service":"user-service"}
{"level":"info","message":"DELETE /api/courses/654d8cb6098240d287b771ef","service":"user-service"}
{"level":"info","message":"DELETE /api/courses/654d6a35182e35b14f8af73d","service":"user-service"}
{"level":"info","message":"Hello world","service":"user-service"}
{"level":"error","message":"Error message","service":"user-service"}
{"level":"info","message":"Server is running on port 5001","service":"user-service"}
{"level":"info","message":"GET /api/courses","service":"user-service"}
{"level":"info","message":"GET /api/courses","service":"user-service"}
{"level":"info","message":"GET /api/courses","service":"user-service"}
{"level":"info","message":"GET /api/courses","service":"user-service"}
{"level":"info","message":"PATCH /api/courses/654d6925182e35b14f8af738","service":"user-service"}
{"level":"info","message":"GET /api/modules/course/654d6a4e182e35b14f8af73f","service":"user-service"}
{"level":"info","message":"GET /api/modules/course/654d6a4e182e35b14f8af73f","service":"user-service"}
{"level":"info","message":"GET /api/modules/course/undefined","service":"user-service"}
{"level":"info","message":"GET /api/modules/course/undefined","service":"user-service"}
{"level":"info","message":"GET /api/modules/course/654d6a4e182e35b14f8af73f","service":"user-service"}
{"level":"info","message":"GET /api/modules/course/654d6a4e182e35b14f8af73f","service":"user-service"}
{"level":"info","message":"GET /api/modules/course/undefined","service":"user-service"}
{"level":"info","message":"GET /api/modules/course/undefined","service":"user-service"}
{"level":"info","message":"GET /api/courses","service":"user-service"}
{"level":"info","message":"GET /api/courses","service":"user-service"}
{"level":"info","message":"GET /api/modules/course/654d6a4e182e35b14f8af73f","service":"user-service"}
{"level":"info","message":"GET /api/modules/course/654d6a4e182e35b14f8af73f","service":"user-service"}
{"level":"info","message":"GET /api/modules/course/undefined","service":"user-service"}
{"level":"info","message":"GET /api/modules/course/undefined","service":"user-service"}
{"level":"info","message":"GET /api/modules/course/654d6a4e182e35b14f8af73f","service":"user-service"}
{"level":"info","message":"GET /api/modules/course/654d6a4e182e35b14f8af73f","service":"user-service"}
{"level":"info","message":"GET /api/modules/course/undefined","service":"user-service"}
{"level":"info","message":"GET /api/modules/course/undefined","service":"user-service"}
{"level":"info","message":"POST /api/modules","service":"user-service"}
{"level":"info","message":"GET /api/modules/course/654d6a4e182e35b14f8af73f","service":"user-service"}
{"level":"info","message":"GET /api/modules/course/654d6a4e182e35b14f8af73f","service":"user-service"}
{"level":"info","message":"GET /api/modules/course/654d6a4e182e35b14f8af73f","service":"user-service"}
{"level":"info","message":"GET /api/modules/course/654d6a4e182e35b14f8af73f","service":"user-service"}
{"level":"info","message":"GET /api/modules/course/654d6a4e182e35b14f8af73f","service":"user-service"}
{"level":"info","message":"GET /api/modules/course/654d6a4e182e35b14f8af73f","service":"user-service"}
{"level":"info","message":"GET /api/modules/course/undefined","service":"user-service"}
{"level":"info","message":"GET /api/modules/course/undefined","service":"user-service"}
{"level":"info","message":"GET /api/modules/course/654d6a4e182e35b14f8af73f","service":"user-service"}
{"level":"info","message":"GET /api/modules/course/654d6a4e182e35b14f8af73f","service":"user-service"}
{"level":"info","message":"GET /api/modules/course/undefined","service":"user-service"}
{"level":"info","message":"GET /api/modules/course/undefined","service":"user-service"}
{"level":"info","message":"POST /api/modules","service":"user-service"}
{"level":"info","message":"POST /api/modules","service":"user-service"}
{"level":"info","message":"POST /api/modules","service":"user-service"}
{"level":"info","message":"GET /api/modules/course/654d6a4e182e35b14f8af73f","service":"user-service"}
{"level":"info","message":"GET /api/modules/course/654d6a4e182e35b14f8af73f","service":"user-service"}
{"level":"info","message":"GET /api/modules/course/654d6a4e182e35b14f8af73f","service":"user-service"}
{"level":"info","message":"GET /api/modules/course/654d6a4e182e35b14f8af73f","service":"user-service"}
{"level":"info","message":"GET /api/modules/course/654d6a4e182e35b14f8af73f","service":"user-service"}
{"level":"info","message":"GET /api/modules/course/654d6a4e182e35b14f8af73f","service":"user-service"}
{"level":"info","message":"POST /api/modules","service":"user-service"}
{"level":"info","message":"POST /api/modules","service":"user-service"}
{"level":"info","message":"POST /api/modules","service":"user-service"}
{"level":"info","message":"POST /api/modules","service":"user-service"}
{"level":"info","message":"POST /api/modules","service":"user-service"}
{"level":"info","message":"POST /api/modules","service":"user-service"}
{"level":"info","message":"POST /api/modules","service":"user-service"}
{"level":"info","message":"POST /api/modules","service":"user-service"}
{"level":"info","message":"GET /api/modules/course/undefined","service":"user-service"}
{"level":"info","message":"GET /api/modules/course/undefined","service":"user-service"}
{"level":"info","message":"GET /api/modules/course/654d6a4e182e35b14f8af73f","service":"user-service"}
{"level":"info","message":"GET /api/modules/course/654d6a4e182e35b14f8af73f","service":"user-service"}
{"level":"info","message":"GET /api/modules/course/undefined","service":"user-service"}
{"level":"info","message":"GET /api/modules/course/undefined","service":"user-service"}
{"level":"info","message":"GET /api/modules/course/654d6a4e182e35b14f8af73f","service":"user-service"}
{"level":"info","message":"GET /api/modules/course/654d6a4e182e35b14f8af73f","service":"user-service"}
{"level":"info","message":"POST /api/modules","service":"user-service"}
{"level":"info","message":"POST /api/modules","service":"user-service"}
{"level":"info","message":"POST /api/modules","service":"user-service"}
{"level":"info","message":"POST /api/modules","service":"user-service"}
{"level":"info","message":"POST /api/modules","service":"user-service"}
{"level":"info","message":"POST /api/modules","service":"user-service"}
{"level":"info","message":"POST /api/modules","service":"user-service"}
{"level":"info","message":"POST /api/modules","service":"user-service"}
{"level":"info","message":"POST /api/modules","service":"user-service"}
{"level":"info","message":"GET /api/courses","service":"user-service"}
{"level":"info","message":"GET /api/courses","service":"user-service"}
{"level":"info","message":"GET /api/modules/course/654d6925182e35b14f8af738","service":"user-service"}
{"level":"info","message":"GET /api/modules/course/654d6925182e35b14f8af738","service":"user-service"}
{"level":"info","message":"GET /api/modules/course/654d6925182e35b14f8af738","service":"user-service"}
{"level":"info","message":"GET /api/modules/course/654d6925182e35b14f8af738","service":"user-service"}
{"level":"info","message":"GET /api/courses","service":"user-service"}
{"level":"info","message":"GET /api/courses","service":"user-service"}
{"level":"info","message":"POST /api/courses","service":"user-service"}
{"level":"info","message":"GET /api/modules/course/654dbac62ed776a4d7aac47f","service":"user-service"}
{"level":"info","message":"GET /api/modules/course/654dbac62ed776a4d7aac47f","service":"user-service"}
{"level":"info","message":"GET /courses/654dbac62ed776a4d7aac47f/modules","service":"user-service"}
{"level":"info","message":"GET /api/courses","service":"user-service"}
{"level":"info","message":"GET /api/courses","service":"user-service"}
{"level":"info","message":"GET /api/modules/course/654d6a4e182e35b14f8af73f","service":"user-service"}
{"level":"info","message":"GET /api/modules/course/654d6a4e182e35b14f8af73f","service":"user-service"}
{"level":"info","message":"GET /api/modules/course/654d6a4e182e35b14f8af73f","service":"user-service"}
{"level":"info","message":"GET /api/modules/course/654d6a4e182e35b14f8af73f","service":"user-service"}
{"level":"info","message":"GET /api/modules/course/654db9772ed776a4d7aac473","service":"user-service"}
{"level":"info","message":"GET /api/courses","service":"user-service"}
{"level":"info","message":"GET /api/courses","service":"user-service"}
{"level":"info","message":"DELETE /api/courses/654d6925182e35b14f8af738","service":"user-service"}
{"level":"info","message":"DELETE /api/courses/654d6a4e182e35b14f8af73f","service":"user-service"}
{"level":"info","message":"PATCH /api/courses/654dbac62ed776a4d7aac47f","service":"user-service"}
{"level":"info","message":"GET /api/modules/course/654dbac62ed776a4d7aac47f","service":"user-service"}
{"level":"info","message":"GET /api/modules/course/654dbac62ed776a4d7aac47f","service":"user-service"}
{"level":"info","message":"POST /api/modules","service":"user-service"}
{"level":"info","message":"POST /api/modules","service":"user-service"}
{"level":"info","message":"POST /api/modules","service":"user-service"}
{"level":"info","message":"GET /api/modules/course/654dbac62ed776a4d7aac47f","service":"user-service"}
{"level":"info","message":"GET /api/modules/course/654dbac62ed776a4d7aac47f","service":"user-service"}
{"level":"info","message":"GET /api/modules/course/654dbac62ed776a4d7aac47f","service":"user-service"}
{"level":"info","message":"GET /api/modules/course/654dbac62ed776a4d7aac47f","service":"user-service"}
{"level":"info","message":"GET /api/modules/course/654dbac62ed776a4d7aac47f","service":"user-service"}
{"level":"info","message":"Hello world","service":"user-service"}
{"level":"error","message":"Error message","service":"user-service"}
{"level":"info","message":"Server is running on port 5001","service":"user-service"}
{"level":"info","message":"GET /api/modules/course/654dbac62ed776a4d7aac47f","service":"user-service"}
{"level":"info","message":"GET /api/modules/course/654dbac62ed776a4d7aac47f","service":"user-service"}
{"level":"info","message":"GET /api/courses","service":"user-service"}
{"level":"info","message":"GET /api/courses","service":"user-service"}
{"level":"info","message":"GET /api/modules/course/654dbac62ed776a4d7aac47f","service":"user-service"}
{"level":"info","message":"GET /api/modules/course/654dbac62ed776a4d7aac47f","service":"user-service"}
{"level":"info","message":"GET /api/modules/course/654dbac62ed776a4d7aac47f","service":"user-service"}
{"level":"info","message":"GET /api/modules/course/654dbac62ed776a4d7aac47f","service":"user-service"}
{"level":"info","message":"GET /api/modules/course/654dbac62ed776a4d7aac47f","service":"user-service"}
{"level":"info","message":"GET /api/modules/course/654dbac62ed776a4d7aac47f","service":"user-service"}
{"level":"info","message":"GET /api/modules/course/654dbac62ed776a4d7aac47f","service":"user-service"}
{"level":"info","message":"GET /api/modules/course/654dbac62ed776a4d7aac47f","service":"user-service"}
{"level":"info","message":"GET /api/modules/course/654dbac62ed776a4d7aac47f","service":"user-service"}
{"level":"info","message":"GET /api/modules/course/654dbac62ed776a4d7aac47f","service":"user-service"}
{"level":"info","message":"POST /api/modules","service":"user-service"}
{"level":"info","message":"POST /api/modules","service":"user-service"}
{"level":"info","message":"GET /api/modules/course/654dbac62ed776a4d7aac47f","service":"user-service"}
{"level":"info","message":"GET /api/modules/course/654dbac62ed776a4d7aac47f","service":"user-service"}
{"level":"info","message":"GET /api/modules/course/654dbac62ed776a4d7aac47f","service":"user-service"}
{"level":"info","message":"GET /api/modules/course/654dbac62ed776a4d7aac47f","service":"user-service"}
{"level":"info","message":"GET /api/courses","service":"user-service"}
{"level":"info","message":"GET /api/courses","service":"user-service"}
{"level":"info","message":"POST /api/courses","service":"user-service"}
{"level":"info","message":"GET /api/modules/course/654dc1b2f4832491bace6032","service":"user-service"}
{"level":"info","message":"GET /api/modules/course/654dc1b2f4832491bace6032","service":"user-service"}
{"level":"info","message":"GET /api/modules/course/654dc1b2f4832491bace6032","service":"user-service"}
{"level":"info","message":"GET /api/modules/course/654dc1b2f4832491bace6032","service":"user-service"}
{"level":"info","message":"POST /api/modules","service":"user-service"}
{"level":"info","message":"Hello world","service":"user-service"}
{"level":"error","message":"Error message","service":"user-service"}
{"level":"info","message":"Server is running on port 5001","service":"user-service"}
{"level":"info","message":"GET /api/modules/course/654dc1b2f4832491bace6032","service":"user-service"}
{"level":"info","message":"GET /api/modules/course/654dc1b2f4832491bace6032","service":"user-service"}
{"level":"info","message":"GET /api/modules/course/654dc1b2f4832491bace6032","service":"user-service"}
{"level":"info","message":"GET /api/modules/course/654dc1b2f4832491bace6032","service":"user-service"}
{"level":"info","message":"POST /api/modules","service":"user-service"}
{"level":"info","message":"POST /api/modules","service":"user-service"}
{"level":"info","message":"POST /api/modules","service":"user-service"}
{"level":"info","message":"POST /api/modules","service":"user-service"}
{"level":"info","message":"GET /api/modules/course/654dc1b2f4832491bace6032","service":"user-service"}
{"level":"info","message":"GET /api/modules/course/654dc1b2f4832491bace6032","service":"user-service"}
{"level":"info","message":"GET /api/modules/course/654dc1b2f4832491bace6032","service":"user-service"}
{"level":"info","message":"GET /api/modules/course/654dc1b2f4832491bace6032","service":"user-service"}
{"level":"info","message":"DELETE /api/modules/654de26d31d9c2df2d0aa1d8","service":"user-service"}
{"level":"info","message":"POST /api/modules","service":"user-service"}
{"level":"info","message":"GET /api/modules/course/654dc1b2f4832491bace6032","service":"user-service"}
{"level":"info","message":"GET /api/modules/course/654dc1b2f4832491bace6032","service":"user-service"}
{"level":"info","message":"GET /api/modules/course/654dc1b2f4832491bace6032","service":"user-service"}
{"level":"info","message":"GET /api/modules/course/654dc1b2f4832491bace6032","service":"user-service"}
{"level":"info","message":"POST /api/modules","service":"user-service"}
{"level":"info","message":"GET /api/modules/course/654dc1b2f4832491bace6032","service":"user-service"}
{"level":"info","message":"GET /api/modules/course/654dc1b2f4832491bace6032","service":"user-service"}
{"level":"info","message":"GET /api/modules/course/654dc1b2f4832491bace6032","service":"user-service"}
{"level":"info","message":"GET /api/modules/course/654dc1b2f4832491bace6032","service":"user-service"}
{"level":"info","message":"GET /api/modules/course/654dc1b2f4832491bace6032","service":"user-service"}
{"level":"info","message":"POST /api/modules","service":"user-service"}
{"level":"info","message":"DELETE /api/modules/654de4b231d9c2df2d0aa1f1","service":"user-service"}
{"level":"info","message":"DELETE /api/modules/654dc1dbf4832491bace6038","service":"user-service"}
{"level":"info","message":"Hello world","service":"user-service"}
{"level":"error","message":"Error message","service":"user-service"}
{"level":"info","message":"Server is running on port 5001","service":"user-service"}
{"level":"info","message":"GET /api/modules/course/654dc1b2f4832491bace6032","service":"user-service"}
{"level":"info","message":"GET /api/modules/course/654dc1b2f4832491bace6032","service":"user-service"}
{"level":"info","message":"GET /api/modules/course/654dc1b2f4832491bace6032","service":"user-service"}
{"level":"info","message":"GET /api/modules/course/654dc1b2f4832491bace6032","service":"user-service"}
{"level":"info","message":"DELETE /api/modules/654dc1dbf4832491bace6038","service":"user-service"}
{"level":"info","message":"DELETE /api/modules/654de26d31d9c2df2d0aa1d8","service":"user-service"}
{"level":"info","message":"DELETE /api/modules/654de26e31d9c2df2d0aa1da","service":"user-service"}
{"level":"info","message":"DELETE /api/modules/654de3bc31d9c2df2d0aa1e4","service":"user-service"}
{"level":"info","message":"DELETE /api/modules/654de4b231d9c2df2d0aa1f1","service":"user-service"}
{"level":"info","message":"DELETE /api/modules/654de49b31d9c2df2d0aa1ea","service":"user-service"}
{"level":"info","message":"PATCH /api/modules/654de26e31d9c2df2d0aa1de","service":"user-service"}
{"level":"info","message":"DELETE /api/modules/654de26e31d9c2df2d0aa1de","service":"user-service"}
{"level":"info","message":"GET /api/courses","service":"user-service"}
{"level":"info","message":"GET /api/courses","service":"user-service"}
{"level":"info","message":"GET /api/modules/course/654dbac62ed776a4d7aac47f","service":"user-service"}
{"level":"info","message":"GET /api/modules/course/654dbac62ed776a4d7aac47f","service":"user-service"}
{"level":"info","message":"GET /api/modules/course/654dbac62ed776a4d7aac47f","service":"user-service"}
{"level":"info","message":"GET /api/modules/course/654dbac62ed776a4d7aac47f","service":"user-service"}
{"level":"info","message":"DELETE /api/modules/654dbdae2ed776a4d7aac494","service":"user-service"}
{"level":"info","message":"PATCH /api/modules/654dbdf12ed776a4d7aac498","service":"user-service"}
{"level":"info","message":"DELETE /api/modules/654dbdf12ed776a4d7aac498","service":"user-service"}
{"level":"info","message":"Hello world","service":"user-service"}
{"level":"error","message":"Error message","service":"user-service"}
{"level":"info","message":"Server is running on port 5001","service":"user-service"}
{"level":"info","message":"GET /api/modules/course/654dbac62ed776a4d7aac47f","service":"user-service"}
{"level":"info","message":"GET /api/modules/course/654dbac62ed776a4d7aac47f","service":"user-service"}
{"level":"info","message":"GET /api/modules/course/654dbac62ed776a4d7aac47f","service":"user-service"}
{"level":"info","message":"GET /api/modules/course/654dbac62ed776a4d7aac47f","service":"user-service"}
{"level":"info","message":"POST /api/modules","service":"user-service"}
{"level":"info","message":"POST /api/modules","service":"user-service"}
{"level":"info","message":"Hello world","service":"user-service"}
{"level":"error","message":"Error message","service":"user-service"}
{"level":"info","message":"Server is running on port 5001","service":"user-service"}
{"level":"info","message":"GET /api/modules/course/654dbac62ed776a4d7aac47f","service":"user-service"}
{"level":"info","message":"GET /api/modules/course/654dbac62ed776a4d7aac47f","service":"user-service"}
{"level":"info","message":"GET /api/modules/course/654dbac62ed776a4d7aac47f","service":"user-service"}
{"level":"info","message":"GET /api/modules/course/654dbac62ed776a4d7aac47f","service":"user-service"}
{"level":"info","message":"DELETE /api/modules/654ded8aed29ed994de31221","service":"user-service"}
{"level":"info","message":"DELETE /api/modules/654debd1ed29ed994de3121f","service":"user-service"}
{"level":"info","message":"Hello world","service":"user-service"}
{"level":"error","message":"Error message","service":"user-service"}
{"level":"info","message":"Server is running on port 5001","service":"user-service"}
{"level":"info","message":"PATCH /api/user/654d5f12de3f586e7007335f/role","service":"user-service"}
{"level":"info","message":"PATCH /api/user/654d5f12de3f586e7007335f/role","service":"user-service"}
{"level":"info","message":"GET /api/courses","service":"user-service"}
{"level":"info","message":"GET /api/courses","service":"user-service"}
{"level":"info","message":"POST /api/auth/login","service":"user-service"}
{"email":"admin@admin.com","level":"info","message":"Login endpoint hit","service":"user-service"}
{"email":"admin@admin.com","level":"info","message":"Password matches","service":"user-service"}
{"email":"admin@admin.com","level":"info","message":"JWT token generated","service":"user-service"}
{"level":"info","message":"POST /api/auth/login","service":"user-service"}
{"email":"admin@admin.com","level":"info","message":"Login endpoint hit","service":"user-service"}
{"email":"admin@admin.com","level":"info","message":"Password matches","service":"user-service"}
{"email":"admin@admin.com","level":"info","message":"JWT token generated","service":"user-service"}
{"level":"info","message":"POST /api/auth/login","service":"user-service"}
{"email":"admin@admin.com","level":"info","message":"Login endpoint hit","service":"user-service"}
{"email":"admin@admin.com","level":"info","message":"Password matches","service":"user-service"}
{"email":"admin@admin.com","level":"info","message":"JWT token generated","service":"user-service"}
{"level":"info","message":"POST /api/auth/login","service":"user-service"}
{"email":"admin@admin.com","level":"info","message":"Login endpoint hit","service":"user-service"}
{"email":"admin@admin.com","level":"info","message":"Password matches","service":"user-service"}
{"email":"admin@admin.com","level":"info","message":"JWT token generated","service":"user-service"}
{"level":"info","message":"POST /api/auth/login","service":"user-service"}
{"email":"admin@admin.com","level":"info","message":"Login endpoint hit","service":"user-service"}
{"email":"admin@admin.com","level":"info","message":"Password matches","service":"user-service"}
{"email":"admin@admin.com","level":"info","message":"JWT token generated","service":"user-service"}
{"level":"info","message":"POST /api/auth/login","service":"user-service"}
{"email":"admin@admin.com","level":"info","message":"Login endpoint hit","service":"user-service"}
{"email":"admin@admin.com","level":"info","message":"Password matches","service":"user-service"}
{"email":"admin@admin.com","level":"info","message":"JWT token generated","service":"user-service"}
{"level":"info","message":"POST /api/auth/login","service":"user-service"}
{"email":"admin@admin.com","level":"info","message":"Login endpoint hit","service":"user-service"}
{"email":"admin@admin.com","level":"info","message":"Password matches","service":"user-service"}
{"email":"admin@admin.com","level":"info","message":"JWT token generated","service":"user-service"}
{"level":"info","message":"POST /api/auth/login","service":"user-service"}
{"email":"admin@admin.com","level":"info","message":"Login endpoint hit","service":"user-service"}
{"email":"admin@admin.com","level":"info","message":"Password matches","service":"user-service"}
{"email":"admin@admin.com","level":"info","message":"JWT token generated","service":"user-service"}
{"level":"info","message":"POST /api/auth/login","service":"user-service"}
{"email":"admin@admin.com","level":"info","message":"Login endpoint hit","service":"user-service"}
{"email":"admin@admin.com","level":"info","message":"Password matches","service":"user-service"}
{"email":"admin@admin.com","level":"info","message":"JWT token generated","service":"user-service"}
{"level":"info","message":"POST /api/auth/login","service":"user-service"}
{"email":"admin@admin.com","level":"info","message":"Login endpoint hit","service":"user-service"}
{"email":"admin@admin.com","level":"info","message":"Password matches","service":"user-service"}
{"email":"admin@admin.com","level":"info","message":"JWT token generated","service":"user-service"}
{"level":"info","message":"POST /api/auth/login","service":"user-service"}
{"email":"admin@admin.com","level":"info","message":"Login endpoint hit","service":"user-service"}
{"email":"admin@admin.com","level":"info","message":"Password matches","service":"user-service"}
{"email":"admin@admin.com","level":"info","message":"JWT token generated","service":"user-service"}
{"level":"info","message":"POST /api/auth/login","service":"user-service"}
{"email":"admin@admin.com","level":"info","message":"Login endpoint hit","service":"user-service"}
{"email":"admin@admin.com","level":"info","message":"Password matches","service":"user-service"}
{"email":"admin@admin.com","level":"info","message":"JWT token generated","service":"user-service"}
{"level":"info","message":"POST /api/auth/login","service":"user-service"}
{"email":"admin@admin.com","level":"info","message":"Login endpoint hit","service":"user-service"}
{"email":"admin@admin.com","level":"info","message":"Password matches","service":"user-service"}
{"email":"admin@admin.com","level":"info","message":"JWT token generated","service":"user-service"}
{"level":"info","message":"POST /api/auth/login","service":"user-service"}
{"email":"admin@admin.com","level":"info","message":"Login endpoint hit","service":"user-service"}
{"email":"admin@admin.com","level":"info","message":"Password matches","service":"user-service"}
{"email":"admin@admin.com","level":"info","message":"JWT token generated","service":"user-service"}
{"level":"info","message":"POST /api/auth/login","service":"user-service"}
{"email":"admin@admin.com","level":"info","message":"Login endpoint hit","service":"user-service"}
{"email":"admin@admin.com","level":"info","message":"Password matches","service":"user-service"}
{"email":"admin@admin.com","level":"info","message":"JWT token generated","service":"user-service"}
{"level":"info","message":"POST /api/auth/login","service":"user-service"}
{"email":"admin@admin.com","level":"info","message":"Login endpoint hit","service":"user-service"}
{"email":"admin@admin.com","level":"info","message":"Password matches","service":"user-service"}
{"email":"admin@admin.com","level":"info","message":"JWT token generated","service":"user-service"}
{"level":"info","message":"POST /api/auth/login","service":"user-service"}
{"email":"admin@admin.com","level":"info","message":"Login endpoint hit","service":"user-service"}
{"email":"admin@admin.com","level":"info","message":"Password matches","service":"user-service"}
{"email":"admin@admin.com","level":"info","message":"JWT token generated","service":"user-service"}
{"level":"info","message":"POST /api/auth/login","service":"user-service"}
{"email":"admin@admin.com","level":"info","message":"Login endpoint hit","service":"user-service"}
{"email":"admin@admin.com","level":"info","message":"Password matches","service":"user-service"}
{"email":"admin@admin.com","level":"info","message":"JWT token generated","service":"user-service"}
{"level":"info","message":"POST /api/auth/login","service":"user-service"}
{"email":"admin@admin.com","level":"info","message":"Login endpoint hit","service":"user-service"}
{"email":"admin@admin.com","level":"info","message":"Password matches","service":"user-service"}
{"email":"admin@admin.com","level":"info","message":"JWT token generated","service":"user-service"}
{"level":"info","message":"POST /api/auth/login","service":"user-service"}
{"email":"admin@admin.com","level":"info","message":"Login endpoint hit","service":"user-service"}
{"email":"admin@admin.com","level":"info","message":"Password matches","service":"user-service"}
{"email":"admin@admin.com","level":"info","message":"JWT token generated","service":"user-service"}
{"level":"info","message":"POST /api/auth/login","service":"user-service"}
{"email":"admin@admin.com","level":"info","message":"Login endpoint hit","service":"user-service"}
{"email":"admin@admin.com","level":"info","message":"Password matches","service":"user-service"}
{"email":"admin@admin.com","level":"info","message":"JWT token generated","service":"user-service"}
{"level":"info","message":"POST /api/auth/login","service":"user-service"}
{"email":"admin@admin.com","level":"info","message":"Login endpoint hit","service":"user-service"}
{"email":"admin@admin.com","level":"info","message":"Password matches","service":"user-service"}
{"email":"admin@admin.com","level":"info","message":"JWT token generated","service":"user-service"}
{"level":"info","message":"POST /api/auth/login","service":"user-service"}
{"email":"admin@admin.com","level":"info","message":"Login endpoint hit","service":"user-service"}
{"email":"admin@admin.com","level":"info","message":"Password matches","service":"user-service"}
{"email":"admin@admin.com","level":"info","message":"JWT token generated","service":"user-service"}
{"level":"info","message":"POST /api/auth/login","service":"user-service"}
{"email":"admin@admin.com","level":"info","message":"Login endpoint hit","service":"user-service"}
{"email":"admin@admin.com","level":"info","message":"Password matches","service":"user-service"}
{"email":"admin@admin.com","level":"info","message":"JWT token generated","service":"user-service"}
{"level":"info","message":"POST /api/auth/login","service":"user-service"}
{"email":"admin@admin.com","level":"info","message":"Login endpoint hit","service":"user-service"}
{"email":"admin@admin.com","level":"info","message":"Password matches","service":"user-service"}
{"email":"admin@admin.com","level":"info","message":"JWT token generated","service":"user-service"}
{"level":"info","message":"POST /api/auth/login","service":"user-service"}
{"email":"admin@admin.com","level":"info","message":"Login endpoint hit","service":"user-service"}
{"email":"admin@admin.com","level":"info","message":"Password matches","service":"user-service"}
{"email":"admin@admin.com","level":"info","message":"JWT token generated","service":"user-service"}
{"level":"info","message":"POST /api/auth/login","service":"user-service"}
{"email":"admin@admin.com","level":"info","message":"Login endpoint hit","service":"user-service"}
{"email":"admin@admin.com","level":"info","message":"Password matches","service":"user-service"}
{"email":"admin@admin.com","level":"info","message":"JWT token generated","service":"user-service"}
{"level":"info","message":"POST /api/auth/login","service":"user-service"}
{"email":"admin@admin.com","level":"info","message":"Login endpoint hit","service":"user-service"}
{"email":"admin@admin.com","level":"info","message":"Password matches","service":"user-service"}
{"email":"admin@admin.com","level":"info","message":"JWT token generated","service":"user-service"}
{"level":"info","message":"POST /api/auth/login","service":"user-service"}
{"email":"admin@admin.com","level":"info","message":"Login endpoint hit","service":"user-service"}
{"email":"admin@admin.com","level":"info","message":"Password matches","service":"user-service"}
{"email":"admin@admin.com","level":"info","message":"JWT token generated","service":"user-service"}
{"level":"info","message":"Hello world","service":"user-service"}
{"level":"error","message":"Error message","service":"user-service"}
{"level":"info","message":"Server is running on port 5001","service":"user-service"}
{"level":"info","message":"POST /api/auth/login","service":"user-service"}
{"email":"admin@admin.com","level":"info","message":"Login endpoint hit","service":"user-service"}
{"email":"admin@admin.com","level":"info","message":"Password matches","service":"user-service"}
{"email":"admin@admin.com","level":"info","message":"JWT token generated","service":"user-service","token":"eyJhbGciOiJIUzI1NiIsInR5cCI6IkpXVCJ9.eyJlbWFpbCI6ImFkbWluQGFkbWluLmNvbSIsImlkIjoiNjU0ZTg5MWNkYWM5YmVjNjZkZTRjZjgzIiwiaWF0IjoxNjk5NjQ3MDkxLCJleHAiOjE2OTk2NTA2OTF9.VhJDOTZSF7OAVvh86LoJr_hQzGamZGiR1TcMI2QLMZc"}
{"level":"info","message":"Hello world","service":"user-service"}
{"level":"error","message":"Error message","service":"user-service"}
{"level":"info","message":"Server is running on port 5001","service":"user-service"}
{"level":"info","message":"POST /api/auth/login","service":"user-service"}
{"email":"admin@admin.com","level":"info","message":"Login endpoint hit","service":"user-service"}
{"email":"admin@admin.com","level":"info","message":"Password matches","service":"user-service"}
{"email":"admin@admin.com","level":"info","message":"JWT token generated","service":"user-service","token":"eyJhbGciOiJIUzI1NiIsInR5cCI6IkpXVCJ9.eyJlbWFpbCI6ImFkbWluQGFkbWluLmNvbSIsImlkIjoiNjU0ZTg5MWNkYWM5YmVjNjZkZTRjZjgzIiwiaWF0IjoxNjk5NjQ3MzI0LCJleHAiOjE2OTk2NTA5MjR9.zG51HxaDc7FJ7i7DWJb1xqEMxhwWJqDTtWNGY2SLapQ"}
{"level":"info","message":"PATCH /api/user/654d5f12de3f586e7007335f/role","service":"user-service"}
{"level":"info","message":"GET /api/courses","service":"user-service"}
{"level":"info","message":"GET /api/courses","service":"user-service"}
{"level":"info","message":"GET /api/courses","service":"user-service"}
{"level":"info","message":"GET /api/courses","service":"user-service"}
{"level":"info","message":"GET /api/courses","service":"user-service"}
{"level":"info","message":"GET /api/courses","service":"user-service"}
{"level":"info","message":"POST /api/auth/login","service":"user-service"}
{"email":"admin@admin.com","level":"info","message":"Login endpoint hit","service":"user-service"}
{"email":"admin@admin.com","level":"info","message":"Password matches","service":"user-service"}
{"email":"admin@admin.com","level":"info","message":"JWT token generated","service":"user-service","token":"eyJhbGciOiJIUzI1NiIsInR5cCI6IkpXVCJ9.eyJlbWFpbCI6ImFkbWluQGFkbWluLmNvbSIsImlkIjoiNjU0ZTg5MWNkYWM5YmVjNjZkZTRjZjgzIiwiaWF0IjoxNjk5NjUwODYwLCJleHAiOjE2OTk2NTQ0NjB9.uRImew3m4Y1_Xwx7wXA0CFbq-9DBoIDXSCpiOWOop1c"}
{"level":"info","message":"GET /api/courses","service":"user-service"}
{"level":"info","message":"GET /api/courses","service":"user-service"}
{"level":"info","message":"GET /api/courses","service":"user-service"}
{"level":"info","message":"GET /api/courses","service":"user-service"}
{"level":"info","message":"GET /api/courses","service":"user-service"}
{"level":"info","message":"POST /api/auth/login","service":"user-service"}
{"email":"admin@admin.com","level":"info","message":"Login endpoint hit","service":"user-service"}
{"email":"admin@admin.com","level":"info","message":"Password matches","service":"user-service"}
{"email":"admin@admin.com","level":"info","message":"JWT token generated","service":"user-service","token":"eyJhbGciOiJIUzI1NiIsInR5cCI6IkpXVCJ9.eyJlbWFpbCI6ImFkbWluQGFkbWluLmNvbSIsImlkIjoiNjU0ZTg5MWNkYWM5YmVjNjZkZTRjZjgzIiwiaWF0IjoxNjk5NjUxMDczLCJleHAiOjE2OTk2NTQ2NzN9.7mz86Q8nTik_CvZ78YlzcPHoRwTH0ywIowmxGPbSM9U"}
{"level":"info","message":"GET /api/courses","service":"user-service"}
{"level":"info","message":"GET /api/courses","service":"user-service"}
{"level":"info","message":"GET /api/courses","service":"user-service"}
{"level":"info","message":"Hello world","service":"user-service"}
{"level":"error","message":"Error message","service":"user-service"}
{"level":"info","message":"Server is running on port 5001","service":"user-service"}
{"level":"info","message":"GET /api/courses","service":"user-service"}
{"level":"info","message":"GET /api/courses","service":"user-service"}
{"level":"info","message":"POST /api/auth/login","service":"user-service"}
{"email":"admin@admin.com","level":"info","message":"Login endpoint hit","service":"user-service"}
{"email":"admin@admin.com","level":"info","message":"Password matches","service":"user-service"}
{"email":"admin@admin.com","level":"info","message":"JWT token generated","service":"user-service","token":"eyJhbGciOiJIUzI1NiIsInR5cCI6IkpXVCJ9.eyJlbWFpbCI6ImFkbWluQGFkbWluLmNvbSIsImlkIjoiNjU0ZTg5MWNkYWM5YmVjNjZkZTRjZjgzIiwicm9sZSI6ImFkbWluIiwiaWF0IjoxNjk5NjUxNDA5LCJleHAiOjE2OTk2NTUwMDl9.reLj9yRuC9SNU1v-3GywYeJ7FvQjSvuZi9_HRI-1RBU"}
{"level":"info","message":"GET /api/courses","service":"user-service"}
{"level":"info","message":"GET /api/courses","service":"user-service"}
{"level":"info","message":"POST /api/courses","service":"user-service"}
{"level":"info","message":"POST /api/auth/login","service":"user-service"}
{"email":"mayzhangyq@hotmail.com","level":"info","message":"Login endpoint hit","service":"user-service"}
{"email":"mayzhangyq@hotmail.com","level":"info","message":"Password matches","service":"user-service"}
{"email":"mayzhangyq@hotmail.com","level":"info","message":"JWT token generated","service":"user-service","token":"eyJhbGciOiJIUzI1NiIsInR5cCI6IkpXVCJ9.eyJlbWFpbCI6Im1heXpoYW5neXFAaG90bWFpbC5jb20iLCJpZCI6IjY1NGQ1ZjYxZGUzZjU4NmU3MDA3MzM2MyIsInJvbGUiOiJzdHVkZW50IiwiaWF0IjoxNjk5NjUxNDY5LCJleHAiOjE2OTk2NTUwNjl9.LbnKL7I9Px11AqALMcLX2V2lqCYXxt_mpvMHiEmM69w"}
{"level":"info","message":"GET /api/courses","service":"user-service"}
{"level":"info","message":"GET /api/courses","service":"user-service"}
{"level":"info","message":"GET /api/courses","service":"user-service"}
{"level":"info","message":"GET /api/courses","service":"user-service"}
{"level":"info","message":"GET /api/courses","service":"user-service"}
{"level":"info","message":"POST /api/auth/login","service":"user-service"}
{"email":"admin@admin.com","level":"info","message":"Login endpoint hit","service":"user-service"}
{"email":"admin@admin.com","level":"info","message":"Password matches","service":"user-service"}
{"email":"admin@admin.com","level":"info","message":"JWT token generated","service":"user-service","token":"eyJhbGciOiJIUzI1NiIsInR5cCI6IkpXVCJ9.eyJlbWFpbCI6ImFkbWluQGFkbWluLmNvbSIsImlkIjoiNjU0ZTg5MWNkYWM5YmVjNjZkZTRjZjgzIiwicm9sZSI6ImFkbWluIiwiaWF0IjoxNjk5NjUyMDc2LCJleHAiOjE2OTk2NTU2NzZ9.KCyNjItGK8RJUfhlxIt6rfzI7b70DlgCjx9jmqbvdKc"}
{"level":"info","message":"GET /api/courses","service":"user-service"}
{"level":"info","message":"GET /api/courses","service":"user-service"}
{"level":"info","message":"GET /api/courses","service":"user-service"}
{"level":"info","message":"GET /api/courses","service":"user-service"}
{"level":"info","message":"GET /api/courses","service":"user-service"}
{"level":"info","message":"GET /api/courses","service":"user-service"}
{"level":"info","message":"GET /api/courses","service":"user-service"}
{"level":"info","message":"GET /api/courses","service":"user-service"}
{"level":"info","message":"GET /api/courses","service":"user-service"}
{"level":"info","message":"PATCH /api/courses/654dbac62ed776a4d7aac47f","service":"user-service"}
{"level":"info","message":"DELETE /api/courses/654dbac62ed776a4d7aac47f","service":"user-service"}
{"level":"info","message":"DELETE /api/courses/654e9f5f6b9d0d94a8f82730","service":"user-service"}
{"level":"info","message":"GET /api/modules/course/654dc1b2f4832491bace6032","service":"user-service"}
{"level":"info","message":"GET /api/modules/course/654dc1b2f4832491bace6032","service":"user-service"}
{"level":"info","message":"GET /api/modules/course/654dc1b2f4832491bace6032","service":"user-service"}
{"level":"info","message":"GET /api/modules/course/654dc1b2f4832491bace6032","service":"user-service"}
{"level":"info","message":"POST /api/modules","service":"user-service"}
{"level":"info","message":"DELETE /api/modules/654ea3bd6b9d0d94a8f8274c","service":"user-service"}
{"level":"info","message":"GET /api/courses","service":"user-service"}
{"level":"info","message":"GET /api/courses","service":"user-service"}
{"level":"info","message":"GET /api/courses","service":"user-service"}
{"level":"info","message":"GET /api/courses","service":"user-service"}
{"level":"info","message":"GET /api/modules/course/654dc1b2f4832491bace6032","service":"user-service"}
{"level":"info","message":"GET /api/modules/course/654dc1b2f4832491bace6032","service":"user-service"}
{"level":"info","message":"GET /api/modules/course/654dc1b2f4832491bace6032","service":"user-service"}
{"level":"info","message":"GET /api/modules/course/654dc1b2f4832491bace6032","service":"user-service"}
{"level":"info","message":"GET /api/courses","service":"user-service"}
{"level":"info","message":"GET /api/courses","service":"user-service"}
{"level":"info","message":"Hello world","service":"user-service"}
{"level":"error","message":"Error message","service":"user-service"}
{"level":"info","message":"Server is running on port 5001","service":"user-service"}
{"level":"info","message":"GET /api/courses","service":"user-service"}
{"level":"info","message":"GET /api/courses","service":"user-service"}
{"level":"info","message":"GET /api/modules/course/654dc1b2f4832491bace6032","service":"user-service"}
{"level":"info","message":"GET /api/modules/course/654dc1b2f4832491bace6032","service":"user-service"}
{"level":"info","message":"GET /api/modules/course/654dc1b2f4832491bace6032","service":"user-service"}
{"level":"info","message":"GET /api/modules/course/654dc1b2f4832491bace6032","service":"user-service"}
{"level":"info","message":"GET /api/courses","service":"user-service"}
{"level":"info","message":"GET /api/courses","service":"user-service"}
{"level":"info","message":"GET /api/courses","service":"user-service"}
{"level":"info","message":"GET /api/courses","service":"user-service"}
{"level":"info","message":"GET /api/courses","service":"user-service"}
{"level":"info","message":"GET /api/courses","service":"user-service"}
{"level":"info","message":"POST /api/auth/login","service":"user-service"}
{"email":"paipaizhang@example.com","level":"info","message":"Login endpoint hit","service":"user-service"}
{"email":"paipaizhang@example.com","level":"info","message":"Password matches","service":"user-service"}
{"email":"paipaizhang@example.com","level":"info","message":"JWT token generated","service":"user-service","token":"eyJhbGciOiJIUzI1NiIsInR5cCI6IkpXVCJ9.eyJlbWFpbCI6InBhaXBhaXpoYW5nQGV4YW1wbGUuY29tIiwiaWQiOiI2NTRkNThiZGY5M2I4Y2RhNWRmODNhNjEiLCJyb2xlIjoic3R1ZGVudCIsImlhdCI6MTY5OTczNTI2MiwiZXhwIjoxNjk5NzM4ODYyfQ.mEy9U7tiVJChu2q8wyqNVDFcnf504Hrn4h6TROymETg"}
{"level":"info","message":"GET /api/courses","service":"user-service"}
{"level":"info","message":"GET /api/courses","service":"user-service"}
{"level":"info","message":"GET /api/modules/course/654dc1b2f4832491bace6032","service":"user-service"}
{"level":"info","message":"GET /api/modules/course/654dc1b2f4832491bace6032","service":"user-service"}
{"level":"info","message":"GET /api/modules/course/654dc1b2f4832491bace6032","service":"user-service"}
{"level":"info","message":"GET /api/modules/course/654dc1b2f4832491bace6032","service":"user-service"}
{"level":"info","message":"DELETE /api/modules/654de26e31d9c2df2d0aa1dc","service":"user-service"}
{"level":"info","message":"Hello world","service":"user-service"}
{"level":"error","message":"Error message","service":"user-service"}
{"level":"info","message":"Server is running on port 5001","service":"user-service"}
{"level":"info","message":"GET /api/modules/course/654dc1b2f4832491bace6032","service":"user-service"}
{"level":"info","message":"GET /api/modules/course/654dc1b2f4832491bace6032","service":"user-service"}
{"level":"info","message":"GET /api/courses","service":"user-service"}
{"level":"info","message":"GET /api/courses","service":"user-service"}
{"level":"info","message":"GET /api/modules/course/654dc1b2f4832491bace6032","service":"user-service"}
{"level":"info","message":"GET /api/modules/course/654dc1b2f4832491bace6032","service":"user-service"}
{"level":"info","message":"POST /api/auth/login","service":"user-service"}
{"email":"admin@admin","level":"info","message":"Login endpoint hit","service":"user-service"}
{"email":"admin@admin","level":"error","message":"User not found","service":"user-service"}
{"level":"info","message":"POST /api/auth/login","service":"user-service"}
{"email":"admin@admin.com","level":"info","message":"Login endpoint hit","service":"user-service"}
{"email":"admin@admin.com","level":"info","message":"Password matches","service":"user-service"}
{"email":"admin@admin.com","level":"info","message":"JWT token generated","service":"user-service","token":"eyJhbGciOiJIUzI1NiIsInR5cCI6IkpXVCJ9.eyJlbWFpbCI6ImFkbWluQGFkbWluLmNvbSIsImlkIjoiNjU0ZTg5MWNkYWM5YmVjNjZkZTRjZjgzIiwicm9sZSI6ImFkbWluIiwiaWF0IjoxNjk5ODE4NDEzLCJleHAiOjE2OTk4MjIwMTN9.pqRV7iwwuH1zmkkf-1rfO5rJFzk_aJB5U6oUp6WBXVM"}
{"level":"info","message":"GET /api/courses","service":"user-service"}
{"level":"info","message":"GET /api/courses","service":"user-service"}
{"level":"info","message":"GET /api/modules/course/654dc1b2f4832491bace6032","service":"user-service"}
{"level":"info","message":"GET /api/modules/course/654dc1b2f4832491bace6032","service":"user-service"}
{"level":"info","message":"GET /api/courses","service":"user-service"}
{"level":"info","message":"GET /api/courses","service":"user-service"}
{"level":"info","message":"GET /api/modules/course/654dc1b2f4832491bace6032","service":"user-service"}
{"level":"info","message":"GET /api/modules/course/654dc1b2f4832491bace6032","service":"user-service"}
{"level":"info","message":"GET /api/courses","service":"user-service"}
{"level":"info","message":"GET /api/courses","service":"user-service"}
{"level":"info","message":"GET /api/courses","service":"user-service"}
{"level":"info","message":"GET /api/courses","service":"user-service"}
{"level":"info","message":"GET /api/modules/course/654dc1b2f4832491bace6032","service":"user-service"}
{"level":"info","message":"GET /api/modules/course/654dc1b2f4832491bace6032","service":"user-service"}
{"level":"info","message":"GET /api/modules/course/654dc1b2f4832491bace6032","service":"user-service"}
{"level":"info","message":"GET /api/modules/course/654dc1b2f4832491bace6032","service":"user-service"}
{"level":"info","message":"POST /api/modules","service":"user-service"}
{"level":"info","message":"POST /api/auth/login","service":"user-service"}
{"email":"paipaizhang@paipaizhang.com","level":"info","message":"Login endpoint hit","service":"user-service"}
{"email":"paipaizhang@paipaizhang.com","level":"error","message":"User not found","service":"user-service"}
{"level":"info","message":"POST /api/auth/login","service":"user-service"}
{"email":"apple@example.com","level":"info","message":"Login endpoint hit","service":"user-service"}
{"email":"apple@example.com","level":"info","message":"Password matches","service":"user-service"}
{"email":"apple@example.com","level":"info","message":"JWT token generated","service":"user-service","token":"eyJhbGciOiJIUzI1NiIsInR5cCI6IkpXVCJ9.eyJlbWFpbCI6ImFwcGxlQGV4YW1wbGUuY29tIiwiaWQiOiI2NTRkNTI1MjQwMTE2YWI5MDViODk1NWQiLCJyb2xlIjoic3R1ZGVudCIsImlhdCI6MTY5OTgxODU0NywiZXhwIjoxNjk5ODIyMTQ3fQ.JzGquVwKxaO_Y5tj8YsxBPvy3EBK00AknUbbS_Vx3lw"}
{"level":"info","message":"GET /api/courses","service":"user-service"}
{"level":"info","message":"GET /api/courses","service":"user-service"}
{"level":"info","message":"GET /api/modules/course/654dc1b2f4832491bace6032","service":"user-service"}
{"level":"info","message":"GET /api/modules/course/654dc1b2f4832491bace6032","service":"user-service"}
{"level":"info","message":"GET /api/modules/course/654dc1b2f4832491bace6032","service":"user-service"}
{"level":"info","message":"GET /api/modules/course/654dc1b2f4832491bace6032","service":"user-service"}
{"level":"info","message":"POST /api/modules","service":"user-service"}
{"level":"info","message":"GET /api/modules/course/654dc1b2f4832491bace6032","service":"user-service"}
{"level":"info","message":"GET /api/modules/course/654dc1b2f4832491bace6032","service":"user-service"}
{"level":"info","message":"GET /api/modules/course/654dc1b2f4832491bace6032","service":"user-service"}
{"level":"info","message":"GET /api/modules/course/654dc1b2f4832491bace6032","service":"user-service"}
{"level":"info","message":"GET /api/modules/course/654dc1b2f4832491bace6032","service":"user-service"}
{"level":"info","message":"GET /api/modules/course/654dc1b2f4832491bace6032","service":"user-service"}
{"level":"info","message":"GET /api/modules/course/654dc1b2f4832491bace6032","service":"user-service"}
{"level":"info","message":"GET /api/modules/course/654dc1b2f4832491bace6032","service":"user-service"}
{"level":"info","message":"GET /api/modules/course/654dc1b2f4832491bace6032","service":"user-service"}
{"level":"info","message":"GET /api/modules/course/654dc1b2f4832491bace6032","service":"user-service"}
{"level":"info","message":"DELETE /api/modules/65512bf405d6f8df21589a35","service":"user-service"}
{"level":"info","message":"GET /api/courses","service":"user-service"}
{"level":"info","message":"GET /api/courses","service":"user-service"}
{"level":"info","message":"GET /api/modules/course/654dc1b2f4832491bace6032","service":"user-service"}
{"level":"info","message":"GET /api/modules/course/654dc1b2f4832491bace6032","service":"user-service"}
{"level":"info","message":"GET /api/modules/course/654dc1b2f4832491bace6032","service":"user-service"}
{"level":"info","message":"GET /api/modules/course/654dc1b2f4832491bace6032","service":"user-service"}
{"level":"info","message":"POST /api/auth/login","service":"user-service"}
{"email":"admin@admin.com","level":"info","message":"Login endpoint hit","service":"user-service"}
{"email":"admin@admin.com","level":"info","message":"Password matches","service":"user-service"}
{"email":"admin@admin.com","level":"info","message":"JWT token generated","service":"user-service","token":"eyJhbGciOiJIUzI1NiIsInR5cCI6IkpXVCJ9.eyJlbWFpbCI6ImFkbWluQGFkbWluLmNvbSIsImlkIjoiNjU0ZTg5MWNkYWM5YmVjNjZkZTRjZjgzIiwicm9sZSI6ImFkbWluIiwiaWF0IjoxNjk5ODE4Nzc3LCJleHAiOjE2OTk4MjIzNzd9.kWPkIho9Wl3rxzsv_SUWuAQqrR60UCk8Dd2lpgGaJzg"}
{"level":"info","message":"GET /api/courses","service":"user-service"}
{"level":"info","message":"GET /api/courses","service":"user-service"}
{"level":"info","message":"GET /api/modules/course/654dc1b2f4832491bace6032","service":"user-service"}
{"level":"info","message":"GET /api/modules/course/654dc1b2f4832491bace6032","service":"user-service"}
{"level":"info","message":"GET /api/modules/course/654dc1b2f4832491bace6032","service":"user-service"}
{"level":"info","message":"GET /api/modules/course/654dc1b2f4832491bace6032","service":"user-service"}
{"level":"info","message":"GET /api/modules/course/654dc1b2f4832491bace6032","service":"user-service"}
{"level":"info","message":"GET /api/modules/course/654dc1b2f4832491bace6032","service":"user-service"}
{"level":"info","message":"GET /api/modules/course/654dc1b2f4832491bace6032","service":"user-service"}
{"level":"info","message":"GET /api/modules/course/654dc1b2f4832491bace6032","service":"user-service"}
{"level":"info","message":"GET /api/modules/course/654dc1b2f4832491bace6032","service":"user-service"}
{"level":"info","message":"GET /api/modules/course/654dc1b2f4832491bace6032","service":"user-service"}
{"level":"info","message":"GET /api/modules/course/654dc1b2f4832491bace6032","service":"user-service"}
{"level":"info","message":"GET /api/modules/course/654dc1b2f4832491bace6032","service":"user-service"}
{"level":"info","message":"GET /api/modules/course/654dc1b2f4832491bace6032","service":"user-service"}
{"level":"info","message":"GET /api/modules/course/654dc1b2f4832491bace6032","service":"user-service"}
{"level":"info","message":"GET /api/modules/course/654dc1b2f4832491bace6032","service":"user-service"}
{"level":"info","message":"GET /api/modules/course/654dc1b2f4832491bace6032","service":"user-service"}
{"level":"info","message":"GET /api/modules/course/654dc1b2f4832491bace6032","service":"user-service"}
{"level":"info","message":"GET /api/modules/course/654dc1b2f4832491bace6032","service":"user-service"}
{"level":"info","message":"GET /api/modules/course/654dc1b2f4832491bace6032","service":"user-service"}
{"level":"info","message":"GET /api/modules/course/654dc1b2f4832491bace6032","service":"user-service"}
{"level":"info","message":"GET /api/modules/course/654dc1b2f4832491bace6032","service":"user-service"}
{"level":"info","message":"GET /api/modules/course/654dc1b2f4832491bace6032","service":"user-service"}
{"level":"info","message":"GET /api/modules/course/654dc1b2f4832491bace6032","service":"user-service"}
{"level":"info","message":"GET /api/modules/course/654dc1b2f4832491bace6032","service":"user-service"}
{"level":"info","message":"GET /api/modules/course/654dc1b2f4832491bace6032","service":"user-service"}
{"level":"info","message":"GET /api/modules/course/654dc1b2f4832491bace6032","service":"user-service"}
{"level":"info","message":"GET /api/modules/course/654dc1b2f4832491bace6032","service":"user-service"}
{"level":"info","message":"GET /api/modules/course/654dc1b2f4832491bace6032","service":"user-service"}
{"level":"info","message":"GET /api/modules/course/654dc1b2f4832491bace6032","service":"user-service"}
{"level":"info","message":"GET /api/modules/course/654dc1b2f4832491bace6032","service":"user-service"}
{"level":"info","message":"GET /api/modules/course/654dc1b2f4832491bace6032","service":"user-service"}
{"level":"info","message":"GET /api/modules/course/654dc1b2f4832491bace6032","service":"user-service"}
{"level":"info","message":"GET /api/modules/course/654dc1b2f4832491bace6032","service":"user-service"}
{"level":"info","message":"GET /api/modules/course/654dc1b2f4832491bace6032","service":"user-service"}
{"level":"info","message":"GET /api/modules/course/654dc1b2f4832491bace6032","service":"user-service"}
{"level":"info","message":"GET /api/modules/course/654dc1b2f4832491bace6032","service":"user-service"}
{"level":"info","message":"GET /api/modules/course/654dc1b2f4832491bace6032","service":"user-service"}
{"level":"info","message":"POST /api/auth/login","service":"user-service"}
{"email":"admin@admin.com","level":"info","message":"Login endpoint hit","service":"user-service"}
{"email":"admin@admin.com","level":"info","message":"Password matches","service":"user-service"}
{"email":"admin@admin.com","level":"info","message":"JWT token generated","service":"user-service","token":"eyJhbGciOiJIUzI1NiIsInR5cCI6IkpXVCJ9.eyJlbWFpbCI6ImFkbWluQGFkbWluLmNvbSIsImlkIjoiNjU0ZTg5MWNkYWM5YmVjNjZkZTRjZjgzIiwicm9sZSI6ImFkbWluIiwiaWF0IjoxNjk5ODI1NzIxLCJleHAiOjE2OTk4MjkzMjF9.cQ80HNJM3B0O5mkqARJbFR0-yKmgwMi_-LL3yyTX-EU"}
{"level":"info","message":"GET /api/courses","service":"user-service"}
{"level":"info","message":"GET /api/courses","service":"user-service"}
{"level":"info","message":"GET /api/modules/course/654dc1b2f4832491bace6032","service":"user-service"}
{"level":"info","message":"GET /api/modules/course/654dc1b2f4832491bace6032","service":"user-service"}
{"level":"info","message":"GET /api/modules/course/654dc1b2f4832491bace6032","service":"user-service"}
{"level":"info","message":"GET /api/modules/course/654dc1b2f4832491bace6032","service":"user-service"}
{"level":"info","message":"GET /api/modules/course/654dc1b2f4832491bace6032","service":"user-service"}
{"level":"info","message":"GET /api/modules/course/654dc1b2f4832491bace6032","service":"user-service"}
{"level":"info","message":"GET /api/modules/course/654dc1b2f4832491bace6032","service":"user-service"}
{"level":"info","message":"GET /api/modules/course/654dc1b2f4832491bace6032","service":"user-service"}
{"level":"info","message":"GET /api/modules/course/654dc1b2f4832491bace6032","service":"user-service"}
{"level":"info","message":"GET /api/modules/course/654dc1b2f4832491bace6032","service":"user-service"}
{"level":"info","message":"GET /api/modules/course/654dc1b2f4832491bace6032","service":"user-service"}
{"level":"info","message":"GET /api/modules/course/654dc1b2f4832491bace6032","service":"user-service"}
{"level":"info","message":"POST /api/modules","service":"user-service"}
{"level":"info","message":"DELETE /api/modules/6551499905d6f8df21589a89","service":"user-service"}
{"level":"info","message":"POST /api/auth/login","service":"user-service"}
{"email":"apple@example.com","level":"info","message":"Login endpoint hit","service":"user-service"}
{"email":"apple@example.com","level":"info","message":"Password matches","service":"user-service"}
{"email":"apple@example.com","level":"info","message":"JWT token generated","service":"user-service","token":"eyJhbGciOiJIUzI1NiIsInR5cCI6IkpXVCJ9.eyJlbWFpbCI6ImFwcGxlQGV4YW1wbGUuY29tIiwiaWQiOiI2NTRkNTI1MjQwMTE2YWI5MDViODk1NWQiLCJyb2xlIjoic3R1ZGVudCIsImlhdCI6MTY5OTgyNjA5MCwiZXhwIjoxNjk5ODI5NjkwfQ.TSapw6kd1uq7qv32XYVIUBUQSUk2rhYT2im_L_R3N_A"}
{"level":"info","message":"GET /api/courses","service":"user-service"}
{"level":"info","message":"GET /api/courses","service":"user-service"}
{"level":"info","message":"GET /api/modules/course/654dc1b2f4832491bace6032","service":"user-service"}
{"level":"info","message":"GET /api/modules/course/654dc1b2f4832491bace6032","service":"user-service"}
{"level":"info","message":"GET /api/modules/course/654dc1b2f4832491bace6032","service":"user-service"}
{"level":"info","message":"GET /api/modules/course/654dc1b2f4832491bace6032","service":"user-service"}
{"level":"info","message":"GET /api/courses","service":"user-service"}
{"level":"info","message":"GET /api/courses","service":"user-service"}
{"level":"info","message":"GET /api/modules/course/654dc1b2f4832491bace6032","service":"user-service"}
{"level":"info","message":"GET /api/modules/course/654dc1b2f4832491bace6032","service":"user-service"}
{"level":"info","message":"GET /api/modules/course/654dc1b2f4832491bace6032","service":"user-service"}
{"level":"info","message":"GET /api/modules/course/654dc1b2f4832491bace6032","service":"user-service"}
{"level":"info","message":"GET /api/courses","service":"user-service"}
{"level":"info","message":"GET /api/courses","service":"user-service"}
{"level":"info","message":"GET /api/modules/course/654dc1b2f4832491bace6032","service":"user-service"}
{"level":"info","message":"GET /api/modules/course/654dc1b2f4832491bace6032","service":"user-service"}
{"level":"info","message":"GET /api/modules/course/654dc1b2f4832491bace6032","service":"user-service"}
{"level":"info","message":"GET /api/modules/course/654dc1b2f4832491bace6032","service":"user-service"}
{"level":"info","message":"GET /api/courses","service":"user-service"}
{"level":"info","message":"GET /api/courses","service":"user-service"}
{"level":"info","message":"GET /api/courses","service":"user-service"}
{"level":"info","message":"GET /api/courses","service":"user-service"}
{"level":"info","message":"GET /api/courses","service":"user-service"}
{"level":"info","message":"GET /api/courses","service":"user-service"}
{"level":"info","message":"GET /api/courses","service":"user-service"}
{"level":"info","message":"GET /api/courses","service":"user-service"}
{"level":"info","message":"POST /api/auth/login","service":"user-service"}
{"email":"admin@admin.com","level":"info","message":"Login endpoint hit","service":"user-service"}
{"email":"admin@admin.com","level":"info","message":"Password matches","service":"user-service"}
{"email":"admin@admin.com","level":"info","message":"JWT token generated","service":"user-service","token":"eyJhbGciOiJIUzI1NiIsInR5cCI6IkpXVCJ9.eyJlbWFpbCI6ImFkbWluQGFkbWluLmNvbSIsImlkIjoiNjU0ZTg5MWNkYWM5YmVjNjZkZTRjZjgzIiwicm9sZSI6ImFkbWluIiwiaWF0IjoxNjk5ODYxMzM1LCJleHAiOjE2OTk4NjQ5MzV9.FqmkqC49fbQsesdKMddG8Is0c3yLOql1ntDaFxOhBcM"}
{"level":"info","message":"POST /api/auth/register","service":"user-service"}
{"email":"careerdevsfsv@northeastern.edu","level":"info","message":"Register endpoint hit","password":"123","role":"student","service":"user-service","username":"mayzhangy"}
{"level":"info","message":"GET /api/courses","service":"user-service"}
{"level":"info","message":"GET /api/courses","service":"user-service"}
{"level":"info","message":"GET /api/courses","service":"user-service"}
{"level":"info","message":"GET /api/courses","service":"user-service"}
{"level":"info","message":"GET /api/courses","service":"user-service"}
{"level":"info","message":"GET /api/courses","service":"user-service"}
{"level":"info","message":"GET /api/courses","service":"user-service"}
{"level":"info","message":"GET /api/courses","service":"user-service"}
{"level":"info","message":"Hello world","service":"user-service"}
{"level":"error","message":"Error message","service":"user-service"}
{"level":"info","message":"Server is running on port 5001","service":"user-service"}
{"level":"info","message":"POST /api/auth/login","service":"user-service"}
{"email":"admin@admin.com","level":"info","message":"Login endpoint hit","service":"user-service"}
{"email":"admin@admin.com","error":"Operation `users.findOne()` buffering timed out after 10000ms","level":"error","message":"Login error","service":"user-service"}
{"level":"info","message":"POST /api/auth/login","service":"user-service"}
{"email":"admin@admin.com","level":"info","message":"Login endpoint hit","service":"user-service"}
{"level":"info","message":"GET /api/courses","service":"user-service"}
{"email":"admin@admin.com","error":"Operation `users.findOne()` buffering timed out after 10000ms","level":"error","message":"Login error","service":"user-service"}
{"level":"info","message":"GET /api/courses","service":"user-service"}
{"level":"info","message":"POST /api/courses","service":"user-service"}
{"level":"info","message":"POST /api/courses","service":"user-service"}
{"level":"info","message":"POST /api/courses","service":"user-service"}
{"level":"info","message":"Hello world","service":"user-service"}
{"level":"error","message":"Error message","service":"user-service"}
{"level":"info","message":"Server is running on port 5001","service":"user-service"}
{"level":"info","message":"GET /api/courses","service":"user-service"}
{"level":"info","message":"POST /api/courses","service":"user-service"}
{"level":"info","message":"POST /api/courses","service":"user-service"}
{"level":"info","message":"POST /api/courses","service":"user-service"}
{"level":"info","message":"POST /api/courses","service":"user-service"}
{"level":"info","message":"POST /api/courses","service":"user-service"}
{"level":"info","message":"POST /api/courses","service":"user-service"}
{"level":"info","message":"POST /api/courses","service":"user-service"}
{"level":"info","message":"POST /api/courses","service":"user-service"}
{"level":"info","message":"POST /api/courses","service":"user-service"}
{"level":"info","message":"GET /api/courses","service":"user-service"}
{"level":"info","message":"Hello world","service":"user-service"}
{"level":"error","message":"Error message","service":"user-service"}
{"level":"info","message":"Server is running on port 5001","service":"user-service"}
{"level":"info","message":"GET /api/courses","service":"user-service"}
{"level":"info","message":"GET /api/courses","service":"user-service"}
{"level":"info","message":"GET /api/courses","service":"user-service"}
{"level":"info","message":"GET /api/courses","service":"user-service"}
{"level":"info","message":"GET /api/courses","service":"user-service"}
{"level":"info","message":"POST /api/courses","service":"user-service"}
{"level":"info","message":"POST /api/courses","service":"user-service"}
{"level":"info","message":"POST /api/courses","service":"user-service"}
{"level":"info","message":"POST /api/courses","service":"user-service"}
{"level":"info","message":"GET /api/courses","service":"user-service"}
{"level":"info","message":"GET /api/courses","service":"user-service"}
{"level":"info","message":"GET /api/courses","service":"user-service"}
{"level":"info","message":"Hello world","service":"user-service"}
{"level":"error","message":"Error message","service":"user-service"}
{"level":"info","message":"Server is running on port 5001","service":"user-service"}
{"level":"info","message":"GET /api/courses","service":"user-service"}
{"level":"info","message":"GET /api/courses","service":"user-service"}
{"level":"info","message":"POST /api/auth/register","service":"user-service"}
{"email":"wu.sib@northeastern.edu","level":"info","message":"Register endpoint hit","password":"2222","role":"student","service":"user-service","username":"aaa"}
{"level":"info","message":"POST /api/auth/register","service":"user-service"}
{"email":"wu.sib@northeastern.edu","level":"info","message":"Register endpoint hit","password":"2222","role":"student","service":"user-service","username":"aaa"}
{"level":"info","message":"POST /api/auth/register","service":"user-service"}
{"email":"wu.sib@northeastern.edu","level":"info","message":"Register endpoint hit","password":"2222","role":"student","service":"user-service","username":"aaa"}
{"level":"info","message":"POST /api/auth/register","service":"user-service"}
{"email":"wu.sib@northeastern.edu","level":"info","message":"Register endpoint hit","password":"2222","role":"student","service":"user-service","username":"aaa"}
{"level":"info","message":"POST /api/auth/register","service":"user-service"}
{"email":"wu.sib@northeastern.edu","level":"info","message":"Register endpoint hit","password":"2222","role":"student","service":"user-service","username":"aaa"}
{"level":"info","message":"POST /api/auth/register","service":"user-service"}
{"email":"wu.sib@northeastern.edu","level":"info","message":"Register endpoint hit","password":"2222","role":"student","service":"user-service","username":"aaa"}
{"error":"Operation `users.findOne()` buffering timed out after 10000ms","level":"error","message":"Error registering new user","service":"user-service"}
{"level":"info","message":"POST /api/auth/register","service":"user-service"}
{"email":"wu.sib@northeastern.edu","level":"info","message":"Register endpoint hit","password":"2222","role":"student","service":"user-service","username":"aaa"}
{"error":"Operation `users.findOne()` buffering timed out after 10000ms","level":"error","message":"Error registering new user","service":"user-service"}
{"error":"Operation `users.findOne()` buffering timed out after 10000ms","level":"error","message":"Error registering new user","service":"user-service"}
{"error":"Operation `users.findOne()` buffering timed out after 10000ms","level":"error","message":"Error registering new user","service":"user-service"}
{"error":"Operation `users.findOne()` buffering timed out after 10000ms","level":"error","message":"Error registering new user","service":"user-service"}
{"error":"Operation `users.findOne()` buffering timed out after 10000ms","level":"error","message":"Error registering new user","service":"user-service"}
{"error":"Operation `users.findOne()` buffering timed out after 10000ms","level":"error","message":"Error registering new user","service":"user-service"}
{"level":"info","message":"Hello world","service":"user-service"}
{"level":"error","message":"Error message","service":"user-service"}
{"level":"info","message":"Server is running on port 5001","service":"user-service"}
{"level":"info","message":"GET /api/courses","service":"user-service"}
{"level":"info","message":"POST /api/courses","service":"user-service"}
{"level":"info","message":"GET /api/courses","service":"user-service"}
{"level":"info","message":"GET /api/courses","service":"user-service"}
{"level":"info","message":"GET /api/courses","service":"user-service"}
{"level":"info","message":"GET /api/courses","service":"user-service"}
{"level":"info","message":"Hello world","service":"user-service"}
{"level":"error","message":"Error message","service":"user-service"}
{"level":"info","message":"Server is running on port 5001","service":"user-service"}
{"level":"info","message":"GET /api/courses","service":"user-service"}
{"level":"info","message":"GET /api/courses","service":"user-service"}
{"level":"info","message":"GET /api/modules/course/654dc1b2f4832491bace6032","service":"user-service"}
{"level":"info","message":"GET /api/modules/course/654dc1b2f4832491bace6032","service":"user-service"}
{"level":"info","message":"GET /api/modules/course/654dc1b2f4832491bace6032","service":"user-service"}
{"level":"info","message":"GET /api/modules/course/654dc1b2f4832491bace6032","service":"user-service"}
{"level":"info","message":"POST /api/auth/login","service":"user-service"}
{"email":"admin@admin.com","level":"info","message":"Login endpoint hit","service":"user-service"}
{"email":"admin@admin.com","level":"info","message":"Password matches","service":"user-service"}
{"email":"admin@admin.com","level":"info","message":"JWT token generated","service":"user-service","token":"eyJhbGciOiJIUzI1NiIsInR5cCI6IkpXVCJ9.eyJlbWFpbCI6ImFkbWluQGFkbWluLmNvbSIsImlkIjoiNjU0ZTg5MWNkYWM5YmVjNjZkZTRjZjgzIiwicm9sZSI6ImFkbWluIiwiaWF0IjoxNzAwMDE5ODY4LCJleHAiOjE3MDAwMjM0Njh9.cFnmRNTksD9R1hPVDaG-YfD16jqkRKXouZP5afntRNQ"}
{"level":"info","message":"GET /api/courses","service":"user-service"}
{"level":"info","message":"GET /api/courses","service":"user-service"}
{"level":"info","message":"GET /api/modules/course/654dc1b2f4832491bace6032","service":"user-service"}
{"level":"info","message":"GET /api/modules/course/654dc1b2f4832491bace6032","service":"user-service"}
{"level":"info","message":"GET /api/modules/course/654dc1b2f4832491bace6032","service":"user-service"}
{"level":"info","message":"GET /api/modules/course/654dc1b2f4832491bace6032","service":"user-service"}
{"level":"info","message":"GET /api/modules/course/654dc1b2f4832491bace6032","service":"user-service"}
{"level":"info","message":"GET /api/modules/course/654dc1b2f4832491bace6032","service":"user-service"}
{"level":"info","message":"GET /api/modules/course/654dc1b2f4832491bace6032","service":"user-service"}
{"level":"info","message":"GET /api/modules/course/654dc1b2f4832491bace6032","service":"user-service"}
{"level":"info","message":"GET /api/modules/course/654dc1b2f4832491bace6032","service":"user-service"}
{"level":"info","message":"GET /api/modules/course/654dc1b2f4832491bace6032","service":"user-service"}
{"level":"info","message":"GET /api/modules/course/654dc1b2f4832491bace6032","service":"user-service"}
{"level":"info","message":"GET /api/modules/course/654dc1b2f4832491bace6032","service":"user-service"}
{"level":"info","message":"GET /api/modules/course/654dc1b2f4832491bace6032","service":"user-service"}
{"level":"info","message":"GET /api/modules/course/654dc1b2f4832491bace6032","service":"user-service"}
{"level":"info","message":"GET /api/modules/course/654dc1b2f4832491bace6032","service":"user-service"}
{"level":"info","message":"GET /api/modules/course/654dc1b2f4832491bace6032","service":"user-service"}
{"level":"info","message":"GET /api/modules/course/654dc1b2f4832491bace6032","service":"user-service"}
{"level":"info","message":"GET /api/modules/course/654dc1b2f4832491bace6032","service":"user-service"}
{"level":"info","message":"GET /api/modules/course/654dc1b2f4832491bace6032","service":"user-service"}
{"level":"info","message":"GET /api/modules/course/654dc1b2f4832491bace6032","service":"user-service"}
{"level":"info","message":"Hello world","service":"user-service"}
{"level":"error","message":"Error message","service":"user-service"}
{"level":"info","message":"Server is running on port 5001","service":"user-service"}
{"level":"info","message":"GET /api/modules/course/654dc1b2f4832491bace6032","service":"user-service"}
{"level":"info","message":"GET /api/modules/course/654dc1b2f4832491bace6032","service":"user-service"}
{"level":"info","message":"GET /api/modules/course/654dc1b2f4832491bace6032","service":"user-service"}
{"level":"info","message":"GET /api/modules/course/654dc1b2f4832491bace6032","service":"user-service"}
{"level":"info","message":"GET /api/modules/course/654dc1b2f4832491bace6032","service":"user-service"}
{"level":"info","message":"GET /api/modules/course/654dc1b2f4832491bace6032","service":"user-service"}
{"level":"info","message":"GET /api/modules/course/654dc1b2f4832491bace6032","service":"user-service"}
{"level":"info","message":"GET /api/modules/course/654dc1b2f4832491bace6032","service":"user-service"}
{"level":"info","message":"GET /api/courses","service":"user-service"}
{"level":"info","message":"GET /api/courses","service":"user-service"}
{"level":"info","message":"GET /api/modules/course/654dc1b2f4832491bace6032","service":"user-service"}
{"level":"info","message":"GET /api/modules/course/654dc1b2f4832491bace6032","service":"user-service"}
{"level":"info","message":"GET /api/modules/course/654dc1b2f4832491bace6032","service":"user-service"}
{"level":"info","message":"GET /api/modules/course/654dc1b2f4832491bace6032","service":"user-service"}
{"level":"info","message":"GET /api/modules/course/654dc1b2f4832491bace6032","service":"user-service"}
{"level":"info","message":"GET /api/modules/course/654dc1b2f4832491bace6032","service":"user-service"}
{"level":"info","message":"GET /api/modules/course/654dc1b2f4832491bace6032","service":"user-service"}
{"level":"info","message":"GET /api/modules/course/654dc1b2f4832491bace6032","service":"user-service"}
{"level":"info","message":"Hello world","service":"user-service"}
{"level":"error","message":"Error message","service":"user-service"}
{"level":"info","message":"Server is running on port 5001","service":"user-service"}
{"level":"info","message":"Hello world","service":"user-service"}
{"level":"error","message":"Error message","service":"user-service"}
{"level":"info","message":"Server is running on port 5001","service":"user-service"}
{"level":"info","message":"POST /api/auth/login","service":"user-service"}
{"email":"admin@admin.com","level":"info","message":"Login endpoint hit","service":"user-service"}
{"email":"admin@admin.com","level":"info","message":"Password matches","service":"user-service"}
{"email":"admin@admin.com","level":"info","message":"JWT token generated","service":"user-service","token":"eyJhbGciOiJIUzI1NiIsInR5cCI6IkpXVCJ9.eyJlbWFpbCI6ImFkbWluQGFkbWluLmNvbSIsImlkIjoiNjU0ZTg5MWNkYWM5YmVjNjZkZTRjZjgzIiwicm9sZSI6ImFkbWluIiwiaWF0IjoxNzAwMDIwNTc3LCJleHAiOjE3MDAwMjQxNzd9.WbXLpeOORR0Jh2FnZQlfzijnweHF9ZyJIFCysNCOg2s"}
{"level":"info","message":"GET /api/courses","service":"user-service"}
{"level":"info","message":"GET /api/courses","service":"user-service"}
{"level":"info","message":"POST /api/courses","service":"user-service"}
{"level":"info","message":"GET /api/modules/course/65544172a5b4d5b1cf9627b4","service":"user-service"}
{"level":"info","message":"GET /api/modules/course/65544172a5b4d5b1cf9627b4","service":"user-service"}
{"level":"info","message":"GET /api/modules/course/65544172a5b4d5b1cf9627b4","service":"user-service"}
{"level":"info","message":"GET /api/modules/course/65544172a5b4d5b1cf9627b4","service":"user-service"}
{"level":"info","message":"POST /api/modules","service":"user-service"}
{"level":"info","message":"GET /api/modules/course/65544172a5b4d5b1cf9627b4","service":"user-service"}
{"level":"info","message":"GET /api/modules/course/65544172a5b4d5b1cf9627b4","service":"user-service"}
{"level":"info","message":"GET /api/modules/course/65544172a5b4d5b1cf9627b4","service":"user-service"}
{"level":"info","message":"GET /api/modules/course/65544172a5b4d5b1cf9627b4","service":"user-service"}
{"level":"info","message":"GET /api/modules/course/65544172a5b4d5b1cf9627b4","service":"user-service"}
{"level":"info","message":"GET /api/modules/course/65544172a5b4d5b1cf9627b4","service":"user-service"}
{"level":"info","message":"GET /api/modules/course/65544172a5b4d5b1cf9627b4","service":"user-service"}
{"level":"info","message":"GET /api/modules/course/65544172a5b4d5b1cf9627b4","service":"user-service"}
{"level":"info","message":"GET /api/modules/course/65544172a5b4d5b1cf9627b4","service":"user-service"}
{"level":"info","message":"GET /api/modules/course/65544172a5b4d5b1cf9627b4","service":"user-service"}
{"level":"info","message":"GET /api/modules/course/65544172a5b4d5b1cf9627b4","service":"user-service"}
{"level":"info","message":"GET /api/modules/course/65544172a5b4d5b1cf9627b4","service":"user-service"}
{"level":"info","message":"GET /api/modules/course/65544172a5b4d5b1cf9627b4","service":"user-service"}
{"level":"info","message":"GET /api/modules/course/65544172a5b4d5b1cf9627b4","service":"user-service"}
{"level":"info","message":"GET /api/modules/course/65544172a5b4d5b1cf9627b4","service":"user-service"}
{"level":"info","message":"GET /api/modules/course/65544172a5b4d5b1cf9627b4","service":"user-service"}
{"level":"info","message":"GET /api/modules/course/65544172a5b4d5b1cf9627b4","service":"user-service"}
{"level":"info","message":"GET /api/modules/course/65544172a5b4d5b1cf9627b4","service":"user-service"}
{"level":"info","message":"GET /api/modules/course/65544172a5b4d5b1cf9627b4","service":"user-service"}
{"level":"info","message":"GET /api/modules/course/65544172a5b4d5b1cf9627b4","service":"user-service"}
{"level":"info","message":"GET /api/modules/course/65544172a5b4d5b1cf9627b4","service":"user-service"}
{"level":"info","message":"GET /api/modules/course/65544172a5b4d5b1cf9627b4","service":"user-service"}
{"level":"info","message":"GET /api/modules/course/65544172a5b4d5b1cf9627b4","service":"user-service"}
{"level":"info","message":"GET /api/modules/course/65544172a5b4d5b1cf9627b4","service":"user-service"}
{"level":"info","message":"GET /api/modules/course/65544172a5b4d5b1cf9627b4","service":"user-service"}
{"level":"info","message":"GET /api/modules/course/65544172a5b4d5b1cf9627b4","service":"user-service"}
{"level":"info","message":"GET /api/modules/course/65544172a5b4d5b1cf9627b4","service":"user-service"}
{"level":"info","message":"GET /api/modules/course/65544172a5b4d5b1cf9627b4","service":"user-service"}
{"level":"info","message":"Hello world","service":"user-service"}
{"level":"error","message":"Error message","service":"user-service"}
{"level":"info","message":"Server is running on port 5001","service":"user-service"}
{"level":"info","message":"GET /api/courses","service":"user-service"}
{"level":"info","message":"GET /api/courses","service":"user-service"}
{"level":"info","message":"GET /api/modules/course/654dc1b2f4832491bace6032","service":"user-service"}
{"level":"info","message":"GET /api/modules/course/654dc1b2f4832491bace6032","service":"user-service"}
{"level":"info","message":"GET /api/modules/course/654dc1b2f4832491bace6032","service":"user-service"}
{"level":"info","message":"GET /api/modules/course/654dc1b2f4832491bace6032","service":"user-service"}
{"level":"info","message":"GET /api/modules/course/654dc1b2f4832491bace6032","service":"user-service"}
{"level":"info","message":"GET /api/modules/course/654dc1b2f4832491bace6032","service":"user-service"}
{"level":"info","message":"GET /api/modules/course/654dc1b2f4832491bace6032","service":"user-service"}
{"level":"info","message":"GET /api/modules/course/654dc1b2f4832491bace6032","service":"user-service"}
{"level":"info","message":"GET /api/modules/course/654dc1b2f4832491bace6032","service":"user-service"}
{"level":"info","message":"GET /api/modules/course/654dc1b2f4832491bace6032","service":"user-service"}
{"level":"info","message":"GET /api/modules/course/654dc1b2f4832491bace6032","service":"user-service"}
{"level":"info","message":"GET /api/modules/course/654dc1b2f4832491bace6032","service":"user-service"}
{"level":"info","message":"GET /api/courses","service":"user-service"}
{"level":"info","message":"GET /api/courses","service":"user-service"}
{"level":"info","message":"GET /api/modules/course/654dc1b2f4832491bace6032","service":"user-service"}
{"level":"info","message":"GET /api/modules/course/654dc1b2f4832491bace6032","service":"user-service"}
{"level":"info","message":"GET /api/modules/course/654dc1b2f4832491bace6032","service":"user-service"}
{"level":"info","message":"GET /api/modules/course/654dc1b2f4832491bace6032","service":"user-service"}
{"level":"info","message":"Hello world","service":"user-service"}
{"level":"error","message":"Error message","service":"user-service"}
{"level":"info","message":"Server is running on port 5001","service":"user-service"}
{"level":"info","message":"Hello world","service":"user-service"}
{"level":"error","message":"Error message","service":"user-service"}
{"level":"info","message":"Server is running on port 5001","service":"user-service"}
{"level":"info","message":"Hello world","service":"user-service"}
{"level":"error","message":"Error message","service":"user-service"}
{"level":"info","message":"Server is running on port 5001","service":"user-service"}
{"level":"info","message":"Hello world","service":"user-service"}
{"level":"error","message":"Error message","service":"user-service"}
{"level":"info","message":"Server is running on port 5001","service":"user-service"}
{"level":"info","message":"Hello world","service":"user-service"}
{"level":"error","message":"Error message","service":"user-service"}
{"level":"info","message":"Server is running on port 5001","service":"user-service"}
{"level":"info","message":"Hello world","service":"user-service"}
{"level":"error","message":"Error message","service":"user-service"}
{"level":"info","message":"Server is running on port 5001","service":"user-service"}
{"level":"info","message":"GET /api/modules/course/654dc1b2f4832491bace6032","service":"user-service"}
{"level":"info","message":"GET /api/modules/course/654dc1b2f4832491bace6032","service":"user-service"}
{"level":"info","message":"GET /api/modules/course/654dc1b2f4832491bace6032","service":"user-service"}
{"level":"info","message":"GET /api/modules/course/654dc1b2f4832491bace6032","service":"user-service"}
{"level":"info","message":"GET /api/courses","service":"user-service"}
{"level":"info","message":"GET /api/courses","service":"user-service"}
{"level":"info","message":"GET /api/profile","service":"user-service"}
{"level":"info","message":"GET /api/profile","service":"user-service"}
{"level":"info","message":"GET /api/profile","service":"user-service"}
{"level":"info","message":"GET /api/profile","service":"user-service"}
{"level":"info","message":"GET /api/profile","service":"user-service"}
{"level":"info","message":"GET /api/profile","service":"user-service"}
{"level":"info","message":"Hello world","service":"user-service"}
{"level":"error","message":"Error message","service":"user-service"}
{"level":"info","message":"Server is running on port 5001","service":"user-service"}
{"level":"info","message":"GET /api/profile","service":"user-service"}
{"level":"info","message":"GET /api/profile","service":"user-service"}
{"level":"info","message":"Hello world","service":"user-service"}
{"level":"error","message":"Error message","service":"user-service"}
{"level":"info","message":"Server is running on port 5001","service":"user-service"}
{"level":"info","message":"GET /api/profile","service":"user-service"}
{"level":"info","message":"GET /api/profile","service":"user-service"}
{"level":"info","message":"Hello world","service":"user-service"}
{"level":"error","message":"Error message","service":"user-service"}
{"level":"info","message":"Server is running on port 5001","service":"user-service"}
{"level":"info","message":"Hello world","service":"user-service"}
{"level":"error","message":"Error message","service":"user-service"}
{"level":"info","message":"Server is running on port 5001","service":"user-service"}
{"level":"info","message":"GET /api/profile","service":"user-service"}
{"level":"info","message":"GET /api/profile","service":"user-service"}
{"level":"info","message":"Hello world","service":"user-service"}
{"level":"error","message":"Error message","service":"user-service"}
{"level":"info","message":"Server is running on port 5001","service":"user-service"}
{"level":"info","message":"GET /api/profile","service":"user-service"}
{"level":"info","message":"GET /api/profile","service":"user-service"}
{"level":"info","message":"Hello world","service":"user-service"}
{"level":"error","message":"Error message","service":"user-service"}
{"level":"info","message":"Server is running on port 5001","service":"user-service"}
{"level":"info","message":"Hello world","service":"user-service"}
{"level":"error","message":"Error message","service":"user-service"}
{"level":"info","message":"Server is running on port 5001","service":"user-service"}
{"level":"info","message":"GET /api/profile","service":"user-service"}
{"level":"info","message":"GET /api/profile","service":"user-service"}
{"level":"info","message":"Hello world","service":"user-service"}
{"level":"error","message":"Error message","service":"user-service"}
{"level":"info","message":"Server is running on port 5001","service":"user-service"}
{"level":"info","message":"Hello world","service":"user-service"}
{"level":"error","message":"Error message","service":"user-service"}
{"level":"info","message":"Server is running on port 5001","service":"user-service"}
{"level":"info","message":"Hello world","service":"user-service"}
{"level":"error","message":"Error message","service":"user-service"}
{"level":"info","message":"Server is running on port 5001","service":"user-service"}
{"level":"info","message":"Hello world","service":"user-service"}
{"level":"error","message":"Error message","service":"user-service"}
{"level":"info","message":"Server is running on port 5001","service":"user-service"}
{"level":"info","message":"Hello world","service":"user-service"}
{"level":"error","message":"Error message","service":"user-service"}
{"level":"info","message":"Server is running on port 5001","service":"user-service"}
{"level":"info","message":"Hello world","service":"user-service"}
{"level":"error","message":"Error message","service":"user-service"}
{"level":"info","message":"Server is running on port 5001","service":"user-service"}
{"level":"info","message":"GET /api/profile","service":"user-service"}
{"level":"info","message":"GET /api/profile","service":"user-service"}
{"level":"info","message":"GET /api/profile","service":"user-service"}
{"level":"info","message":"GET /api/profile","service":"user-service"}
{"level":"info","message":"GET /api/courses","service":"user-service"}
{"level":"info","message":"GET /api/courses","service":"user-service"}
{"level":"info","message":"GET /api/profile","service":"user-service"}
{"level":"info","message":"GET /api/profile","service":"user-service"}
{"level":"info","message":"POST /api/auth/login","service":"user-service"}
{"email":"admin@admin.com","level":"info","message":"Login endpoint hit","service":"user-service"}
{"email":"admin@admin.com","level":"info","message":"Password matches","service":"user-service"}
{"email":"admin@admin.com","level":"info","message":"JWT token generated","service":"user-service","token":"eyJhbGciOiJIUzI1NiIsInR5cCI6IkpXVCJ9.eyJlbWFpbCI6ImFkbWluQGFkbWluLmNvbSIsImlkIjoiNjU0ZTg5MWNkYWM5YmVjNjZkZTRjZjgzIiwicm9sZSI6ImFkbWluIiwiaWF0IjoxNzAwMjYwODA0LCJleHAiOjE3MDAyNjQ0MDR9.9SeU0WeVNSifUSS3_JEyAupk4kbxkIS2nZwiJ_XFdQA"}
{"level":"info","message":"GET /api/profile","service":"user-service"}
{"level":"info","message":"GET /api/profile","service":"user-service"}
{"level":"info","message":"GET /api/profile","service":"user-service"}
{"level":"info","message":"GET /api/profile","service":"user-service"}
{"level":"info","message":"GET /api/profile","service":"user-service"}
{"level":"info","message":"GET /api/profile","service":"user-service"}
{"level":"info","message":"Hello world","service":"user-service"}
{"level":"error","message":"Error message","service":"user-service"}
{"level":"info","message":"Server is running on port 5001","service":"user-service"}
{"level":"info","message":"GET /api/courses","service":"user-service"}
{"level":"info","message":"GET /api/courses","service":"user-service"}
{"level":"info","message":"GET /api/profile","service":"user-service"}
{"level":"info","message":"GET /api/profile","service":"user-service"}
{"level":"info","message":"Hello world","service":"user-service"}
{"level":"error","message":"Error message","service":"user-service"}
{"level":"info","message":"Server is running on port 5001","service":"user-service"}
{"level":"info","message":"GET /api/courses","service":"user-service"}
{"level":"info","message":"GET /api/courses","service":"user-service"}
{"level":"info","message":"GET /api/profile","service":"user-service"}
{"level":"info","message":"GET /api/profile","service":"user-service"}
{"level":"info","message":"Hello world","service":"user-service"}
{"level":"error","message":"Error message","service":"user-service"}
{"level":"info","message":"Server is running on port 5001","service":"user-service"}
{"level":"info","message":"GET /api/profile","service":"user-service"}
{"level":"info","message":"GET /api/profile","service":"user-service"}
{"level":"info","message":"GET /api/profile","service":"user-service"}
{"level":"info","message":"GET /api/profile","service":"user-service"}
{"level":"info","message":"GET /api/profile","service":"user-service"}
{"level":"info","message":"GET /api/profile","service":"user-service"}
{"level":"info","message":"GET /api/profile?userId=null","service":"user-service"}
{"level":"info","message":"GET /api/profile?userId=null","service":"user-service"}
{"level":"info","message":"GET /api/profile?userId=null","service":"user-service"}
{"level":"info","message":"Hello world","service":"user-service"}
{"level":"error","message":"Error message","service":"user-service"}
{"level":"info","message":"Server is running on port 5001","service":"user-service"}
{"level":"info","message":"GET /api/courses","service":"user-service"}
{"level":"info","message":"GET /api/courses","service":"user-service"}
{"level":"info","message":"GET /api/courses","service":"user-service"}
{"level":"info","message":"GET /api/courses","service":"user-service"}
{"level":"info","message":"GET /api/courses","service":"user-service"}
{"level":"info","message":"GET /api/courses","service":"user-service"}
{"level":"info","message":"POST /api/auth/login","service":"user-service"}
{"email":"admin@admin.com","level":"info","message":"Login endpoint hit","service":"user-service"}
{"email":"admin@admin.com","level":"info","message":"Password matches","service":"user-service"}
{"email":"admin@admin.com","level":"info","message":"JWT token generated","service":"user-service","token":"eyJhbGciOiJIUzI1NiIsInR5cCI6IkpXVCJ9.eyJlbWFpbCI6ImFkbWluQGFkbWluLmNvbSIsImlkIjoiNjU0ZTg5MWNkYWM5YmVjNjZkZTRjZjgzIiwicm9sZSI6ImFkbWluIiwiaWF0IjoxNzAwMjY3MTU4LCJleHAiOjE3MDAyNzA3NTh9.LXZxCyoqi82EphrwDkJmHhEzK9b4xSD5bIEQmaDaDoA"}
{"level":"info","message":"GET /api/profile?userId=undefined","service":"user-service"}
{"level":"info","message":"GET /api/profile?userId=undefined","service":"user-service"}
{"level":"info","message":"GET /api/profile?userId=undefined","service":"user-service"}
{"level":"info","message":"GET /api/profile?userId=undefined","service":"user-service"}
{"level":"info","message":"GET /api/profile?userId=undefined","service":"user-service"}
{"level":"info","message":"GET /api/courses","service":"user-service"}
{"level":"info","message":"GET /api/courses","service":"user-service"}
{"level":"info","message":"GET /api/profile?userId=undefined","service":"user-service"}
{"level":"info","message":"GET /api/profile?userId=undefined","service":"user-service"}
{"level":"info","message":"GET /api/profile?userId=undefined","service":"user-service"}
{"level":"info","message":"GET /api/profile?userId=undefined","service":"user-service"}
{"level":"info","message":"POST /api/auth/login","service":"user-service"}
{"email":"admin@admin.com","level":"info","message":"Login endpoint hit","service":"user-service"}
{"email":"admin@admin.com","level":"info","message":"Password matches","service":"user-service"}
{"email":"admin@admin.com","level":"info","message":"JWT token generated","service":"user-service","token":"eyJhbGciOiJIUzI1NiIsInR5cCI6IkpXVCJ9.eyJlbWFpbCI6ImFkbWluQGFkbWluLmNvbSIsImlkIjoiNjU0ZTg5MWNkYWM5YmVjNjZkZTRjZjgzIiwicm9sZSI6ImFkbWluIiwiaWF0IjoxNzAwMjY3OTcwLCJleHAiOjE3MDAyNzE1NzB9.mtigduMKLq5SPzypGfU2jr_ShyoQ9uz8OT1FW2dpWQ8"}
{"level":"info","message":"GET /api/courses","service":"user-service"}
{"level":"info","message":"GET /api/courses","service":"user-service"}
{"level":"info","message":"GET /api/profile?userId=undefined","service":"user-service"}
{"level":"info","message":"GET /api/profile?userId=undefined","service":"user-service"}
{"level":"info","message":"GET /api/profile?userId=undefined","service":"user-service"}
{"level":"info","message":"GET /favicon.ico","service":"user-service"}
{"level":"info","message":"GET /api/profile?userId=undefined","service":"user-service"}
{"level":"info","message":"GET /api/profile?userId=undefined","service":"user-service"}
{"level":"info","message":"POST /api/auth/login","service":"user-service"}
{"email":"admin@admin.com","level":"info","message":"Login endpoint hit","service":"user-service"}
{"email":"admin@admin.com","level":"info","message":"Password matches","service":"user-service"}
{"email":"admin@admin.com","level":"info","message":"JWT token generated","service":"user-service","token":"eyJhbGciOiJIUzI1NiIsInR5cCI6IkpXVCJ9.eyJlbWFpbCI6ImFkbWluQGFkbWluLmNvbSIsImlkIjoiNjU0ZTg5MWNkYWM5YmVjNjZkZTRjZjgzIiwicm9sZSI6ImFkbWluIiwiaWF0IjoxNzAwMjY4MTgxLCJleHAiOjE3MDAyNzE3ODF9.caLqO5SpLtSbqR6XHGjCEbcKMHEpGNGIrKAiKLqvWHI"}
{"level":"info","message":"GET /api/profile?userId=undefined","service":"user-service"}
{"level":"info","message":"GET /api/profile?userId=undefined","service":"user-service"}
{"level":"info","message":"POST /api/auth/login","service":"user-service"}
{"email":"admin@admin.com","level":"info","message":"Login endpoint hit","service":"user-service"}
{"email":"admin@admin.com","level":"info","message":"Password matches","service":"user-service"}
{"email":"admin@admin.com","level":"info","message":"JWT token generated","service":"user-service","token":"eyJhbGciOiJIUzI1NiIsInR5cCI6IkpXVCJ9.eyJlbWFpbCI6ImFkbWluQGFkbWluLmNvbSIsImlkIjoiNjU0ZTg5MWNkYWM5YmVjNjZkZTRjZjgzIiwicm9sZSI6ImFkbWluIiwiaWF0IjoxNzAwMjY4NjkyLCJleHAiOjE3MDAyNzIyOTJ9.0kzfhbe0Ijme4gxVFfLhjn4cioCk5-EANUNtR0WRwUc"}
{"level":"info","message":"POST /api/auth/login","service":"user-service"}
{"email":"admin@admin.com","level":"info","message":"Login endpoint hit","service":"user-service"}
{"email":"admin@admin.com","level":"info","message":"Password matches","service":"user-service"}
{"email":"admin@admin.com","level":"info","message":"JWT token generated","service":"user-service","token":"eyJhbGciOiJIUzI1NiIsInR5cCI6IkpXVCJ9.eyJlbWFpbCI6ImFkbWluQGFkbWluLmNvbSIsImlkIjoiNjU0ZTg5MWNkYWM5YmVjNjZkZTRjZjgzIiwicm9sZSI6ImFkbWluIiwiaWF0IjoxNzAwMjY5NjUyLCJleHAiOjE3MDAyNzMyNTJ9.SMO_UoMI4CgS-YdkcQ9Slnj5JAWAkPo495G5DPVBcYA"}
{"level":"info","message":"GET /api/profile?userId=undefined","service":"user-service"}
{"level":"info","message":"GET /api/profile?userId=undefined","service":"user-service"}
{"level":"info","message":"GET /api/courses","service":"user-service"}
{"level":"info","message":"GET /api/courses","service":"user-service"}
{"level":"info","message":"GET /api/profile?userId=undefined","service":"user-service"}
{"level":"info","message":"GET /api/profile?userId=undefined","service":"user-service"}
{"level":"info","message":"POST /api/auth/login","service":"user-service"}
{"email":"admin@admin.com","level":"info","message":"Login endpoint hit","service":"user-service"}
{"email":"admin@admin.com","level":"info","message":"Password matches","service":"user-service"}
{"email":"admin@admin.com","level":"info","message":"JWT token generated","service":"user-service","token":"eyJhbGciOiJIUzI1NiIsInR5cCI6IkpXVCJ9.eyJlbWFpbCI6ImFkbWluQGFkbWluLmNvbSIsImlkIjoiNjU0ZTg5MWNkYWM5YmVjNjZkZTRjZjgzIiwicm9sZSI6ImFkbWluIiwiaWF0IjoxNzAwMjY5NzQxLCJleHAiOjE3MDAyNzMzNDF9.HH2ZuTwriXDghW6DnNrFUvCA8u-tFIRGS72bLKwX-W0"}
{"level":"info","message":"GET /api/profile?userId=undefined","service":"user-service"}
{"level":"info","message":"GET /api/profile?userId=undefined","service":"user-service"}
{"level":"info","message":"Hello world","service":"user-service"}
{"level":"error","message":"Error message","service":"user-service"}
{"level":"info","message":"Server is running on port 5001","service":"user-service"}
{"level":"info","message":"POST /api/auth/login","service":"user-service"}
{"email":"admin@admin.com","level":"info","message":"Login endpoint hit","service":"user-service"}
{"email":"admin@admin.com","level":"info","message":"Password matches","service":"user-service"}
{"email":"admin@admin.com","level":"info","message":"JWT token generated","service":"user-service","token":"eyJhbGciOiJIUzI1NiIsInR5cCI6IkpXVCJ9.eyJlbWFpbCI6ImFkbWluQGFkbWluLmNvbSIsImlkIjoiNjU0ZTg5MWNkYWM5YmVjNjZkZTRjZjgzIiwicm9sZSI6ImFkbWluIiwiaWF0IjoxNzAwMjcwMDY0LCJleHAiOjE3MDAyNzM2NjR9.rav_FzqK2Sgje-IwbUamjrxMOJz26k6GCC255MmPSlE"}
{"level":"info","message":"Hello world","service":"user-service"}
{"level":"error","message":"Error message","service":"user-service"}
{"level":"info","message":"Server is running on port 5001","service":"user-service"}
{"level":"info","message":"Hello world","service":"user-service"}
{"level":"error","message":"Error message","service":"user-service"}
{"level":"info","message":"Server is running on port 5001","service":"user-service"}
{"level":"info","message":"POST /api/auth/login","service":"user-service"}
{"email":"admin@admin.com","level":"info","message":"Login endpoint hit","service":"user-service"}
{"email":"admin@admin.com","level":"info","message":"Password matches","service":"user-service"}
{"email":"admin@admin.com","level":"info","message":"JWT token generated","service":"user-service","token":"eyJhbGciOiJIUzI1NiIsInR5cCI6IkpXVCJ9.eyJlbWFpbCI6ImFkbWluQGFkbWluLmNvbSIsImlkIjoiNjU0ZTg5MWNkYWM5YmVjNjZkZTRjZjgzIiwicm9sZSI6ImFkbWluIiwiaWF0IjoxNzAwMjcwMTAxLCJleHAiOjE3MDAyNzM3MDF9.39QvKKc-r4GxPAuENGNsm26tFftA-nvUSN0U-xmboD4"}
{"level":"info","message":"POST /api/auth/login","service":"user-service"}
{"email":"admin@admin.com","level":"info","message":"Login endpoint hit","service":"user-service"}
{"email":"admin@admin.com","level":"info","message":"Password matches","service":"user-service"}
{"email":"admin@admin.com","level":"info","message":"JWT token generated","service":"user-service","token":"eyJhbGciOiJIUzI1NiIsInR5cCI6IkpXVCJ9.eyJlbWFpbCI6ImFkbWluQGFkbWluLmNvbSIsImlkIjoiNjU0ZTg5MWNkYWM5YmVjNjZkZTRjZjgzIiwicm9sZSI6ImFkbWluIiwiaWF0IjoxNzAwMjcwNDU2LCJleHAiOjE3MDAyNzQwNTZ9.ZgRjhYf8ZsVwfBJntC4OIQMjfhI_LwnL7iGlOJA09RI"}
{"level":"info","message":"GET /api/profile?userId=654e891cdac9bec66de4cf83","service":"user-service"}
{"level":"info","message":"GET /api/profile?userId=654e891cdac9bec66de4cf83","service":"user-service"}
{"level":"info","message":"GET /api/profile?userId=654e891cdac9bec66de4cf83","service":"user-service"}
{"level":"info","message":"GET /api/profile?userId=654e891cdac9bec66de4cf83","service":"user-service"}
{"level":"info","message":"GET /api/profile?userId=654e891cdac9bec66de4cf83","service":"user-service"}
{"level":"info","message":"GET /api/profile?userId=654e891cdac9bec66de4cf83","service":"user-service"}
{"level":"info","message":"GET /api/profile?userId=654e891cdac9bec66de4cf83","service":"user-service"}
{"level":"info","message":"GET /api/profile?userId=654e891cdac9bec66de4cf83","service":"user-service"}
{"level":"info","message":"POST /api/auth/login","service":"user-service"}
{"email":"admin@admin.com","level":"info","message":"Login endpoint hit","service":"user-service"}
{"email":"admin@admin.com","level":"info","message":"Password matches","service":"user-service"}
{"email":"admin@admin.com","level":"info","message":"JWT token generated","service":"user-service","token":"eyJhbGciOiJIUzI1NiIsInR5cCI6IkpXVCJ9.eyJlbWFpbCI6ImFkbWluQGFkbWluLmNvbSIsImlkIjoiNjU0ZTg5MWNkYWM5YmVjNjZkZTRjZjgzIiwicm9sZSI6ImFkbWluIiwiaWF0IjoxNzAwMjcxMjU5LCJleHAiOjE3MDAyNzQ4NTl9.RTSXpYLdBq03MN8nd35JNWrT68oUPB3gUKWd-nr0LsA"}
{"level":"info","message":"GET /api/profile?userId=654e891cdac9bec66de4cf83","service":"user-service"}
{"level":"info","message":"GET /api/profile?userId=654e891cdac9bec66de4cf83","service":"user-service"}
{"level":"info","message":"POST /api/auth/login","service":"user-service"}
{"email":"admin@admin.com","level":"info","message":"Login endpoint hit","service":"user-service"}
{"email":"admin@admin.com","level":"info","message":"Password matches","service":"user-service"}
{"email":"admin@admin.com","level":"info","message":"JWT token generated","service":"user-service","token":"eyJhbGciOiJIUzI1NiIsInR5cCI6IkpXVCJ9.eyJlbWFpbCI6ImFkbWluQGFkbWluLmNvbSIsImlkIjoiNjU0ZTg5MWNkYWM5YmVjNjZkZTRjZjgzIiwicm9sZSI6ImFkbWluIiwiaWF0IjoxNzAwMjcxNDY0LCJleHAiOjE3MDAyNzUwNjR9.QycFukziO8vOG3J_ucv-kOW5XWO2eubtpijen840G6o"}
{"level":"info","message":"GET /api/profile?userId=654e891cdac9bec66de4cf83","service":"user-service"}
{"level":"info","message":"GET /api/profile?userId=654e891cdac9bec66de4cf83","service":"user-service"}
{"level":"info","message":"GET /api/profile?userId=654e891cdac9bec66de4cf83","service":"user-service"}
{"level":"info","message":"GET /api/profile/654e891cdac9bec66de4cf83","service":"user-service"}
{"level":"info","message":"GET /api/profile/654e891cdac9bec66de4cf83","service":"user-service"}
{"level":"info","message":"GET /api/profile/654e891cdac9bec66de4cf83","service":"user-service"}
{"level":"info","message":"GET /api/profile/654e891cdac9bec66de4cf83","service":"user-service"}
{"level":"info","message":"GET /api/profile/654e891cdac9bec66de4cf83","service":"user-service"}
{"level":"info","message":"GET /api/profile/654e891cdac9bec66de4cf83","service":"user-service"}
{"level":"info","message":"GET /api/profile/654e891cdac9bec66de4cf83","service":"user-service"}
{"level":"info","message":"GET /api/profile/654e891cdac9bec66de4cf83","service":"user-service"}
{"level":"info","message":"PUT /api/profile/654e891cdac9bec66de4cf83","service":"user-service"}
{"level":"info","message":"Hello world","service":"user-service"}
{"level":"error","message":"Error message","service":"user-service"}
{"level":"info","message":"Server is running on port 5001","service":"user-service"}
{"level":"info","message":"PUT /api/profile/654e891cdac9bec66de4cf83","service":"user-service"}
{"level":"info","message":"Hello world","service":"user-service"}
{"level":"error","message":"Error message","service":"user-service"}
{"level":"info","message":"Server is running on port 5001","service":"user-service"}
{"level":"info","message":"GET /api/profile/654e891cdac9bec66de4cf83","service":"user-service"}
{"level":"info","message":"PUT /api/profile/654e891cdac9bec66de4cf83","service":"user-service"}
{"level":"info","message":"GET /api/profile/654e891cdac9bec66de4cf83","service":"user-service"}
{"level":"info","message":"GET /api/profile/654e891cdac9bec66de4cf83","service":"user-service"}
{"level":"info","message":"GET /api/profile/654e891cdac9bec66de4cf83","service":"user-service"}
{"level":"info","message":"PUT /api/profile/654e891cdac9bec66de4cf83","service":"user-service"}
{"level":"info","message":"Hello world","service":"user-service"}
{"level":"error","message":"Error message","service":"user-service"}
{"level":"info","message":"Server is running on port 5001","service":"user-service"}
{"level":"info","message":"GET /api/courses","service":"user-service"}
{"level":"info","message":"GET /api/courses","service":"user-service"}
{"level":"info","message":"GET /api/profile/654e891cdac9bec66de4cf83","service":"user-service"}
{"level":"info","message":"GET /api/profile/654e891cdac9bec66de4cf83","service":"user-service"}
{"level":"info","message":"PUT /api/profile/654e891cdac9bec66de4cf83","service":"user-service"}
{"level":"info","message":"Hello world","service":"user-service"}
{"level":"error","message":"Error message","service":"user-service"}
{"level":"info","message":"Server is running on port 5001","service":"user-service"}
{"level":"info","message":"PUT /api/profile/654e891cdac9bec66de4cf83","service":"user-service"}
{"level":"info","message":"PUT /api/profile/654e891cdac9bec66de4cf83","service":"user-service"}
{"level":"info","message":"PUT /api/profile/654e891cdac9bec66de4cf83","service":"user-service"}
{"level":"info","message":"PUT /api/profile/654e891cdac9bec66de4cf83","service":"user-service"}
{"level":"info","message":"GET /api/profile/654e891cdac9bec66de4cf83","service":"user-service"}
{"level":"info","message":"GET /api/profile/654e891cdac9bec66de4cf83","service":"user-service"}
{"level":"info","message":"PUT /api/profile/654e891cdac9bec66de4cf83","service":"user-service"}
{"level":"info","message":"GET /api/profile/654e891cdac9bec66de4cf83","service":"user-service"}
{"level":"info","message":"GET /api/profile/654e891cdac9bec66de4cf83","service":"user-service"}
{"level":"info","message":"PUT /api/profile/654e891cdac9bec66de4cf83","service":"user-service"}
{"level":"info","message":"GET /api/profile/654e891cdac9bec66de4cf83","service":"user-service"}
{"level":"info","message":"GET /api/profile/654e891cdac9bec66de4cf83","service":"user-service"}
{"level":"info","message":"PUT /api/profile/654e891cdac9bec66de4cf83","service":"user-service"}
{"level":"info","message":"PUT /api/profile/654e891cdac9bec66de4cf83","service":"user-service"}
{"level":"info","message":"PUT /api/profile/654e891cdac9bec66de4cf83","service":"user-service"}
{"level":"info","message":"GET /api/profile/654e891cdac9bec66de4cf83","service":"user-service"}
{"level":"info","message":"GET /api/profile/654e891cdac9bec66de4cf83","service":"user-service"}
{"level":"info","message":"PUT /api/profile/654e891cdac9bec66de4cf83","service":"user-service"}
{"level":"info","message":"PUT /api/profile/654e891cdac9bec66de4cf83","service":"user-service"}
{"level":"info","message":"GET /api/profile/654e891cdac9bec66de4cf83","service":"user-service"}
{"level":"info","message":"GET /api/profile/654e891cdac9bec66de4cf83","service":"user-service"}
{"level":"info","message":"PUT /api/profile/654e891cdac9bec66de4cf83","service":"user-service"}
{"level":"info","message":"GET /api/courses","service":"user-service"}
{"level":"info","message":"GET /api/courses","service":"user-service"}
{"level":"info","message":"GET /api/modules/course/654dc1b2f4832491bace6032","service":"user-service"}
{"level":"info","message":"GET /api/modules/course/654dc1b2f4832491bace6032","service":"user-service"}
{"level":"info","message":"GET /api/modules/course/654dc1b2f4832491bace6032","service":"user-service"}
{"level":"info","message":"GET /api/modules/course/654dc1b2f4832491bace6032","service":"user-service"}
{"level":"info","message":"GET /api/courses","service":"user-service"}
{"level":"info","message":"GET /api/courses","service":"user-service"}
{"level":"info","message":"GET /api/modules/course/65544172a5b4d5b1cf9627b4","service":"user-service"}
{"level":"info","message":"GET /api/modules/course/65544172a5b4d5b1cf9627b4","service":"user-service"}
{"level":"info","message":"GET /api/modules/course/65544172a5b4d5b1cf9627b4","service":"user-service"}
{"level":"info","message":"GET /api/modules/course/65544172a5b4d5b1cf9627b4","service":"user-service"}
{"level":"info","message":"GET /api/courses","service":"user-service"}
{"level":"info","message":"GET /api/courses","service":"user-service"}
{"level":"info","message":"GET /api/profile/654e891cdac9bec66de4cf83","service":"user-service"}
{"level":"info","message":"GET /api/profile/654e891cdac9bec66de4cf83","service":"user-service"}
{"level":"info","message":"GET /api/courses","service":"user-service"}
{"level":"info","message":"GET /api/courses","service":"user-service"}
{"level":"info","message":"GET /api/courses","service":"user-service"}
{"level":"info","message":"GET /api/courses","service":"user-service"}
{"level":"info","message":"POST /api/auth/login","service":"user-service"}
{"email":"admin@admin.com","level":"info","message":"Login endpoint hit","service":"user-service"}
{"email":"admin@admin.com","level":"info","message":"Password matches","service":"user-service"}
{"email":"admin@admin.com","level":"info","message":"JWT token generated","service":"user-service","token":"eyJhbGciOiJIUzI1NiIsInR5cCI6IkpXVCJ9.eyJlbWFpbCI6ImFkbWluQGFkbWluLmNvbSIsImlkIjoiNjU0ZTg5MWNkYWM5YmVjNjZkZTRjZjgzIiwicm9sZSI6ImFkbWluIiwiaWF0IjoxNzAwMjk2OTIwLCJleHAiOjE3MDAzMDA1MjB9.9AIS6uq1VeeftGzs6jr3ARif4mdn41cNrSXvFcNCLfA"}
{"level":"info","message":"GET /api/courses","service":"user-service"}
{"level":"info","message":"GET /api/courses","service":"user-service"}
{"level":"info","message":"GET /api/courses","service":"user-service"}
{"level":"info","message":"GET /api/courses","service":"user-service"}
{"level":"info","message":"GET /api/courses","service":"user-service"}
{"level":"info","message":"GET /api/courses","service":"user-service"}
{"level":"info","message":"POST /api/auth/login","service":"user-service"}
{"email":"admin@admin.com","level":"info","message":"Login endpoint hit","service":"user-service"}
{"email":"admin@admin.com","level":"info","message":"Password matches","service":"user-service"}
{"email":"admin@admin.com","level":"info","message":"JWT token generated","service":"user-service","token":"eyJhbGciOiJIUzI1NiIsInR5cCI6IkpXVCJ9.eyJlbWFpbCI6ImFkbWluQGFkbWluLmNvbSIsImlkIjoiNjU0ZTg5MWNkYWM5YmVjNjZkZTRjZjgzIiwicm9sZSI6ImFkbWluIiwiaWF0IjoxNzAwMjk3MTY3LCJleHAiOjE3MDAzMDA3Njd9.sjXwwhwk7fZ24ACgSQu1mgsHH36BA85x2wsMzWD_0oY"}
{"level":"info","message":"POST /api/auth/login","service":"user-service"}
{"email":"admin@admin.com","level":"info","message":"Login endpoint hit","service":"user-service"}
{"email":"admin@admin.com","level":"info","message":"Password matches","service":"user-service"}
{"email":"admin@admin.com","level":"info","message":"JWT token generated","service":"user-service","token":"eyJhbGciOiJIUzI1NiIsInR5cCI6IkpXVCJ9.eyJlbWFpbCI6ImFkbWluQGFkbWluLmNvbSIsImlkIjoiNjU0ZTg5MWNkYWM5YmVjNjZkZTRjZjgzIiwicm9sZSI6ImFkbWluIiwiaWF0IjoxNzAwMjk3MzYwLCJleHAiOjE3MDAzMDA5NjB9.fdBjCTn1dXtuFdASSJ3EaEia6lS3I8hWnQ5-qK3KNCs"}
{"level":"info","message":"GET /api/profile/654e891cdac9bec66de4cf83","service":"user-service"}
{"level":"info","message":"GET /api/profile/654e891cdac9bec66de4cf83","service":"user-service"}
{"level":"info","message":"GET /api/courses","service":"user-service"}
{"level":"info","message":"GET /api/courses","service":"user-service"}
{"level":"info","message":"GET /api/courses","service":"user-service"}
{"level":"info","message":"GET /api/courses","service":"user-service"}
{"level":"info","message":"POST /api/auth/register","service":"user-service"}
{"email":"wu.sib@northeaste333rn.edu","level":"info","message":"Register endpoint hit","password":"123","role":"student","service":"user-service","username":"caicai"}
{"level":"info","message":"POST /api/auth/login","service":"user-service"}
{"email":"wu.sib@northeaste333rn.edu","level":"info","message":"Login endpoint hit","service":"user-service"}
{"email":"wu.sib@northeaste333rn.edu","level":"info","message":"Password matches","service":"user-service"}
{"email":"wu.sib@northeaste333rn.edu","level":"info","message":"JWT token generated","service":"user-service","token":"eyJhbGciOiJIUzI1NiIsInR5cCI6IkpXVCJ9.eyJlbWFpbCI6Ind1LnNpYkBub3J0aGVhc3RlMzMzcm4uZWR1IiwiaWQiOiI2NTU4N2FjZGZmOWIwYjYyNmM5ZmFiMjEiLCJyb2xlIjoic3R1ZGVudCIsImlhdCI6MTcwMDI5NzQyOSwiZXhwIjoxNzAwMzAxMDI5fQ.KxVWQn87r9PbUiouqenCVzIWkBMr9i6wgUWeSFQKyZM"}
{"level":"info","message":"GET /api/courses","service":"user-service"}
{"level":"info","message":"GET /api/courses","service":"user-service"}
{"level":"info","message":"GET /api/courses","service":"user-service"}
{"level":"info","message":"GET /api/courses","service":"user-service"}
{"level":"info","message":"GET /api/modules/course/654dc1b2f4832491bace6032","service":"user-service"}
{"level":"info","message":"GET /api/modules/course/654dc1b2f4832491bace6032","service":"user-service"}
{"level":"info","message":"GET /api/modules/course/654dc1b2f4832491bace6032","service":"user-service"}
{"level":"info","message":"GET /api/modules/course/654dc1b2f4832491bace6032","service":"user-service"}
{"level":"info","message":"GET /api/profile/65587acdff9b0b626c9fab21","service":"user-service"}
{"level":"info","message":"GET /api/profile/65587acdff9b0b626c9fab21","service":"user-service"}
{"level":"info","message":"PUT /api/profile/65587acdff9b0b626c9fab21","service":"user-service"}
{"level":"info","message":"POST /api/auth/login","service":"user-service"}
{"email":"admin@admin.com","level":"info","message":"Login endpoint hit","service":"user-service"}
{"email":"admin@admin.com","level":"info","message":"Password matches","service":"user-service"}
{"email":"admin@admin.com","level":"info","message":"JWT token generated","service":"user-service","token":"eyJhbGciOiJIUzI1NiIsInR5cCI6IkpXVCJ9.eyJlbWFpbCI6ImFkbWluQGFkbWluLmNvbSIsImlkIjoiNjU0ZTg5MWNkYWM5YmVjNjZkZTRjZjgzIiwicm9sZSI6ImFkbWluIiwiaWF0IjoxNzAwMjk3NzEwLCJleHAiOjE3MDAzMDEzMTB9.bbf3RdRaaqDWTQDVLMF8aBoHL5RU8HmA-cH6MbHjU1w"}
{"level":"info","message":"GET /api/profile/654e891cdac9bec66de4cf83","service":"user-service"}
{"level":"info","message":"GET /api/profile/654e891cdac9bec66de4cf83","service":"user-service"}
{"level":"info","message":"POST /api/auth/login","service":"user-service"}
{"email":"admin@admin.com","level":"info","message":"Login endpoint hit","service":"user-service"}
{"email":"admin@admin.com","level":"info","message":"Password matches","service":"user-service"}
{"email":"admin@admin.com","level":"info","message":"JWT token generated","service":"user-service","token":"eyJhbGciOiJIUzI1NiIsInR5cCI6IkpXVCJ9.eyJlbWFpbCI6ImFkbWluQGFkbWluLmNvbSIsImlkIjoiNjU0ZTg5MWNkYWM5YmVjNjZkZTRjZjgzIiwicm9sZSI6ImFkbWluIiwiaWF0IjoxNzAwMjk3ODg4LCJleHAiOjE3MDAzMDE0ODh9.9KdfufQAuuwlSFeEomEhacDWKq_FBP74b5GtpcvF0DA"}
{"level":"info","message":"GET /api/profile/654e891cdac9bec66de4cf83","service":"user-service"}
{"level":"info","message":"GET /api/profile/654e891cdac9bec66de4cf83","service":"user-service"}
{"level":"info","message":"PUT /api/profile/654e891cdac9bec66de4cf83","service":"user-service"}
{"level":"info","message":"GET /api/courses","service":"user-service"}
{"level":"info","message":"GET /api/courses","service":"user-service"}
{"level":"info","message":"GET /api/profile/654e891cdac9bec66de4cf83","service":"user-service"}
{"level":"info","message":"GET /api/profile/654e891cdac9bec66de4cf83","service":"user-service"}
{"level":"info","message":"GET /api/courses","service":"user-service"}
{"level":"info","message":"GET /api/courses","service":"user-service"}
{"level":"info","message":"GET /api/courses","service":"user-service"}
{"level":"info","message":"GET /api/courses","service":"user-service"}
{"level":"info","message":"GET /api/profile/654e891cdac9bec66de4cf83","service":"user-service"}
{"level":"info","message":"GET /api/profile/654e891cdac9bec66de4cf83","service":"user-service"}
{"level":"info","message":"POST /api/auth/login","service":"user-service"}
{"email":"admin@admin.com","level":"info","message":"Login endpoint hit","service":"user-service"}
{"email":"admin@admin.com","level":"info","message":"Password matches","service":"user-service"}
{"email":"admin@admin.com","level":"info","message":"JWT token generated","service":"user-service","token":"eyJhbGciOiJIUzI1NiIsInR5cCI6IkpXVCJ9.eyJlbWFpbCI6ImFkbWluQGFkbWluLmNvbSIsImlkIjoiNjU0ZTg5MWNkYWM5YmVjNjZkZTRjZjgzIiwicm9sZSI6ImFkbWluIiwiaWF0IjoxNzAwMjk3OTY2LCJleHAiOjE3MDAzMDE1NjZ9.Wasvfd03e_UFBnBc63jernHzVJRjdwUlCDjDzlj9NNE"}
{"level":"info","message":"GET /api/courses","service":"user-service"}
{"level":"info","message":"GET /api/courses","service":"user-service"}
{"level":"info","message":"Hello world","service":"user-service"}
{"level":"error","message":"Error message","service":"user-service"}
{"level":"info","message":"Server is running on port 5001","service":"user-service"}
{"level":"info","message":"Hello world","service":"user-service"}
{"level":"error","message":"Error message","service":"user-service"}
{"level":"info","message":"Server is running on port 5001","service":"user-service"}
{"level":"info","message":"POST /api/auth/login","service":"user-service"}
{"email":"admin@admin.com","level":"info","message":"Login endpoint hit","service":"user-service"}
{"email":"admin@admin.com","level":"info","message":"Password matches","service":"user-service"}
{"email":"admin@admin.com","level":"info","message":"JWT token generated","service":"user-service","token":"eyJhbGciOiJIUzI1NiIsInR5cCI6IkpXVCJ9.eyJlbWFpbCI6ImFkbWluQGFkbWluLmNvbSIsImlkIjoiNjU0ZTg5MWNkYWM5YmVjNjZkZTRjZjgzIiwicm9sZSI6ImFkbWluIiwiaWF0IjoxNzAwNTE5OTQzLCJleHAiOjE3MDA1MjM1NDN9.pZuSAVq5aV2wqZL_40VVdQtb3iVqZ9ygo2XUZ26-DGk"}
{"level":"info","message":"GET /api/courses","service":"user-service"}
{"level":"info","message":"GET /api/courses","service":"user-service"}
{"level":"info","message":"Hello world","service":"user-service"}
{"level":"error","message":"Error message","service":"user-service"}
{"level":"info","message":"Server is running on port 5001","service":"user-service"}
{"level":"info","message":"Hello world","service":"user-service"}
{"level":"error","message":"Error message","service":"user-service"}
{"level":"info","message":"Server is running on port 5001","service":"user-service"}
{"level":"info","message":"Hello world","service":"user-service"}
{"level":"error","message":"Error message","service":"user-service"}
{"level":"info","message":"Server is running on port 5001","service":"user-service"}
{"level":"info","message":"Hello world","service":"user-service"}
{"level":"error","message":"Error message","service":"user-service"}
{"level":"info","message":"Server is running on port 5001","service":"user-service"}
{"level":"info","message":"Hello world","service":"user-service"}
{"level":"error","message":"Error message","service":"user-service"}
{"level":"info","message":"Server is running on port 5001","service":"user-service"}
{"level":"info","message":"Hello world","service":"user-service"}
{"level":"error","message":"Error message","service":"user-service"}
{"level":"info","message":"Server is running on port 5001","service":"user-service"}
{"level":"info","message":"Hello world","service":"user-service"}
{"level":"error","message":"Error message","service":"user-service"}
{"level":"info","message":"Server is running on port 5001","service":"user-service"}
{"level":"info","message":"Hello world","service":"user-service"}
{"level":"error","message":"Error message","service":"user-service"}
{"level":"info","message":"Server is running on port 5001","service":"user-service"}
{"level":"info","message":"Hello world","service":"user-service"}
{"level":"error","message":"Error message","service":"user-service"}
{"level":"info","message":"Server is running on port 5001","service":"user-service"}
{"level":"info","message":"POST /move","service":"user-service"}
{"level":"info","message":"GET /move","service":"user-service"}
{"level":"info","message":"POST /move","service":"user-service"}
{"level":"info","message":"POST /move","service":"user-service"}
{"level":"info","message":"Hello world","service":"user-service"}
{"level":"error","message":"Error message","service":"user-service"}
{"level":"info","message":"Server is running on port 5001","service":"user-service"}
{"level":"info","message":"Hello world","service":"user-service"}
{"level":"error","message":"Error message","service":"user-service"}
{"level":"info","message":"Server is running on port 5001","service":"user-service"}
{"level":"info","message":"Hello world","service":"user-service"}
{"level":"error","message":"Error message","service":"user-service"}
{"level":"info","message":"Server is running on port 5001","service":"user-service"}
{"level":"info","message":"Hello world","service":"user-service"}
{"level":"error","message":"Error message","service":"user-service"}
{"level":"info","message":"Server is running on port 5001","service":"user-service"}
{"level":"info","message":"POST /move","service":"user-service"}
{"level":"info","message":"POST /chess/move","service":"user-service"}
{"level":"info","message":"POST /chess/move","service":"user-service"}
{"level":"info","message":"POST /chess/move","service":"user-service"}
{"level":"info","message":"POST /chess/move","service":"user-service"}
{"level":"info","message":"Hello world","service":"user-service"}
{"level":"error","message":"Error message","service":"user-service"}
{"level":"info","message":"Server is running on port 5001","service":"user-service"}
{"level":"info","message":"Hello world","service":"user-service"}
{"level":"error","message":"Error message","service":"user-service"}
{"level":"info","message":"Server is running on port 5001","service":"user-service"}
{"level":"info","message":"Hello world","service":"user-service"}
{"level":"error","message":"Error message","service":"user-service"}
{"level":"info","message":"Server is running on port 5001","service":"user-service"}
{"level":"info","message":"POST /chess/move","service":"user-service"}
{"level":"info","message":"Hello world","service":"user-service"}
{"level":"error","message":"Error message","service":"user-service"}
{"level":"info","message":"Server is running on port 5001","service":"user-service"}
{"level":"info","message":"POST /chess/move","service":"user-service"}
{"level":"info","message":"Hello world","service":"user-service"}
{"level":"error","message":"Error message","service":"user-service"}
{"level":"info","message":"Server is running on port 5001","service":"user-service"}
{"level":"info","message":"POST /chess/move","service":"user-service"}
{"level":"info","message":"POST /chess/move","service":"user-service"}
{"level":"info","message":"Hello world","service":"user-service"}
{"level":"error","message":"Error message","service":"user-service"}
{"level":"info","message":"Server is running on port 5001","service":"user-service"}
{"level":"info","message":"POST /chess/move","service":"user-service"}
{"level":"info","message":"Hello world","service":"user-service"}
{"level":"error","message":"Error message","service":"user-service"}
{"level":"info","message":"Server is running on port 5001","service":"user-service"}
{"level":"info","message":"POST /chess/move","service":"user-service"}
{"level":"info","message":"Hello world","service":"user-service"}
{"level":"error","message":"Error message","service":"user-service"}
{"level":"info","message":"Server is running on port 5001","service":"user-service"}
{"level":"info","message":"POST /chess/move","service":"user-service"}
{"level":"info","message":"POST /chess/move","service":"user-service"}
{"level":"info","message":"POST /chess/move","service":"user-service"}
{"level":"info","message":"POST /chess/move","service":"user-service"}
{"level":"info","message":"POST /chess/move","service":"user-service"}
{"level":"info","message":"Hello world","service":"user-service"}
{"level":"error","message":"Error message","service":"user-service"}
{"level":"info","message":"Server is running on port 5001","service":"user-service"}
{"level":"info","message":"POST /chess/move","service":"user-service"}
{"level":"info","message":"POST /chess/move","service":"user-service"}
{"level":"info","message":"POST /chess/move","service":"user-service"}
{"level":"info","message":"Hello world","service":"user-service"}
{"level":"error","message":"Error message","service":"user-service"}
{"level":"info","message":"Server is running on port 5001","service":"user-service"}
{"level":"info","message":"POST /chess/move","service":"user-service"}
{"level":"info","message":"POST /chess/move","service":"user-service"}
{"level":"info","message":"POST /chess/move","service":"user-service"}
{"level":"info","message":"POST /chess/move","service":"user-service"}
{"level":"info","message":"Hello world","service":"user-service"}
{"level":"error","message":"Error message","service":"user-service"}
{"level":"info","message":"Server is running on port 5001","service":"user-service"}
{"level":"info","message":"POST /chess/move","service":"user-service"}
{"level":"info","message":"POST /chess/move","service":"user-service"}
{"level":"info","message":"POST /chess/move","service":"user-service"}
{"level":"info","message":"Hello world","service":"user-service"}
{"level":"error","message":"Error message","service":"user-service"}
{"level":"info","message":"Server is running on port 5001","service":"user-service"}
{"level":"info","message":"POST /chess/move","service":"user-service"}
{"level":"info","message":"Hello world","service":"user-service"}
{"level":"error","message":"Error message","service":"user-service"}
{"level":"info","message":"Server is running on port 5001","service":"user-service"}
{"level":"info","message":"POST /chess/move","service":"user-service"}
{"level":"info","message":"POST /chess/move","service":"user-service"}
{"level":"info","message":"Hello world","service":"user-service"}
{"level":"error","message":"Error message","service":"user-service"}
{"level":"info","message":"Server is running on port 5001","service":"user-service"}
{"level":"info","message":"POST /chess/move","service":"user-service"}
{"level":"info","message":"Hello world","service":"user-service"}
{"level":"error","message":"Error message","service":"user-service"}
{"level":"info","message":"Server is running on port 5001","service":"user-service"}
{"level":"info","message":"Hello world","service":"user-service"}
{"level":"error","message":"Error message","service":"user-service"}
{"level":"info","message":"Server is running on port 5001","service":"user-service"}
{"level":"info","message":"POST /chess/move","service":"user-service"}
{"level":"info","message":"POST /chess/move","service":"user-service"}
{"level":"info","message":"Hello world","service":"user-service"}
{"level":"error","message":"Error message","service":"user-service"}
{"level":"info","message":"Server is running on port 5001","service":"user-service"}
{"level":"info","message":"POST /chess/move","service":"user-service"}
{"level":"info","message":"GET /api/profile/654e891cdac9bec66de4cf83","service":"user-service"}
{"level":"info","message":"GET /api/profile/654e891cdac9bec66de4cf83","service":"user-service"}
{"level":"info","message":"POST /chess/move","service":"user-service"}
{"level":"info","message":"POST /chess/move","service":"user-service"}
{"level":"info","message":"Hello world","service":"user-service"}
{"level":"error","message":"Error message","service":"user-service"}
{"level":"info","message":"Server is running on port 5001","service":"user-service"}
{"level":"info","message":"POST /chess/move","service":"user-service"}
{"level":"info","message":"Hello world","service":"user-service"}
{"level":"error","message":"Error message","service":"user-service"}
{"level":"info","message":"Server is running on port 5001","service":"user-service"}
{"level":"info","message":"POST /chess/move","service":"user-service"}
{"level":"info","message":"Hello world","service":"user-service"}
{"level":"error","message":"Error message","service":"user-service"}
{"level":"info","message":"Server is running on port 5001","service":"user-service"}
{"level":"info","message":"POST /chess/move","service":"user-service"}
{"level":"info","message":"Hello world","service":"user-service"}
{"level":"error","message":"Error message","service":"user-service"}
{"level":"info","message":"Server is running on port 5001","service":"user-service"}
{"level":"info","message":"POST /chess/move","service":"user-service"}
{"level":"info","message":"POST /chess/move","service":"user-service"}
{"level":"info","message":"POST /chess/move","service":"user-service"}
{"level":"info","message":"Hello world","service":"user-service"}
{"level":"error","message":"Error message","service":"user-service"}
{"level":"info","message":"Server is running on port 5001","service":"user-service"}
{"level":"info","message":"POST /chess/move","service":"user-service"}
{"level":"info","message":"POST /chess/move","service":"user-service"}
{"level":"info","message":"Hello world","service":"user-service"}
{"level":"error","message":"Error message","service":"user-service"}
{"level":"info","message":"Server is running on port 5001","service":"user-service"}
{"level":"info","message":"Hello world","service":"user-service"}
{"level":"error","message":"Error message","service":"user-service"}
{"level":"info","message":"Server is running on port 5001","service":"user-service"}
{"level":"info","message":"POST /chess/move","service":"user-service"}
{"level":"info","message":"POST /chess/move","service":"user-service"}
{"level":"info","message":"Hello world","service":"user-service"}
{"level":"error","message":"Error message","service":"user-service"}
{"level":"info","message":"Server is running on port 5001","service":"user-service"}
{"level":"info","message":"POST /chess/move","service":"user-service"}
{"level":"info","message":"POST /chess/move","service":"user-service"}
{"level":"info","message":"POST /api/auth/login","service":"user-service"}
{"email":"admin@admin.com","level":"info","message":"Login endpoint hit","service":"user-service"}
{"email":"admin@admin.com","level":"info","message":"Password matches","service":"user-service"}
{"email":"admin@admin.com","level":"info","message":"JWT token generated","service":"user-service","token":"eyJhbGciOiJIUzI1NiIsInR5cCI6IkpXVCJ9.eyJlbWFpbCI6ImFkbWluQGFkbWluLmNvbSIsImlkIjoiNjU0ZTg5MWNkYWM5YmVjNjZkZTRjZjgzIiwicm9sZSI6ImFkbWluIiwiaWF0IjoxNzAwNjE5MTY3LCJleHAiOjE3MDA2MjI3Njd9.4chShyjzbfD2GKzCKF10YOYx7UsmqC6BznggEH_oPUM"}
{"level":"info","message":"GET /api/courses","service":"user-service"}
{"level":"info","message":"GET /api/courses","service":"user-service"}
{"level":"info","message":"POST /api/courses","service":"user-service"}
{"level":"info","message":"PATCH /api/courses/654dc1b2f4832491bace6032","service":"user-service"}
{"level":"info","message":"GET /api/modules/course/654dc1b2f4832491bace6032","service":"user-service"}
{"level":"info","message":"GET /api/modules/course/654dc1b2f4832491bace6032","service":"user-service"}
{"level":"info","message":"GET /api/modules/course/654dc1b2f4832491bace6032","service":"user-service"}
{"level":"info","message":"GET /api/modules/course/654dc1b2f4832491bace6032","service":"user-service"}
{"level":"info","message":"POST /api/modules","service":"user-service"}
{"level":"info","message":"GET /api/courses","service":"user-service"}
{"level":"info","message":"GET /api/courses","service":"user-service"}
{"level":"info","message":"GET /api/courses","service":"user-service"}
{"level":"info","message":"GET /api/courses","service":"user-service"}
{"level":"info","message":"GET /api/courses","service":"user-service"}
{"level":"info","message":"GET /api/courses","service":"user-service"}
{"level":"info","message":"POST /chess/move","service":"user-service"}
{"level":"info","message":"GET /api/profile/654e891cdac9bec66de4cf83","service":"user-service"}
{"level":"info","message":"GET /api/profile/654e891cdac9bec66de4cf83","service":"user-service"}
{"level":"info","message":"PUT /api/profile/654e891cdac9bec66de4cf83","service":"user-service"}
{"level":"info","message":"GET /api/courses","service":"user-service"}
{"level":"info","message":"GET /api/courses","service":"user-service"}
{"level":"info","message":"GET /api/profile/654e891cdac9bec66de4cf83","service":"user-service"}
{"level":"info","message":"GET /api/profile/654e891cdac9bec66de4cf83","service":"user-service"}
{"level":"info","message":"GET /api/courses","service":"user-service"}
{"level":"info","message":"GET /api/courses","service":"user-service"}
{"level":"info","message":"Hello world","service":"user-service"}
{"level":"error","message":"Error message","service":"user-service"}
{"level":"info","message":"Server is running on port 5001","service":"user-service"}
{"level":"info","message":"Hello world","service":"user-service"}
{"level":"error","message":"Error message","service":"user-service"}
{"level":"info","message":"Server is running on port 5001","service":"user-service"}
{"level":"info","message":"GET /api/profile/654e891cdac9bec66de4cf83","service":"user-service"}
{"level":"info","message":"GET /api/profile/654e891cdac9bec66de4cf83","service":"user-service"}
{"level":"info","message":"POST /api/auth/login","service":"user-service"}
{"email":"admin@admin.com","level":"info","message":"Login endpoint hit","service":"user-service"}
{"email":"admin@admin.com","level":"info","message":"Password matches","service":"user-service"}
{"email":"admin@admin.com","level":"info","message":"JWT token generated","service":"user-service","token":"eyJhbGciOiJIUzI1NiIsInR5cCI6IkpXVCJ9.eyJlbWFpbCI6ImFkbWluQGFkbWluLmNvbSIsImlkIjoiNjU0ZTg5MWNkYWM5YmVjNjZkZTRjZjgzIiwicm9sZSI6ImFkbWluIiwiaWF0IjoxNzAxMDYwMTQwLCJleHAiOjE3MDEwNjM3NDB9.fiSXldBsMNMDDaSARjYItH_6BUJZ4Wo24_gP5MMoVBI"}
{"level":"info","message":"GET /api/profile/654e891cdac9bec66de4cf83","service":"user-service"}
{"level":"info","message":"GET /api/profile/654e891cdac9bec66de4cf83","service":"user-service"}
{"level":"info","message":"PUT /api/profile/654e891cdac9bec66de4cf83","service":"user-service"}
{"level":"info","message":"GET /api/profile/654e891cdac9bec66de4cf83","service":"user-service"}
{"level":"info","message":"GET /api/profile/654e891cdac9bec66de4cf83","service":"user-service"}
{"level":"info","message":"GET /api/courses","service":"user-service"}
{"level":"info","message":"GET /api/courses","service":"user-service"}
{"level":"info","message":"GET /api/courses","service":"user-service"}
{"level":"info","message":"GET /api/courses","service":"user-service"}
{"level":"info","message":"GET /api/modules/course/654dc1b2f4832491bace6032","service":"user-service"}
{"level":"info","message":"GET /api/modules/course/654dc1b2f4832491bace6032","service":"user-service"}
{"level":"info","message":"GET /api/modules/course/654dc1b2f4832491bace6032","service":"user-service"}
{"level":"info","message":"GET /api/modules/course/654dc1b2f4832491bace6032","service":"user-service"}
{"level":"info","message":"POST /api/auth/register","service":"user-service"}
{"email":"wenhu@wenhu.com","level":"info","message":"Register endpoint hit","password":"wenhu","role":"student","service":"user-service","username":"wenhucheng"}
{"level":"info","message":"POST /api/auth/login","service":"user-service"}
{"email":"wenhu@wenhu.com","level":"info","message":"Login endpoint hit","service":"user-service"}
{"email":"wenhu@wenhu.com","level":"info","message":"Password matches","service":"user-service"}
{"email":"wenhu@wenhu.com","level":"info","message":"JWT token generated","service":"user-service","token":"eyJhbGciOiJIUzI1NiIsInR5cCI6IkpXVCJ9.eyJlbWFpbCI6Indlbmh1QHdlbmh1LmNvbSIsImlkIjoiNjU2NDIyMjdkMmIwY2YxMDY0OTVmMDVkIiwicm9sZSI6InN0dWRlbnQiLCJpYXQiOjE3MDEwNjExNzMsImV4cCI6MTcwMTA2NDc3M30.BwZWW4VuJHZ4LDJPK-HAxt0MHHSqEWkrhSCFZYY8GkU"}
{"level":"info","message":"GET /api/courses","service":"user-service"}
{"level":"info","message":"GET /api/courses","service":"user-service"}
{"level":"info","message":"GET /api/modules/course/65544172a5b4d5b1cf9627b4","service":"user-service"}
{"level":"info","message":"GET /api/modules/course/65544172a5b4d5b1cf9627b4","service":"user-service"}
{"level":"info","message":"GET /api/modules/course/65544172a5b4d5b1cf9627b4","service":"user-service"}
{"level":"info","message":"GET /api/modules/course/65544172a5b4d5b1cf9627b4","service":"user-service"}
{"level":"info","message":"GET /api/courses","service":"user-service"}
{"level":"info","message":"GET /api/courses","service":"user-service"}
{"level":"info","message":"GET /api/courses","service":"user-service"}
{"level":"info","message":"GET /api/courses","service":"user-service"}
{"level":"info","message":"GET /api/courses","service":"user-service"}
{"level":"info","message":"GET /api/courses","service":"user-service"}
{"level":"info","message":"POST /api/auth/login","service":"user-service"}
{"email":"admin@admin.com","level":"info","message":"Login endpoint hit","service":"user-service"}
{"email":"admin@admin.com","level":"info","message":"Password matches","service":"user-service"}
{"email":"admin@admin.com","level":"info","message":"JWT token generated","service":"user-service","token":"eyJhbGciOiJIUzI1NiIsInR5cCI6IkpXVCJ9.eyJlbWFpbCI6ImFkbWluQGFkbWluLmNvbSIsImlkIjoiNjU0ZTg5MWNkYWM5YmVjNjZkZTRjZjgzIiwicm9sZSI6ImFkbWluIiwiaWF0IjoxNzAxMDYyMDc4LCJleHAiOjE3MDEwNjU2Nzh9.zEWTUpVeXBWyUulFCc_vEMoR9TFjcmN28S3_MjKd9Ys"}
{"level":"info","message":"GET /api/courses","service":"user-service"}
{"level":"info","message":"GET /api/courses","service":"user-service"}
{"level":"info","message":"GET /api/modules/course/65544172a5b4d5b1cf9627b4","service":"user-service"}
{"level":"info","message":"GET /api/modules/course/65544172a5b4d5b1cf9627b4","service":"user-service"}
{"level":"info","message":"GET /api/modules/course/65544172a5b4d5b1cf9627b4","service":"user-service"}
{"level":"info","message":"GET /api/modules/course/65544172a5b4d5b1cf9627b4","service":"user-service"}
{"level":"info","message":"POST /chess/move","service":"user-service"}
{"level":"info","message":"POST /chess/move","service":"user-service"}
{"level":"info","message":"POST /chess/move","service":"user-service"}
{"level":"info","message":"GET /api/profile/654e891cdac9bec66de4cf83","service":"user-service"}
{"level":"info","message":"GET /api/profile/654e891cdac9bec66de4cf83","service":"user-service"}
{"level":"info","message":"Hello world","service":"user-service"}
{"level":"error","message":"Error message","service":"user-service"}
{"level":"info","message":"Server is running on port 5001","service":"user-service"}
{"level":"info","message":"Hello world","service":"user-service"}
{"level":"error","message":"Error message","service":"user-service"}
{"level":"info","message":"Server is running on port 5001","service":"user-service"}
{"level":"info","message":"GET /api/profile/654e891cdac9bec66de4cf83","service":"user-service"}
{"level":"info","message":"GET /api/profile/654e891cdac9bec66de4cf83","service":"user-service"}
{"level":"info","message":"GET /api/profile/654e891cdac9bec66de4cf83","service":"user-service"}
{"level":"info","message":"GET /api/profile/654e891cdac9bec66de4cf83","service":"user-service"}
{"level":"info","message":"GET /api/profile/654e891cdac9bec66de4cf83","service":"user-service"}
{"level":"info","message":"GET /api/profile/654e891cdac9bec66de4cf83","service":"user-service"}
{"level":"info","message":"GET /api/profile/654e891cdac9bec66de4cf83","service":"user-service"}
{"level":"info","message":"GET /api/profile/654e891cdac9bec66de4cf83","service":"user-service"}
{"level":"info","message":"GET /api/profile/654e891cdac9bec66de4cf83","service":"user-service"}
{"level":"info","message":"GET /api/profile/654e891cdac9bec66de4cf83","service":"user-service"}
{"level":"info","message":"GET /api/profile/654e891cdac9bec66de4cf83","service":"user-service"}
{"level":"info","message":"GET /api/profile/654e891cdac9bec66de4cf83","service":"user-service"}
{"level":"info","message":"GET /api/profile/654e891cdac9bec66de4cf83","service":"user-service"}
{"level":"info","message":"GET /api/profile/654e891cdac9bec66de4cf83","service":"user-service"}
{"level":"info","message":"GET /api/profile/654e891cdac9bec66de4cf83","service":"user-service"}
{"level":"info","message":"GET /api/profile/654e891cdac9bec66de4cf83","service":"user-service"}
{"level":"info","message":"GET /api/profile/654e891cdac9bec66de4cf83","service":"user-service"}
{"level":"info","message":"GET /api/profile/654e891cdac9bec66de4cf83","service":"user-service"}
{"level":"info","message":"Hello world","service":"user-service"}
{"level":"error","message":"Error message","service":"user-service"}
{"level":"info","message":"Server is running on port 5001","service":"user-service"}
{"level":"info","message":"Hello world","service":"user-service"}
{"level":"error","message":"Error message","service":"user-service"}
{"level":"info","message":"Server is running on port 5001","service":"user-service"}
{"level":"info","message":"Hello world","service":"user-service"}
{"level":"error","message":"Error message","service":"user-service"}
{"level":"info","message":"Server is running on port 5001","service":"user-service"}
{"level":"info","message":"Hello world","service":"user-service"}
{"level":"error","message":"Error message","service":"user-service"}
{"level":"info","message":"Server is running on port 5001","service":"user-service"}
{"level":"info","message":"Hello world","service":"user-service"}
{"level":"error","message":"Error message","service":"user-service"}
{"level":"info","message":"Server is running on port 5001","service":"user-service"}
{"level":"info","message":"Hello world","service":"user-service"}
{"level":"error","message":"Error message","service":"user-service"}
{"level":"info","message":"Server is running on port 5001","service":"user-service"}
{"level":"info","message":"Hello world","service":"user-service"}
{"level":"error","message":"Error message","service":"user-service"}
{"level":"info","message":"Server is running on port 5001","service":"user-service"}
{"level":"info","message":"Hello world","service":"user-service"}
{"level":"error","message":"Error message","service":"user-service"}
{"level":"info","message":"Server is running on port 5001","service":"user-service"}
{"level":"info","message":"POST /api/auth/login","service":"user-service"}
{"email":"admin@admin.com","level":"info","message":"Login endpoint hit","service":"user-service"}
{"email":"admin@admin.com","level":"info","message":"Password matches","service":"user-service"}
{"email":"admin@admin.com","level":"info","message":"JWT token generated","service":"user-service","token":"eyJhbGciOiJIUzI1NiIsInR5cCI6IkpXVCJ9.eyJlbWFpbCI6ImFkbWluQGFkbWluLmNvbSIsImlkIjoiNjU0ZTg5MWNkYWM5YmVjNjZkZTRjZjgzIiwicm9sZSI6ImFkbWluIiwiaWF0IjoxNzAxMTIxMjA2LCJleHAiOjE3MDExMjQ4MDZ9.aRg7aydn_MKKwgHWrsiHgl2Ofa5_JwVson_11BfCBXo"}
{"level":"info","message":"GET /api/profile/me","service":"user-service"}
{"level":"info","message":"GET /api/profile/me","service":"user-service"}
{"level":"info","message":"POST /api/auth/register","service":"user-service"}
{"email":"student@student.com","level":"info","message":"Register endpoint hit","password":"student1","role":"student","service":"user-service","username":"student1"}
{"level":"info","message":"POST /api/auth/login","service":"user-service"}
{"email":"student@student.com","level":"info","message":"Login endpoint hit","service":"user-service"}
{"email":"student@student.com","level":"error","message":"Invalid credentials","service":"user-service"}
{"level":"info","message":"POST /api/auth/login","service":"user-service"}
{"email":"student@student.com","level":"info","message":"Login endpoint hit","service":"user-service"}
{"email":"student@student.com","level":"info","message":"Password matches","service":"user-service"}
{"email":"student@student.com","level":"info","message":"JWT token generated","service":"user-service","token":"eyJhbGciOiJIUzI1NiIsInR5cCI6IkpXVCJ9.eyJlbWFpbCI6InN0dWRlbnRAc3R1ZGVudC5jb20iLCJpZCI6IjY1NjUwZjU4OTUzMTVjMjdkZmE3ZDg3MSIsInJvbGUiOiJzdHVkZW50IiwiaWF0IjoxNzAxMTIxOTgyLCJleHAiOjE3MDExMjU1ODJ9.T9VCNDLr4Zd0-px4rEbQ0wpEuBXAKYsFvcf5AqEUMXk"}
{"level":"info","message":"GET /api/profile/me","service":"user-service"}
{"level":"info","message":"GET /api/profile/me","service":"user-service"}
{"level":"info","message":"POST /api/auth/register","service":"user-service"}
{"email":"student2@student.com","level":"info","message":"Register endpoint hit","password":"student2","phoneNumber":"6828628815","role":"student","service":"user-service","username":"student2"}
{"level":"info","message":"POST /api/auth/login","service":"user-service"}
{"email":"student2@student.com","level":"info","message":"Login endpoint hit","service":"user-service"}
{"email":"student2@student.com","level":"info","message":"Password matches","service":"user-service"}
{"email":"student2@student.com","level":"info","message":"JWT token generated","service":"user-service","token":"eyJhbGciOiJIUzI1NiIsInR5cCI6IkpXVCJ9.eyJlbWFpbCI6InN0dWRlbnQyQHN0dWRlbnQuY29tIiwiaWQiOiI2NTY1MTIwYTk1MzE1YzI3ZGZhN2Q4NzYiLCJyb2xlIjoic3R1ZGVudCIsImlhdCI6MTcwMTEyMjU5MCwiZXhwIjoxNzAxMTI2MTkwfQ.pax2sVJJKqtpcXSDFQS1TvSLWVZdLU2eefftjxMs44k"}
{"level":"info","message":"GET /api/profile/me","service":"user-service"}
{"level":"info","message":"GET /api/profile/me","service":"user-service"}
{"level":"info","message":"GET /api/profile/me","service":"user-service"}
{"level":"info","message":"GET /api/profile/me","service":"user-service"}
{"level":"info","message":"GET /api/profile/me","service":"user-service"}
{"level":"info","message":"GET /api/profile/me","service":"user-service"}
{"level":"info","message":"Hello world","service":"user-service"}
{"level":"error","message":"Error message","service":"user-service"}
{"level":"info","message":"Server is running on port 5001","service":"user-service"}
{"level":"info","message":"Hello world","service":"user-service"}
{"level":"error","message":"Error message","service":"user-service"}
{"level":"info","message":"Server is running on port 5001","service":"user-service"}
{"level":"info","message":"GET /api/profile/me","service":"user-service"}
{"level":"info","message":"GET /api/profile/me","service":"user-service"}
{"level":"info","message":"Hello world","service":"user-service"}
{"level":"error","message":"Error message","service":"user-service"}
{"level":"info","message":"Server is running on port 5001","service":"user-service"}
{"level":"info","message":"GET /api/profile/me","service":"user-service"}
{"level":"info","message":"GET /api/profile/me","service":"user-service"}
{"level":"info","message":"POST /api/auth/login","service":"user-service"}
{"email":"student2@student.com","level":"info","message":"Login endpoint hit","service":"user-service"}
{"email":"student2@student.com","level":"info","message":"Password matches","service":"user-service"}
{"email":"student2@student.com","level":"info","message":"JWT token generated","service":"user-service","token":"eyJhbGciOiJIUzI1NiIsInR5cCI6IkpXVCJ9.eyJlbWFpbCI6InN0dWRlbnQyQHN0dWRlbnQuY29tIiwiaWQiOiI2NTY1MTIwYTk1MzE1YzI3ZGZhN2Q4NzYiLCJyb2xlIjoic3R1ZGVudCIsImlhdCI6MTcwMTEyMzg1OSwiZXhwIjoxNzAxMTI3NDU5fQ.xDs8YkJgpsGKSXAoozdcQO0nRyJPwTpNhKTrl-abC-E"}
{"level":"info","message":"GET /api/profile/me","service":"user-service"}
{"level":"info","message":"GET /api/profile/me","service":"user-service"}
{"level":"info","message":"Hello world","service":"user-service"}
{"level":"error","message":"Error message","service":"user-service"}
{"level":"info","message":"Server is running on port 5001","service":"user-service"}
{"level":"info","message":"Hello world","service":"user-service"}
{"level":"error","message":"Error message","service":"user-service"}
{"level":"info","message":"Server is running on port 5001","service":"user-service"}
{"level":"info","message":"Hello world","service":"user-service"}
{"level":"error","message":"Error message","service":"user-service"}
{"level":"info","message":"Server is running on port 5001","service":"user-service"}
{"level":"info","message":"Hello world","service":"user-service"}
{"level":"error","message":"Error message","service":"user-service"}
{"level":"info","message":"Server is running on port 5001","service":"user-service"}
{"level":"info","message":"GET /api/profile/me","service":"user-service"}
{"level":"info","message":"GET /api/profile/me","service":"user-service"}
{"level":"info","message":"GET /api/profile/me","service":"user-service"}
{"level":"info","message":"GET /api/profile/me","service":"user-service"}
{"level":"info","message":"POST /api/auth/login","service":"user-service"}
{"email":"student2@student.com","level":"info","message":"Login endpoint hit","service":"user-service"}
{"email":"student2@student.com","level":"info","message":"Password matches","service":"user-service"}
{"email":"student2@student.com","level":"info","message":"JWT token generated","service":"user-service","token":"eyJhbGciOiJIUzI1NiIsInR5cCI6IkpXVCJ9.eyJlbWFpbCI6InN0dWRlbnQyQHN0dWRlbnQuY29tIiwiaWQiOiI2NTY1MTIwYTk1MzE1YzI3ZGZhN2Q4NzYiLCJyb2xlIjoic3R1ZGVudCIsImlhdCI6MTcwMTEyNDEyOCwiZXhwIjoxNzAxMTI3NzI4fQ.u9prVEKFEyhR6nNHELRPW7mvUcYAEmsdx7JlXZR1u1k"}
{"level":"info","message":"GET /api/profile/me","service":"user-service"}
{"level":"info","message":"GET /api/profile/me","service":"user-service"}
{"level":"info","message":"Hello world","service":"user-service"}
{"level":"error","message":"Error message","service":"user-service"}
{"level":"info","message":"Server is running on port 5001","service":"user-service"}
{"level":"info","message":"Hello world","service":"user-service"}
{"level":"error","message":"Error message","service":"user-service"}
{"level":"info","message":"Server is running on port 5001","service":"user-service"}
{"level":"info","message":"GET /api/profile/me","service":"user-service"}
{"level":"info","message":"GET /api/profile/me","service":"user-service"}
{"level":"info","message":"GET /api/profile/me","service":"user-service"}
{"level":"info","message":"GET /api/profile/me","service":"user-service"}
{"level":"info","message":"GET /api/profile/me","service":"user-service"}
{"level":"info","message":"POST /api/auth/login","service":"user-service"}
{"email":"admin@admin.com","level":"info","message":"Login endpoint hit","service":"user-service"}
{"email":"admin@admin.com","level":"error","message":"Invalid credentials","service":"user-service"}
{"level":"info","message":"POST /api/auth/login","service":"user-service"}
{"email":"admin@admin.com","level":"info","message":"Login endpoint hit","service":"user-service"}
{"email":"admin@admin.com","level":"info","message":"Password matches","service":"user-service"}
{"email":"admin@admin.com","level":"info","message":"JWT token generated","service":"user-service","token":"eyJhbGciOiJIUzI1NiIsInR5cCI6IkpXVCJ9.eyJlbWFpbCI6ImFkbWluQGFkbWluLmNvbSIsImlkIjoiNjU0ZTg5MWNkYWM5YmVjNjZkZTRjZjgzIiwicm9sZSI6ImFkbWluIiwiaWF0IjoxNzAxMTI1NDM2LCJleHAiOjE3MDExMjkwMzZ9.qbRF_C-5xtUTrIBVvPhGa4kdWWFKpns30BVeMFwubiM"}
{"level":"info","message":"GET /api/profile/me","service":"user-service"}
{"level":"info","message":"GET /api/profile/me","service":"user-service"}
{"level":"info","message":"GET /api/profile/me","service":"user-service"}
{"level":"info","message":"GET /api/profile/me","service":"user-service"}
{"level":"info","message":"GET /api/profile/me","service":"user-service"}
{"level":"info","message":"PUT /api/profile/me","service":"user-service"}
{"level":"info","message":"PUT /api/profile/me","service":"user-service"}
{"level":"info","message":"GET /api/profile/me","service":"user-service"}
{"level":"info","message":"GET /api/profile/me","service":"user-service"}
{"level":"info","message":"POST /api/auth/login","service":"user-service"}
{"email":"student2@student.com","level":"info","message":"Login endpoint hit","service":"user-service"}
{"email":"student2@student.com","level":"info","message":"Password matches","service":"user-service"}
{"email":"student2@student.com","level":"info","message":"JWT token generated","service":"user-service","token":"eyJhbGciOiJIUzI1NiIsInR5cCI6IkpXVCJ9.eyJlbWFpbCI6InN0dWRlbnQyQHN0dWRlbnQuY29tIiwiaWQiOiI2NTY1MTIwYTk1MzE1YzI3ZGZhN2Q4NzYiLCJyb2xlIjoic3R1ZGVudCIsImlhdCI6MTcwMTEyNjMzMCwiZXhwIjoxNzAxMTI5OTMwfQ.KMjoUiS2f6iy0H0HAYNHXbBT87-qVN4yPGZ53UO3deU"}
{"level":"info","message":"GET /api/profile/me","service":"user-service"}
{"level":"info","message":"GET /api/profile/me","service":"user-service"}
{"level":"info","message":"PUT /api/profile/me","service":"user-service"}
{"level":"info","message":"GET /api/profile/me","service":"user-service"}
{"level":"info","message":"GET /api/profile/me","service":"user-service"}
{"level":"info","message":"GET /api/profile/me","service":"user-service"}
{"level":"info","message":"PUT /api/profile/me","service":"user-service"}
{"level":"info","message":"POST /api/auth/login","service":"user-service"}
{"email":"student2@student.com","level":"info","message":"Login endpoint hit","service":"user-service"}
{"email":"student2@student.com","level":"error","message":"Invalid credentials","service":"user-service"}
{"level":"info","message":"POST /api/auth/login","service":"user-service"}
{"email":"student2@student.com","level":"info","message":"Login endpoint hit","service":"user-service"}
{"email":"student2@student.com","level":"info","message":"Password matches","service":"user-service"}
{"email":"student2@student.com","level":"info","message":"JWT token generated","service":"user-service","token":"eyJhbGciOiJIUzI1NiIsInR5cCI6IkpXVCJ9.eyJlbWFpbCI6InN0dWRlbnQyQHN0dWRlbnQuY29tIiwiaWQiOiI2NTY1MTIwYTk1MzE1YzI3ZGZhN2Q4NzYiLCJyb2xlIjoic3R1ZGVudCIsImlhdCI6MTcwMTEyNzQxNywiZXhwIjoxNzAxMTMxMDE3fQ.nFtke6ydchOouN6yYfPjegDnelOihic-H6STu0Tovuc"}
{"level":"info","message":"GET /api/profile/me","service":"user-service"}
{"level":"info","message":"GET /api/profile/me","service":"user-service"}
{"level":"info","message":"PUT /api/profile/me","service":"user-service"}
{"level":"info","message":"GET /api/courses","service":"user-service"}
{"level":"info","message":"GET /api/courses","service":"user-service"}
{"level":"info","message":"GET /api/courses","service":"user-service"}
{"level":"info","message":"GET /api/courses","service":"user-service"}
{"level":"info","message":"POST /api/auth/login","service":"user-service"}
{"email":"admin@admin.com","level":"info","message":"Login endpoint hit","service":"user-service"}
{"email":"admin@admin.com","level":"info","message":"Password matches","service":"user-service"}
{"email":"admin@admin.com","level":"info","message":"JWT token generated","service":"user-service","token":"eyJhbGciOiJIUzI1NiIsInR5cCI6IkpXVCJ9.eyJlbWFpbCI6ImFkbWluQGFkbWluLmNvbSIsImlkIjoiNjU0ZTg5MWNkYWM5YmVjNjZkZTRjZjgzIiwicm9sZSI6ImFkbWluIiwiaWF0IjoxNzAxMTI4MjgyLCJleHAiOjE3MDExMzE4ODJ9.YxgxitmXmvQmD1tqEj_3Pryo9_u4IJJsJPHtX1Ffxi0"}
{"level":"info","message":"GET /api/courses","service":"user-service"}
{"level":"info","message":"GET /api/courses","service":"user-service"}
{"level":"info","message":"GET /api/courses","service":"user-service"}
{"level":"info","message":"GET /api/courses","service":"user-service"}
{"level":"info","message":"GET /api/courses","service":"user-service"}
{"level":"info","message":"GET /api/courses","service":"user-service"}
{"level":"info","message":"GET /api/courses","service":"user-service"}
{"level":"info","message":"GET /api/courses","service":"user-service"}
{"level":"info","message":"GET /api/courses","service":"user-service"}
{"level":"info","message":"GET /api/courses","service":"user-service"}
{"level":"info","message":"GET /api/profile/me","service":"user-service"}
{"level":"info","message":"GET /api/profile/me","service":"user-service"}
{"level":"info","message":"GET /api/courses","service":"user-service"}
{"level":"info","message":"GET /api/courses","service":"user-service"}
{"level":"info","message":"POST /api/auth/login","service":"user-service"}
{"email":"admin@admin.com","level":"info","message":"Login endpoint hit","service":"user-service"}
{"email":"admin@admin.com","level":"info","message":"Password matches","service":"user-service"}
{"email":"admin@admin.com","level":"info","message":"JWT token generated","service":"user-service","token":"eyJhbGciOiJIUzI1NiIsInR5cCI6IkpXVCJ9.eyJlbWFpbCI6ImFkbWluQGFkbWluLmNvbSIsImlkIjoiNjU0ZTg5MWNkYWM5YmVjNjZkZTRjZjgzIiwicm9sZSI6ImFkbWluIiwiaWF0IjoxNzAxMTI4ODIzLCJleHAiOjE3MDExMzI0MjN9.xgQuAS_VFtwWc9vsKKU6B34GFQELIzroAAanbKZ8mA4"}
{"level":"info","message":"GET /api/courses","service":"user-service"}
{"level":"info","message":"GET /api/courses","service":"user-service"}
{"level":"info","message":"POST /api/auth/login","service":"user-service"}
{"email":"admin@admin.com","level":"info","message":"Login endpoint hit","service":"user-service"}
{"email":"admin@admin.com","level":"info","message":"Password matches","service":"user-service"}
{"email":"admin@admin.com","level":"info","message":"JWT token generated","service":"user-service","token":"eyJhbGciOiJIUzI1NiIsInR5cCI6IkpXVCJ9.eyJlbWFpbCI6ImFkbWluQGFkbWluLmNvbSIsImlkIjoiNjU0ZTg5MWNkYWM5YmVjNjZkZTRjZjgzIiwicm9sZSI6ImFkbWluIiwiaWF0IjoxNzAxMTI5MTM5LCJleHAiOjE3MDExMzI3Mzl9.USI8aUaiCaIekqnmNqTh1NEWCCl6QZUUNP08btSKWG4"}
{"level":"info","message":"GET /api/courses","service":"user-service"}
{"level":"info","message":"GET /api/courses","service":"user-service"}
{"level":"info","message":"GET /api/courses","service":"user-service"}
{"level":"info","message":"GET /api/courses","service":"user-service"}
{"level":"info","message":"GET /api/courses","service":"user-service"}
{"level":"info","message":"GET /api/courses","service":"user-service"}
{"level":"info","message":"POST /api/auth/login","service":"user-service"}
{"email":"admin@admin.com","level":"info","message":"Login endpoint hit","service":"user-service"}
{"email":"admin@admin.com","level":"info","message":"Password matches","service":"user-service"}
{"email":"admin@admin.com","level":"info","message":"JWT token generated","service":"user-service","token":"eyJhbGciOiJIUzI1NiIsInR5cCI6IkpXVCJ9.eyJlbWFpbCI6ImFkbWluQGFkbWluLmNvbSIsImlkIjoiNjU0ZTg5MWNkYWM5YmVjNjZkZTRjZjgzIiwicm9sZSI6ImFkbWluIiwiaWF0IjoxNzAxMTI5MzYxLCJleHAiOjE3MDExMzI5NjF9.AnS84251gAk1REIOvmv2HWruQrT3pRmFGhxveRMoroo"}
{"level":"info","message":"GET /api/courses","service":"user-service"}
{"level":"info","message":"GET /api/courses","service":"user-service"}
{"level":"info","message":"GET /api/courses","service":"user-service"}
{"level":"info","message":"GET /api/courses","service":"user-service"}
{"level":"info","message":"POST /api/auth/login","service":"user-service"}
{"email":"admin@admin.com","level":"info","message":"Login endpoint hit","service":"user-service"}
{"email":"admin@admin.com","level":"info","message":"Password matches","service":"user-service"}
{"email":"admin@admin.com","level":"info","message":"JWT token generated","service":"user-service","token":"eyJhbGciOiJIUzI1NiIsInR5cCI6IkpXVCJ9.eyJlbWFpbCI6ImFkbWluQGFkbWluLmNvbSIsImlkIjoiNjU0ZTg5MWNkYWM5YmVjNjZkZTRjZjgzIiwicm9sZSI6ImFkbWluIiwiaWF0IjoxNzAxMTI5NDA3LCJleHAiOjE3MDExMzMwMDd9.i08LGfeq3rYHd_HKoi_68IA4kS_idz2jJjuwhGiaj8I"}
{"level":"info","message":"GET /api/courses","service":"user-service"}
{"level":"info","message":"GET /api/courses","service":"user-service"}
{"level":"info","message":"GET /api/courses","service":"user-service"}
{"level":"info","message":"GET /api/courses","service":"user-service"}
{"level":"info","message":"GET /api/courses","service":"user-service"}
{"level":"info","message":"GET /api/courses","service":"user-service"}
{"level":"info","message":"GET /api/courses","service":"user-service"}
{"level":"info","message":"GET /api/courses","service":"user-service"}
{"level":"info","message":"GET /api/courses","service":"user-service"}
{"level":"info","message":"GET /api/courses","service":"user-service"}
{"level":"info","message":"GET /api/courses","service":"user-service"}
{"level":"info","message":"GET /api/courses","service":"user-service"}
{"level":"info","message":"GET /api/courses","service":"user-service"}
{"level":"info","message":"GET /api/courses","service":"user-service"}
{"level":"info","message":"POST /api/auth/login","service":"user-service"}
{"email":"admin@admin.com","level":"info","message":"Login endpoint hit","service":"user-service"}
{"email":"admin@admin.com","level":"info","message":"Password matches","service":"user-service"}
{"email":"admin@admin.com","level":"info","message":"JWT token generated","service":"user-service","token":"eyJhbGciOiJIUzI1NiIsInR5cCI6IkpXVCJ9.eyJlbWFpbCI6ImFkbWluQGFkbWluLmNvbSIsImlkIjoiNjU0ZTg5MWNkYWM5YmVjNjZkZTRjZjgzIiwicm9sZSI6ImFkbWluIiwiaWF0IjoxNzAxMTM3MDUxLCJleHAiOjE3MDExNDA2NTF9.Fsn61JDDHRTv-XYgzPTXTLQnkFAyeeZVkocqAA327Ss"}
{"level":"info","message":"POST /api/auth/login","service":"user-service"}
{"email":"admin@admin.com","level":"info","message":"Login endpoint hit","service":"user-service"}
{"email":"admin@admin.com","level":"info","message":"Password matches","service":"user-service"}
{"email":"admin@admin.com","level":"info","message":"JWT token generated","service":"user-service","token":"eyJhbGciOiJIUzI1NiIsInR5cCI6IkpXVCJ9.eyJlbWFpbCI6ImFkbWluQGFkbWluLmNvbSIsImlkIjoiNjU0ZTg5MWNkYWM5YmVjNjZkZTRjZjgzIiwicm9sZSI6ImFkbWluIiwiaWF0IjoxNzAxMTM3MDcyLCJleHAiOjE3MDExNDA2NzJ9.52-ylako4QuzeUZSL-XIbc8KpKnr0Ur_M-eNo48uN-I"}
{"level":"info","message":"POST /api/auth/login","service":"user-service"}
{"email":"admin@admin.com","level":"info","message":"Login endpoint hit","service":"user-service"}
{"email":"admin@admin.com","level":"info","message":"Password matches","service":"user-service"}
{"email":"admin@admin.com","level":"info","message":"JWT token generated","service":"user-service","token":"eyJhbGciOiJIUzI1NiIsInR5cCI6IkpXVCJ9.eyJlbWFpbCI6ImFkbWluQGFkbWluLmNvbSIsImlkIjoiNjU0ZTg5MWNkYWM5YmVjNjZkZTRjZjgzIiwicm9sZSI6ImFkbWluIiwiaWF0IjoxNzAxMTM3MTE4LCJleHAiOjE3MDExNDA3MTh9.tA-c1aiTHAdF2_kPYTBDf1HAoXtvRoLb0-1yCWKByM4"}
{"level":"info","message":"GET /api/courses","service":"user-service"}
{"level":"info","message":"GET /api/courses","service":"user-service"}
{"level":"info","message":"POST /api/auth/login","service":"user-service"}
{"email":"admin@admin.com","level":"info","message":"Login endpoint hit","service":"user-service"}
{"email":"admin@admin.com","level":"info","message":"Password matches","service":"user-service"}
{"email":"admin@admin.com","level":"info","message":"JWT token generated","service":"user-service","token":"eyJhbGciOiJIUzI1NiIsInR5cCI6IkpXVCJ9.eyJlbWFpbCI6ImFkbWluQGFkbWluLmNvbSIsImlkIjoiNjU0ZTg5MWNkYWM5YmVjNjZkZTRjZjgzIiwicm9sZSI6ImFkbWluIiwiaWF0IjoxNzAxMTM3NjMzLCJleHAiOjE3MDExNDEyMzN9.Bu0CjureS4rTd-Up6DzU0K-itsG_oVQrmJK6koXp7lc"}
{"level":"info","message":"GET /api/courses","service":"user-service"}
{"level":"info","message":"GET /api/courses","service":"user-service"}
{"level":"info","message":"GET /api/courses","service":"user-service"}
{"level":"info","message":"GET /api/courses","service":"user-service"}
{"level":"info","message":"GET /api/profile/me","service":"user-service"}
{"level":"info","message":"GET /api/profile/me","service":"user-service"}
{"level":"info","message":"GET /api/profile/me","service":"user-service"}
{"level":"info","message":"GET /api/profile/me","service":"user-service"}
{"level":"info","message":"GET /api/profile/me","service":"user-service"}
{"level":"info","message":"GET /api/profile/me","service":"user-service"}
{"level":"info","message":"GET /api/profile/me","service":"user-service"}
{"level":"info","message":"GET /api/profile/me","service":"user-service"}
{"level":"info","message":"POST /api/auth/login","service":"user-service"}
{"email":"admin@admin.com","level":"info","message":"Login endpoint hit","service":"user-service"}
{"email":"admin@admin.com","level":"info","message":"Password matches","service":"user-service"}
{"email":"admin@admin.com","level":"info","message":"JWT token generated","service":"user-service","token":"eyJhbGciOiJIUzI1NiIsInR5cCI6IkpXVCJ9.eyJlbWFpbCI6ImFkbWluQGFkbWluLmNvbSIsImlkIjoiNjU0ZTg5MWNkYWM5YmVjNjZkZTRjZjgzIiwicm9sZSI6ImFkbWluIiwiaWF0IjoxNzAxMTM3NjgyLCJleHAiOjE3MDExNDEyODJ9.hZnpkyKVuQ7QMFfUhrOQzvNB_dQ38CxjkOiCkvMS0NA"}
{"level":"info","message":"GET /api/profile/me","service":"user-service"}
{"level":"info","message":"GET /api/profile/me","service":"user-service"}
{"level":"info","message":"GET /api/courses","service":"user-service"}
{"level":"info","message":"GET /api/courses","service":"user-service"}
{"level":"info","message":"GET /api/profile/me","service":"user-service"}
{"level":"info","message":"GET /api/profile/me","service":"user-service"}
{"level":"info","message":"GET /api/courses","service":"user-service"}
{"level":"info","message":"GET /api/courses","service":"user-service"}
{"level":"info","message":"GET /api/courses","service":"user-service"}
{"level":"info","message":"GET /api/courses","service":"user-service"}
{"level":"info","message":"POST /api/auth/login","service":"user-service"}
{"email":"admin@admin.com","level":"info","message":"Login endpoint hit","service":"user-service"}
{"email":"admin@admin.com","level":"info","message":"Password matches","service":"user-service"}
{"email":"admin@admin.com","level":"info","message":"JWT token generated","service":"user-service","token":"eyJhbGciOiJIUzI1NiIsInR5cCI6IkpXVCJ9.eyJlbWFpbCI6ImFkbWluQGFkbWluLmNvbSIsImlkIjoiNjU0ZTg5MWNkYWM5YmVjNjZkZTRjZjgzIiwicm9sZSI6ImFkbWluIiwiaWF0IjoxNzAxMTM3ODczLCJleHAiOjE3MDExNDE0NzN9.Kooqu-emFP3vpZtt5W2mFSyC4YEnZqli3azjnCC_dq4"}
{"level":"info","message":"GET /api/courses","service":"user-service"}
{"level":"info","message":"GET /api/courses","service":"user-service"}
{"level":"info","message":"GET /api/profile/me","service":"user-service"}
{"level":"info","message":"GET /api/profile/me","service":"user-service"}
{"level":"info","message":"GET /api/profile/me","service":"user-service"}
{"level":"info","message":"GET /api/profile/me","service":"user-service"}
{"level":"info","message":"GET /api/profile/me","service":"user-service"}
{"level":"info","message":"GET /api/profile/me","service":"user-service"}
{"level":"info","message":"GET /api/profile/me","service":"user-service"}
{"level":"info","message":"GET /api/profile/me","service":"user-service"}
{"level":"info","message":"POST /api/auth/login","service":"user-service"}
{"email":"admin@admin.com","level":"info","message":"Login endpoint hit","service":"user-service"}
{"email":"admin@admin.com","level":"info","message":"Password matches","service":"user-service"}
{"email":"admin@admin.com","level":"info","message":"JWT token generated","service":"user-service","token":"eyJhbGciOiJIUzI1NiIsInR5cCI6IkpXVCJ9.eyJlbWFpbCI6ImFkbWluQGFkbWluLmNvbSIsImlkIjoiNjU0ZTg5MWNkYWM5YmVjNjZkZTRjZjgzIiwicm9sZSI6ImFkbWluIiwiaWF0IjoxNzAxMTM4MjQ2LCJleHAiOjE3MDExNDE4NDZ9.MnVkLwiX31vf4Q4Z-Cd9CLr_bu7oYoq1zzAuK4XeDK0"}
{"level":"info","message":"GET /api/courses","service":"user-service"}
{"level":"info","message":"GET /api/courses","service":"user-service"}
{"level":"info","message":"GET /api/courses","service":"user-service"}
{"level":"info","message":"GET /api/courses","service":"user-service"}
{"level":"info","message":"GET /api/courses","service":"user-service"}
{"level":"info","message":"GET /api/courses","service":"user-service"}
{"level":"info","message":"GET /api/courses","service":"user-service"}
{"level":"info","message":"GET /api/courses","service":"user-service"}
{"level":"info","message":"GET /api/courses","service":"user-service"}
{"level":"info","message":"GET /api/courses","service":"user-service"}
{"level":"info","message":"GET /api/profile/me","service":"user-service"}
{"level":"info","message":"GET /api/profile/me","service":"user-service"}
{"level":"info","message":"GET /api/courses","service":"user-service"}
{"level":"info","message":"GET /api/courses","service":"user-service"}
{"level":"info","message":"GET /api/courses","service":"user-service"}
{"level":"info","message":"GET /api/courses","service":"user-service"}
{"level":"info","message":"GET /api/courses","service":"user-service"}
{"level":"info","message":"GET /api/courses","service":"user-service"}
{"level":"info","message":"GET /api/courses","service":"user-service"}
{"level":"info","message":"GET /api/courses","service":"user-service"}
{"level":"info","message":"POST /api/auth/login","service":"user-service"}
{"email":"admin@admin.com","level":"info","message":"Login endpoint hit","service":"user-service"}
{"email":"admin@admin.com","level":"info","message":"Password matches","service":"user-service"}
{"email":"admin@admin.com","level":"info","message":"JWT token generated","service":"user-service","token":"eyJhbGciOiJIUzI1NiIsInR5cCI6IkpXVCJ9.eyJlbWFpbCI6ImFkbWluQGFkbWluLmNvbSIsImlkIjoiNjU0ZTg5MWNkYWM5YmVjNjZkZTRjZjgzIiwicm9sZSI6ImFkbWluIiwiaWF0IjoxNzAxMTM4ODM4LCJleHAiOjE3MDExNDI0Mzh9.9OAAQtyzrZ2Fv7Ed1uLcK9fJ-7ox-PyMAW-c3rrKTDM"}
{"level":"info","message":"GET /api/profile/me","service":"user-service"}
{"level":"info","message":"GET /api/profile/me","service":"user-service"}
{"level":"info","message":"GET /api/courses","service":"user-service"}
{"level":"info","message":"GET /api/courses","service":"user-service"}
{"level":"info","message":"PATCH /api/courses/655d63bbf38ffa042635f824","service":"user-service"}
{"level":"info","message":"GET /api/profile/me","service":"user-service"}
{"level":"info","message":"GET /api/profile/me","service":"user-service"}
{"level":"info","message":"PUT /api/profile/me","service":"user-service"}
{"level":"info","message":"POST /api/auth/login","service":"user-service"}
{"email":"admin@admin.com","level":"info","message":"Login endpoint hit","service":"user-service"}
{"email":"admin@admin.com","level":"info","message":"Password matches","service":"user-service"}
{"email":"admin@admin.com","level":"info","message":"JWT token generated","service":"user-service","token":"eyJhbGciOiJIUzI1NiIsInR5cCI6IkpXVCJ9.eyJlbWFpbCI6ImFkbWluQGFkbWluLmNvbSIsImlkIjoiNjU0ZTg5MWNkYWM5YmVjNjZkZTRjZjgzIiwicm9sZSI6ImFkbWluIiwiaWF0IjoxNzAxMTM5NDA0LCJleHAiOjE3MDExNDMwMDR9.Yo0nTjkYuIX8X2sZNM0NxDh9-BVKWM-KoyITP5dZqfc"}
{"level":"info","message":"GET /api/profile/me","service":"user-service"}
{"level":"info","message":"GET /api/profile/me","service":"user-service"}
{"level":"info","message":"GET /api/courses","service":"user-service"}
{"level":"info","message":"GET /api/courses","service":"user-service"}
{"level":"info","message":"GET /api/profile/654e891cdac9bec66de4cf83","service":"user-service"}
{"level":"info","message":"GET /api/profile/654e891cdac9bec66de4cf83","service":"user-service"}
{"level":"info","message":"Hello world","service":"user-service"}
{"level":"error","message":"Error message","service":"user-service"}
{"level":"info","message":"Server is running on port 5001","service":"user-service"}
{"level":"info","message":"GET /api/profile/654e891cdac9bec66de4cf83","service":"user-service"}
{"level":"info","message":"GET /api/profile/654e891cdac9bec66de4cf83","service":"user-service"}
{"level":"info","message":"POST /api/auth/login","service":"user-service"}
{"email":"student2@student.com","level":"info","message":"Login endpoint hit","service":"user-service"}
{"email":"student2@student.com","level":"info","message":"Password matches","service":"user-service"}
{"email":"student2@student.com","level":"info","message":"JWT token generated","service":"user-service","token":"eyJhbGciOiJIUzI1NiIsInR5cCI6IkpXVCJ9.eyJlbWFpbCI6InN0dWRlbnQyQHN0dWRlbnQuY29tIiwiaWQiOiI2NTY1MTIwYTk1MzE1YzI3ZGZhN2Q4NzYiLCJyb2xlIjoic3R1ZGVudCIsImlhdCI6MTcwMTE0MTI0OSwiZXhwIjoxNzAxMTQ0ODQ5fQ.skLZhji7f7lYieGacmxmh5C5Tsfe1KM7YO0iV6rYRjQ"}
{"level":"info","message":"GET /api/courses","service":"user-service"}
{"level":"info","message":"GET /api/courses","service":"user-service"}
{"level":"info","message":"GET /api/courses","service":"user-service"}
{"level":"info","message":"GET /api/courses","service":"user-service"}
{"level":"info","message":"POST /api/courses/654dc1b2f4832491bace6032/enroll","service":"user-service"}
{"level":"info","message":"Hello world","service":"user-service"}
{"level":"error","message":"Error message","service":"user-service"}
{"level":"info","message":"Server is running on port 5001","service":"user-service"}
{"level":"info","message":"Hello world","service":"user-service"}
{"level":"error","message":"Error message","service":"user-service"}
{"level":"info","message":"Server is running on port 5001","service":"user-service"}
{"level":"info","message":"Hello world","service":"user-service"}
{"level":"error","message":"Error message","service":"user-service"}
{"level":"info","message":"Server is running on port 5001","service":"user-service"}
{"level":"info","message":"Hello world","service":"user-service"}
{"level":"error","message":"Error message","service":"user-service"}
{"level":"info","message":"Server is running on port 5001","service":"user-service"}
{"level":"info","message":"Hello world","service":"user-service"}
{"level":"error","message":"Error message","service":"user-service"}
{"level":"info","message":"Server is running on port 5001","service":"user-service"}
{"level":"info","message":"Hello world","service":"user-service"}
{"level":"error","message":"Error message","service":"user-service"}
{"level":"info","message":"Server is running on port 5001","service":"user-service"}
{"level":"info","message":"Hello world","service":"user-service"}
{"level":"error","message":"Error message","service":"user-service"}
{"level":"info","message":"Server is running on port 5001","service":"user-service"}
{"level":"info","message":"Hello world","service":"user-service"}
{"level":"error","message":"Error message","service":"user-service"}
{"level":"info","message":"Server is running on port 5001","service":"user-service"}
{"level":"info","message":"Hello world","service":"user-service"}
{"level":"error","message":"Error message","service":"user-service"}
{"level":"info","message":"Server is running on port 5001","service":"user-service"}
{"level":"info","message":"Hello world","service":"user-service"}
{"level":"error","message":"Error message","service":"user-service"}
{"level":"info","message":"Server is running on port 5001","service":"user-service"}
{"level":"info","message":"Hello world","service":"user-service"}
{"level":"error","message":"Error message","service":"user-service"}
{"level":"info","message":"Server is running on port 5001","service":"user-service"}
{"level":"info","message":"Hello world","service":"user-service"}
{"level":"error","message":"Error message","service":"user-service"}
{"level":"info","message":"Server is running on port 5001","service":"user-service"}
{"level":"info","message":"Hello world","service":"user-service"}
{"level":"error","message":"Error message","service":"user-service"}
{"level":"info","message":"Server is running on port 5001","service":"user-service"}
{"level":"info","message":"GET /api/courses","service":"user-service"}
{"level":"info","message":"GET /api/courses","service":"user-service"}
{"level":"info","message":"POST /api/courses/654dc1b2f4832491bace6032/enroll","service":"user-service"}
{"level":"info","message":"Hello world","service":"user-service"}
{"level":"error","message":"Error message","service":"user-service"}
{"level":"info","message":"Server is running on port 5001","service":"user-service"}
{"level":"info","message":"Hello world","service":"user-service"}
{"level":"error","message":"Error message","service":"user-service"}
{"level":"info","message":"Server is running on port 5001","service":"user-service"}
{"level":"info","message":"Hello world","service":"user-service"}
{"level":"error","message":"Error message","service":"user-service"}
{"level":"info","message":"Server is running on port 5001","service":"user-service"}
{"level":"info","message":"Hello world","service":"user-service"}
{"level":"error","message":"Error message","service":"user-service"}
{"level":"info","message":"Server is running on port 5001","service":"user-service"}
{"level":"info","message":"Hello world","service":"user-service"}
{"level":"error","message":"Error message","service":"user-service"}
{"level":"info","message":"Server is running on port 5001","service":"user-service"}
{"level":"info","message":"Hello world","service":"user-service"}
{"level":"error","message":"Error message","service":"user-service"}
{"level":"info","message":"Server is running on port 5001","service":"user-service"}
{"level":"info","message":"Hello world","service":"user-service"}
{"level":"error","message":"Error message","service":"user-service"}
{"level":"info","message":"Server is running on port 5001","service":"user-service"}
{"level":"info","message":"Hello world","service":"user-service"}
{"level":"error","message":"Error message","service":"user-service"}
{"level":"info","message":"Server is running on port 5001","service":"user-service"}
{"level":"info","message":"POST /api/courses/654dc1b2f4832491bace6032/enroll","service":"user-service"}
{"level":"info","message":"Hello world","service":"user-service"}
{"level":"error","message":"Error message","service":"user-service"}
{"level":"info","message":"Server is running on port 5001","service":"user-service"}
{"level":"info","message":"Hello world","service":"user-service"}
{"level":"error","message":"Error message","service":"user-service"}
{"level":"info","message":"Server is running on port 5001","service":"user-service"}
{"level":"info","message":"GET /api/courses","service":"user-service"}
{"level":"info","message":"GET /api/courses","service":"user-service"}
{"level":"info","message":"POST /api/courses/654dc1b2f4832491bace6032/enroll","service":"user-service"}
{"level":"info","message":"GET /api/modules/course/654dc1b2f4832491bace6032","service":"user-service"}
{"level":"info","message":"GET /api/modules/course/654dc1b2f4832491bace6032","service":"user-service"}
{"level":"info","message":"GET /api/modules/course/654dc1b2f4832491bace6032","service":"user-service"}
{"level":"info","message":"GET /api/modules/course/654dc1b2f4832491bace6032","service":"user-service"}
{"level":"info","message":"GET /api/courses","service":"user-service"}
{"level":"info","message":"GET /api/courses","service":"user-service"}
{"level":"info","message":"Hello world","service":"user-service"}
{"level":"error","message":"Error message","service":"user-service"}
{"level":"info","message":"Server is running on port 5001","service":"user-service"}
{"level":"info","message":"Hello world","service":"user-service"}
{"level":"error","message":"Error message","service":"user-service"}
{"level":"info","message":"Server is running on port 5001","service":"user-service"}
{"level":"info","message":"GET /api/courses","service":"user-service"}
{"level":"info","message":"Hello world","service":"user-service"}
{"level":"error","message":"Error message","service":"user-service"}
{"level":"info","message":"Server is running on port 5001","service":"user-service"}
{"level":"info","message":"Hello world","service":"user-service"}
{"level":"error","message":"Error message","service":"user-service"}
{"level":"info","message":"Server is running on port 5001","service":"user-service"}
{"level":"info","message":"GET /api/courses","service":"user-service"}
{"level":"info","message":"GET /api/courses","service":"user-service"}
{"level":"info","message":"POST /api/courses/654dc1b2f4832491bace6032/enroll","service":"user-service"}
{"level":"info","message":"GET /api/courses","service":"user-service"}
{"level":"info","message":"GET /api/courses","service":"user-service"}
{"level":"info","message":"POST /api/654dc1b2f4832491bace6032/enroll","service":"user-service"}
{"level":"info","message":"POST /api/654dc1b2f4832491bace6032/enroll","service":"user-service"}
{"level":"info","message":"GET /api/courses","service":"user-service"}
{"level":"info","message":"GET /api/courses","service":"user-service"}
{"level":"info","message":"POST /api/courses/654dc1b2f4832491bace6032/enroll","service":"user-service"}
{"level":"info","message":"POST /api/courses/654dc1b2f4832491bace6032/enroll","service":"user-service"}
{"level":"info","message":"GET /api/courses","service":"user-service"}
{"level":"info","message":"GET /api/courses","service":"user-service"}
{"level":"info","message":"POST /api/courses/654dc1b2f4832491bace6032/enroll","service":"user-service"}
{"level":"info","message":"Hello world","service":"user-service"}
{"level":"error","message":"Error message","service":"user-service"}
{"level":"info","message":"Server is running on port 5001","service":"user-service"}
{"level":"info","message":"GET /api/courses","service":"user-service"}
{"level":"info","message":"GET /api/courses","service":"user-service"}
{"level":"info","message":"POST /api/courses/65544172a5b4d5b1cf9627b4/enroll","service":"user-service"}
{"level":"info","message":"Hello world","service":"user-service"}
{"level":"error","message":"Error message","service":"user-service"}
{"level":"info","message":"Server is running on port 5001","service":"user-service"}
{"level":"info","message":"GET /api/courses","service":"user-service"}
{"level":"info","message":"GET /api/courses","service":"user-service"}
{"level":"info","message":"POST /api/courses/654dc1b2f4832491bace6032/enroll","service":"user-service"}
{"level":"info","message":"GET /api/profile/6565120a95315c27dfa7d876","service":"user-service"}
{"level":"info","message":"GET /api/profile/6565120a95315c27dfa7d876","service":"user-service"}
{"level":"info","message":"GET /api/profile/6565120a95315c27dfa7d876","service":"user-service"}
{"level":"info","message":"GET /api/profile/6565120a95315c27dfa7d876","service":"user-service"}
{"level":"info","message":"GET /api/courses","service":"user-service"}
{"level":"info","message":"GET /api/courses","service":"user-service"}
{"level":"info","message":"POST /api/courses/65544172a5b4d5b1cf9627b4/enroll","service":"user-service"}
{"level":"info","message":"GET /api/profile/6565120a95315c27dfa7d876","service":"user-service"}
{"level":"info","message":"GET /api/profile/6565120a95315c27dfa7d876","service":"user-service"}
{"level":"info","message":"GET /api/profile/6565120a95315c27dfa7d876","service":"user-service"}
{"level":"info","message":"GET /api/profile/6565120a95315c27dfa7d876","service":"user-service"}
{"level":"info","message":"GET /api/profile/6565120a95315c27dfa7d876","service":"user-service"}
{"level":"info","message":"GET /api/profile/6565120a95315c27dfa7d876","service":"user-service"}
{"level":"info","message":"GET /api/profile/6565120a95315c27dfa7d876","service":"user-service"}
{"level":"info","message":"GET /api/profile/6565120a95315c27dfa7d876","service":"user-service"}
{"level":"info","message":"GET /api/profile/6565120a95315c27dfa7d876","service":"user-service"}
{"level":"info","message":"GET /api/profile/6565120a95315c27dfa7d876","service":"user-service"}
{"level":"info","message":"GET /api/profile/6565120a95315c27dfa7d876","service":"user-service"}
{"level":"info","message":"GET /api/profile/6565120a95315c27dfa7d876","service":"user-service"}
{"level":"info","message":"GET /api/courses","service":"user-service"}
{"level":"info","message":"GET /api/courses","service":"user-service"}
{"level":"info","message":"GET /api/profile/6565120a95315c27dfa7d876","service":"user-service"}
{"level":"info","message":"GET /api/profile/6565120a95315c27dfa7d876","service":"user-service"}
{"level":"info","message":"GET /api/profile/6565120a95315c27dfa7d876","service":"user-service"}
{"level":"info","message":"GET /api/profile/6565120a95315c27dfa7d876","service":"user-service"}
{"level":"info","message":"GET /api/profile/6565120a95315c27dfa7d876","service":"user-service"}
{"level":"info","message":"GET /api/profile/6565120a95315c27dfa7d876","service":"user-service"}
{"level":"info","message":"GET /api/profile/6565120a95315c27dfa7d876","service":"user-service"}
{"level":"info","message":"GET /api/profile/6565120a95315c27dfa7d876","service":"user-service"}
{"level":"info","message":"GET /api/profile/6565120a95315c27dfa7d876","service":"user-service"}
{"level":"info","message":"GET /api/courses","service":"user-service"}
{"level":"info","message":"GET /api/courses","service":"user-service"}
{"level":"info","message":"POST /api/courses/654dc1b2f4832491bace6032/enroll","service":"user-service"}
{"level":"info","message":"POST /api/courses/654dc1b2f4832491bace6032/enroll","service":"user-service"}
{"level":"info","message":"POST /api/courses/654dc1b2f4832491bace6032/enroll","service":"user-service"}
{"level":"info","message":"POST /api/courses/654dc1b2f4832491bace6032/enroll","service":"user-service"}
{"level":"info","message":"GET /api/courses","service":"user-service"}
{"level":"info","message":"GET /api/courses","service":"user-service"}
{"level":"info","message":"POST /api/courses/654dc1b2f4832491bace6032/enroll","service":"user-service"}
{"level":"info","message":"POST /api/auth/login","service":"user-service"}
{"email":"student2@student.com","level":"info","message":"Login endpoint hit","service":"user-service"}
{"email":"student2@student.com","level":"info","message":"Password matches","service":"user-service"}
{"email":"student2@student.com","level":"info","message":"JWT token generated","service":"user-service","token":"eyJhbGciOiJIUzI1NiIsInR5cCI6IkpXVCJ9.eyJlbWFpbCI6InN0dWRlbnQyQHN0dWRlbnQuY29tIiwiaWQiOiI2NTY1MTIwYTk1MzE1YzI3ZGZhN2Q4NzYiLCJyb2xlIjoic3R1ZGVudCIsImlhdCI6MTcwMTE0NjU5NiwiZXhwIjoxNzAxMTUwMTk2fQ.YQhy7OhD54ukscqRbhXr6PRFO9P8K887oHvmmwt52ek"}
{"level":"info","message":"GET /api/courses","service":"user-service"}
{"level":"info","message":"GET /api/courses","service":"user-service"}
{"level":"info","message":"POST /api/courses/654dc1b2f4832491bace6032/enroll","service":"user-service"}
{"level":"info","message":"GET /api/profile/6565120a95315c27dfa7d876","service":"user-service"}
{"level":"info","message":"GET /api/profile/6565120a95315c27dfa7d876","service":"user-service"}
{"level":"info","message":"GET /api/profile/6565120a95315c27dfa7d876","service":"user-service"}
{"level":"info","message":"GET /api/profile/6565120a95315c27dfa7d876","service":"user-service"}
{"level":"info","message":"GET /api/profile/6565120a95315c27dfa7d876","service":"user-service"}
{"level":"info","message":"GET /api/courses","service":"user-service"}
{"level":"info","message":"GET /api/courses","service":"user-service"}
{"level":"info","message":"POST /api/courses/654dc1b2f4832491bace6032/enroll","service":"user-service"}
{"level":"info","message":"GET /api/profile/6565120a95315c27dfa7d876","service":"user-service"}
{"level":"info","message":"GET /api/profile/6565120a95315c27dfa7d876","service":"user-service"}
{"level":"info","message":"GET /api/courses","service":"user-service"}
{"level":"info","message":"GET /api/courses","service":"user-service"}
{"level":"info","message":"POST /api/courses/654dc1b2f4832491bace6032/enroll","service":"user-service"}
{"level":"info","message":"GET /api/courses","service":"user-service"}
{"level":"info","message":"GET /api/courses","service":"user-service"}
{"level":"info","message":"POST /api/courses/654dc1b2f4832491bace6032/enroll","service":"user-service"}
{"level":"info","message":"POST /api/courses/655d63bbf38ffa042635f824/enroll","service":"user-service"}
{"level":"info","message":"Hello world","service":"user-service"}
{"level":"error","message":"Error message","service":"user-service"}
{"level":"info","message":"Server is running on port 5001","service":"user-service"}
{"level":"info","message":"GET /api/courses","service":"user-service"}
{"level":"info","message":"GET /api/courses","service":"user-service"}
{"level":"info","message":"POST /api/courses/654dc1b2f4832491bace6032/enroll","service":"user-service"}
{"level":"info","message":"Hello world","service":"user-service"}
{"level":"error","message":"Error message","service":"user-service"}
{"level":"info","message":"Server is running on port 5001","service":"user-service"}
{"level":"info","message":"Hello world","service":"user-service"}
{"level":"error","message":"Error message","service":"user-service"}
{"level":"info","message":"Server is running on port 5001","service":"user-service"}
{"level":"info","message":"Hello world","service":"user-service"}
{"level":"error","message":"Error message","service":"user-service"}
{"level":"info","message":"Server is running on port 5001","service":"user-service"}
{"level":"info","message":"GET /api/courses","service":"user-service"}
{"level":"info","message":"GET /api/courses","service":"user-service"}
{"level":"info","message":"POST /api/courses/654dc1b2f4832491bace6032/enroll","service":"user-service"}
{"level":"info","message":"Hello world","service":"user-service"}
{"level":"error","message":"Error message","service":"user-service"}
{"level":"info","message":"Server is running on port 5001","service":"user-service"}
{"level":"info","message":"GET /api/courses","service":"user-service"}
{"level":"info","message":"GET /api/courses","service":"user-service"}
{"level":"info","message":"POST /api/courses/654dc1b2f4832491bace6032/enroll","service":"user-service"}
{"level":"info","message":"Hello world","service":"user-service"}
{"level":"error","message":"Error message","service":"user-service"}
{"level":"info","message":"Server is running on port 5001","service":"user-service"}
{"level":"info","message":"POST /api/courses/654dc1b2f4832491bace6032/enroll","service":"user-service"}
{"level":"info","message":"GET /api/profile/6565120a95315c27dfa7d876","service":"user-service"}
{"level":"info","message":"GET /api/profile/6565120a95315c27dfa7d876","service":"user-service"}
{"level":"info","message":"GET /api/courses","service":"user-service"}
{"level":"info","message":"GET /api/courses","service":"user-service"}
{"level":"info","message":"POST /api/courses/65544172a5b4d5b1cf9627b4/enroll","service":"user-service"}
{"level":"info","message":"POST /api/courses/655d63bbf38ffa042635f824/enroll","service":"user-service"}
{"level":"info","message":"GET /api/courses","service":"user-service"}
{"level":"info","message":"GET /api/courses","service":"user-service"}
{"level":"info","message":"GET /api/profile/6565120a95315c27dfa7d876","service":"user-service"}
{"level":"info","message":"GET /api/profile/6565120a95315c27dfa7d876","service":"user-service"}
{"level":"info","message":"GET /api/courses","service":"user-service"}
{"level":"info","message":"GET /api/courses","service":"user-service"}
{"level":"info","message":"GET /api/profile/6565120a95315c27dfa7d876","service":"user-service"}
{"level":"info","message":"GET /api/profile/6565120a95315c27dfa7d876","service":"user-service"}
{"level":"info","message":"GET /api/profile/6565120a95315c27dfa7d876","service":"user-service"}
{"level":"info","message":"GET /api/profile/6565120a95315c27dfa7d876","service":"user-service"}
{"level":"info","message":"GET /api/profile/6565120a95315c27dfa7d876","service":"user-service"}
{"level":"info","message":"GET /api/profile/6565120a95315c27dfa7d876","service":"user-service"}
{"level":"info","message":"GET /api/profile/6565120a95315c27dfa7d876","service":"user-service"}
{"level":"info","message":"GET /api/profile/6565120a95315c27dfa7d876","service":"user-service"}
{"level":"info","message":"Hello world","service":"user-service"}
{"level":"error","message":"Error message","service":"user-service"}
{"level":"info","message":"Server is running on port 5001","service":"user-service"}
{"level":"info","message":"GET /api/courses","service":"user-service"}
{"level":"info","message":"GET /api/courses","service":"user-service"}
{"level":"info","message":"POST /api/courses/654dc1b2f4832491bace6032/enroll","service":"user-service"}
{"level":"info","message":"GET /api/profile/6565120a95315c27dfa7d876","service":"user-service"}
{"level":"info","message":"GET /api/profile/6565120a95315c27dfa7d876","service":"user-service"}
{"level":"info","message":"GET /api/profile/6565120a95315c27dfa7d876","service":"user-service"}
{"level":"info","message":"GET /api/profile/6565120a95315c27dfa7d876","service":"user-service"}
{"level":"info","message":"GET /api/profile/6565120a95315c27dfa7d876","service":"user-service"}
{"level":"info","message":"GET /api/profile/6565120a95315c27dfa7d876","service":"user-service"}
{"level":"info","message":"POST /api/auth/login","service":"user-service"}
{"email":"student2@student.com","level":"info","message":"Login endpoint hit","service":"user-service"}
{"email":"student2@student.com","level":"error","message":"Invalid credentials","service":"user-service"}
{"level":"info","message":"POST /api/auth/login","service":"user-service"}
{"email":"student2@student.com","level":"info","message":"Login endpoint hit","service":"user-service"}
{"email":"student2@student.com","level":"error","message":"Invalid credentials","service":"user-service"}
{"level":"info","message":"GET /api/courses","service":"user-service"}
{"level":"info","message":"GET /api/courses","service":"user-service"}
{"level":"info","message":"POST /api/auth/login","service":"user-service"}
{"email":"admin@admin.com","level":"info","message":"Login endpoint hit","service":"user-service"}
{"email":"admin@admin.com","level":"info","message":"Password matches","service":"user-service"}
{"email":"admin@admin.com","level":"info","message":"JWT token generated","service":"user-service","token":"eyJhbGciOiJIUzI1NiIsInR5cCI6IkpXVCJ9.eyJlbWFpbCI6ImFkbWluQGFkbWluLmNvbSIsImlkIjoiNjU0ZTg5MWNkYWM5YmVjNjZkZTRjZjgzIiwicm9sZSI6ImFkbWluIiwiaWF0IjoxNzAxMTk5NzU3LCJleHAiOjE3MDEyMDMzNTd9.uAjnJJPJk1cshVUQpYMmvwUlU7fJMvM7Oqi1ymwxIZU"}
{"level":"info","message":"GET /api/profile/654e891cdac9bec66de4cf83","service":"user-service"}
{"level":"info","message":"GET /api/profile/654e891cdac9bec66de4cf83","service":"user-service"}
{"level":"info","message":"GET /api/courses","service":"user-service"}
{"level":"info","message":"GET /api/courses","service":"user-service"}
{"level":"info","message":"POST /api/auth/login","service":"user-service"}
{"email":"student2@student.com","level":"info","message":"Login endpoint hit","service":"user-service"}
{"email":"student2@student.com","level":"info","message":"Password matches","service":"user-service"}
{"email":"student2@student.com","level":"info","message":"JWT token generated","service":"user-service","token":"eyJhbGciOiJIUzI1NiIsInR5cCI6IkpXVCJ9.eyJlbWFpbCI6InN0dWRlbnQyQHN0dWRlbnQuY29tIiwiaWQiOiI2NTY1MTIwYTk1MzE1YzI3ZGZhN2Q4NzYiLCJyb2xlIjoic3R1ZGVudCIsImlhdCI6MTcwMTE5OTc4MCwiZXhwIjoxNzAxMjAzMzgwfQ.xm4GbhxtCXJ_nTy3hlwbFTgVOAsWfjkHNnfCBxKaD5Q"}
{"level":"info","message":"GET /api/profile/6565120a95315c27dfa7d876","service":"user-service"}
{"level":"info","message":"GET /api/profile/6565120a95315c27dfa7d876","service":"user-service"}
{"level":"info","message":"GET /api/profile/6565120a95315c27dfa7d876","service":"user-service"}
{"level":"info","message":"GET /api/profile/6565120a95315c27dfa7d876","service":"user-service"}
{"level":"info","message":"GET /api/profile/6565120a95315c27dfa7d876","service":"user-service"}
{"level":"info","message":"GET /api/profile/6565120a95315c27dfa7d876","service":"user-service"}
{"level":"info","message":"POST /api/auth/login","service":"user-service"}
{"email":"admin@admin.com","level":"info","message":"Login endpoint hit","service":"user-service"}
{"email":"admin@admin.com","level":"info","message":"Password matches","service":"user-service"}
{"email":"admin@admin.com","level":"info","message":"JWT token generated","service":"user-service","token":"eyJhbGciOiJIUzI1NiIsInR5cCI6IkpXVCJ9.eyJlbWFpbCI6ImFkbWluQGFkbWluLmNvbSIsImlkIjoiNjU0ZTg5MWNkYWM5YmVjNjZkZTRjZjgzIiwicm9sZSI6ImFkbWluIiwiaWF0IjoxNzAxMTk5ODY5LCJleHAiOjE3MDEyMDM0Njl9.TaksYI0UfnmfOY15ijmExIUh516EakpN4z96v1BI9_Y"}
{"level":"info","message":"GET /api/profile/654e891cdac9bec66de4cf83","service":"user-service"}
{"level":"info","message":"GET /api/profile/654e891cdac9bec66de4cf83","service":"user-service"}
{"level":"info","message":"POST /api/auth/login","service":"user-service"}
{"email":"student2@student.com","level":"info","message":"Login endpoint hit","service":"user-service"}
{"email":"student2@student.com","level":"info","message":"Password matches","service":"user-service"}
{"email":"student2@student.com","level":"info","message":"JWT token generated","service":"user-service","token":"eyJhbGciOiJIUzI1NiIsInR5cCI6IkpXVCJ9.eyJlbWFpbCI6InN0dWRlbnQyQHN0dWRlbnQuY29tIiwiaWQiOiI2NTY1MTIwYTk1MzE1YzI3ZGZhN2Q4NzYiLCJyb2xlIjoic3R1ZGVudCIsImlhdCI6MTcwMTIwMDkwMCwiZXhwIjoxNzAxMjA0NTAwfQ.IkexqorsS6TSolAAQRxt0HcEdVVBtE8SkdmvNBcjzqM"}
{"level":"info","message":"GET /api/profile/6565120a95315c27dfa7d876","service":"user-service"}
{"level":"info","message":"GET /api/profile/6565120a95315c27dfa7d876","service":"user-service"}
{"level":"info","message":"Hello world","service":"user-service"}
{"level":"error","message":"Error message","service":"user-service"}
{"level":"info","message":"Server is running on port 5001","service":"user-service"}
{"level":"info","message":"POST /api/auth/login","service":"user-service"}
{"email":"student2@student.com","level":"info","message":"Login endpoint hit","service":"user-service"}
{"email":"student2@student.com","level":"info","message":"Password matches","service":"user-service"}
{"email":"student2@student.com","level":"info","message":"JWT token generated","service":"user-service","token":"eyJhbGciOiJIUzI1NiIsInR5cCI6IkpXVCJ9.eyJlbWFpbCI6InN0dWRlbnQyQHN0dWRlbnQuY29tIiwiaWQiOiI2NTY1MTIwYTk1MzE1YzI3ZGZhN2Q4NzYiLCJyb2xlIjoic3R1ZGVudCIsImlhdCI6MTcwMTIwNjI3OCwiZXhwIjoxNzAxMjA5ODc4fQ.SArBM1k2i6aD2HeZ-tHDtZei3QQapL726O43MQTE81c"}
{"level":"info","message":"GET /api/profile/6565120a95315c27dfa7d876","service":"user-service"}
{"level":"info","message":"GET /api/profile/6565120a95315c27dfa7d876","service":"user-service"}
{"level":"info","message":"GET /api/profile/6565120a95315c27dfa7d876","service":"user-service"}
{"level":"info","message":"GET /api/profile/6565120a95315c27dfa7d876","service":"user-service"}
{"level":"info","message":"GET /api/courses","service":"user-service"}
{"level":"info","message":"GET /api/courses","service":"user-service"}
{"level":"info","message":"GET /api/profile/6565120a95315c27dfa7d876","service":"user-service"}
{"level":"info","message":"GET /api/profile/6565120a95315c27dfa7d876","service":"user-service"}
{"level":"info","message":"GET /api/profile/6565120a95315c27dfa7d876","service":"user-service"}
{"level":"info","message":"GET /api/profile/6565120a95315c27dfa7d876","service":"user-service"}
{"level":"info","message":"GET /api/profile/6565120a95315c27dfa7d876","service":"user-service"}
{"level":"info","message":"GET /api/profile/6565120a95315c27dfa7d876","service":"user-service"}
{"level":"info","message":"POST /api/auth/login","service":"user-service"}
{"email":"student2@student.com","level":"info","message":"Login endpoint hit","service":"user-service"}
{"email":"student2@student.com","level":"info","message":"Password matches","service":"user-service"}
{"email":"student2@student.com","level":"info","message":"JWT token generated","service":"user-service","token":"eyJhbGciOiJIUzI1NiIsInR5cCI6IkpXVCJ9.eyJlbWFpbCI6InN0dWRlbnQyQHN0dWRlbnQuY29tIiwiaWQiOiI2NTY1MTIwYTk1MzE1YzI3ZGZhN2Q4NzYiLCJyb2xlIjoic3R1ZGVudCIsImlhdCI6MTcwMTIxMTI2MiwiZXhwIjoxNzAxMjE0ODYyfQ.4NiPfdjlE04dICnkWSEmnmGV5xsg2zjhiHhJf0ENKsw"}
{"level":"info","message":"GET /api/profile/6565120a95315c27dfa7d876","service":"user-service"}
{"level":"info","message":"GET /api/profile/6565120a95315c27dfa7d876","service":"user-service"}
{"level":"info","message":"GET /api/courses","service":"user-service"}
{"level":"info","message":"GET /api/courses","service":"user-service"}
{"level":"info","message":"GET /api/profile/6565120a95315c27dfa7d876","service":"user-service"}
{"level":"info","message":"GET /api/profile/6565120a95315c27dfa7d876","service":"user-service"}
{"level":"info","message":"POST /api/auth/login","service":"user-service"}
{"email":"student2@student.com","level":"info","message":"Login endpoint hit","service":"user-service"}
{"email":"student2@student.com","level":"info","message":"Password matches","service":"user-service"}
{"email":"student2@student.com","level":"info","message":"JWT token generated","service":"user-service","token":"eyJhbGciOiJIUzI1NiIsInR5cCI6IkpXVCJ9.eyJlbWFpbCI6InN0dWRlbnQyQHN0dWRlbnQuY29tIiwiaWQiOiI2NTY1MTIwYTk1MzE1YzI3ZGZhN2Q4NzYiLCJyb2xlIjoic3R1ZGVudCIsImlhdCI6MTcwMTIyMDc1MCwiZXhwIjoxNzAxMjI0MzUwfQ.clvamyawCpyz0p-tVoLzNiphOF6tzNp0r1VoJC80vd8"}
{"level":"info","message":"GET /api/profile/6565120a95315c27dfa7d876","service":"user-service"}
{"level":"info","message":"GET /api/profile/6565120a95315c27dfa7d876","service":"user-service"}
{"level":"info","message":"GET /api/profile/6565120a95315c27dfa7d876","service":"user-service"}
{"level":"info","message":"GET /api/profile/6565120a95315c27dfa7d876","service":"user-service"}
{"level":"info","message":"GET /api/courses","service":"user-service"}
{"level":"info","message":"GET /api/courses","service":"user-service"}
{"level":"info","message":"GET /api/modules/course/65544172a5b4d5b1cf9627b4","service":"user-service"}
{"level":"info","message":"GET /api/modules/course/65544172a5b4d5b1cf9627b4","service":"user-service"}
{"level":"info","message":"GET /api/modules/course/65544172a5b4d5b1cf9627b4","service":"user-service"}
{"level":"info","message":"GET /api/modules/course/65544172a5b4d5b1cf9627b4","service":"user-service"}
{"level":"info","message":"GET /api/profile/6565120a95315c27dfa7d876","service":"user-service"}
{"level":"info","message":"GET /api/profile/6565120a95315c27dfa7d876","service":"user-service"}
{"level":"info","message":"GET /api/modules/course/654dc1b2f4832491bace6032","service":"user-service"}
{"level":"info","message":"GET /api/modules/course/654dc1b2f4832491bace6032","service":"user-service"}
{"level":"info","message":"GET /api/modules/course/654dc1b2f4832491bace6032","service":"user-service"}
{"level":"info","message":"GET /api/modules/course/654dc1b2f4832491bace6032","service":"user-service"}
{"level":"info","message":"GET /api/profile/6565120a95315c27dfa7d876","service":"user-service"}
{"level":"info","message":"GET /api/profile/6565120a95315c27dfa7d876","service":"user-service"}
{"level":"info","message":"GET /api/profile/6565120a95315c27dfa7d876","service":"user-service"}
{"level":"info","message":"GET /api/profile/6565120a95315c27dfa7d876","service":"user-service"}
{"level":"info","message":"GET /api/modules/course/65544172a5b4d5b1cf9627b4","service":"user-service"}
{"level":"info","message":"GET /api/modules/course/65544172a5b4d5b1cf9627b4","service":"user-service"}
{"level":"info","message":"GET /api/modules/course/65544172a5b4d5b1cf9627b4","service":"user-service"}
{"level":"info","message":"GET /api/modules/course/65544172a5b4d5b1cf9627b4","service":"user-service"}
{"level":"info","message":"GET /api/profile/6565120a95315c27dfa7d876","service":"user-service"}
{"level":"info","message":"GET /api/profile/6565120a95315c27dfa7d876","service":"user-service"}
{"level":"info","message":"GET /api/courses","service":"user-service"}
{"level":"info","message":"GET /api/courses","service":"user-service"}
{"level":"info","message":"POST /api/auth/login","service":"user-service"}
{"email":"admin@admin.com","level":"info","message":"Login endpoint hit","service":"user-service"}
{"email":"admin@admin.com","level":"info","message":"Password matches","service":"user-service"}
{"email":"admin@admin.com","level":"info","message":"JWT token generated","service":"user-service","token":"eyJhbGciOiJIUzI1NiIsInR5cCI6IkpXVCJ9.eyJlbWFpbCI6ImFkbWluQGFkbWluLmNvbSIsImlkIjoiNjU0ZTg5MWNkYWM5YmVjNjZkZTRjZjgzIiwicm9sZSI6ImFkbWluIiwiaWF0IjoxNzAxMjIyNDE1LCJleHAiOjE3MDEyMjYwMTV9.vdn8j44GeP7gn1V27_ydn-7XnCvmfT1fWh4l7cFRbsY"}
{"level":"info","message":"GET /api/profile/654e891cdac9bec66de4cf83","service":"user-service"}
{"level":"info","message":"GET /api/profile/654e891cdac9bec66de4cf83","service":"user-service"}
{"level":"info","message":"GET /api/courses","service":"user-service"}
{"level":"info","message":"GET /api/courses","service":"user-service"}
{"level":"info","message":"PATCH /api/courses/654dc1b2f4832491bace6032","service":"user-service"}
{"level":"info","message":"PATCH /api/courses/655d63bbf38ffa042635f824","service":"user-service"}
{"level":"info","message":"POST /api/auth/login","service":"user-service"}
{"email":"student2@student.com","level":"info","message":"Login endpoint hit","service":"user-service"}
{"email":"student2@student.com","level":"error","message":"Invalid credentials","service":"user-service"}
{"level":"info","message":"POST /api/auth/login","service":"user-service"}
{"email":"student2@student.com","level":"info","message":"Login endpoint hit","service":"user-service"}
{"email":"student2@student.com","level":"info","message":"Password matches","service":"user-service"}
{"email":"student2@student.com","level":"info","message":"JWT token generated","service":"user-service","token":"eyJhbGciOiJIUzI1NiIsInR5cCI6IkpXVCJ9.eyJlbWFpbCI6InN0dWRlbnQyQHN0dWRlbnQuY29tIiwiaWQiOiI2NTY1MTIwYTk1MzE1YzI3ZGZhN2Q4NzYiLCJyb2xlIjoic3R1ZGVudCIsImlhdCI6MTcwMTIyNDYxMywiZXhwIjoxNzAxMjI4MjEzfQ.iDXrTdlrRMfFLUFEX6OW_Bz06jJitkMC8dTFCJ5f40g"}
{"level":"info","message":"GET /api/courses","service":"user-service"}
{"level":"info","message":"GET /api/courses","service":"user-service"}
{"level":"info","message":"POST /api/courses/654dc1b2f4832491bace6032/enroll","service":"user-service"}
{"level":"info","message":"POST /api/courses/65544172a5b4d5b1cf9627b4/enroll","service":"user-service"}
{"level":"info","message":"POST /api/courses/655d63bbf38ffa042635f824/enroll","service":"user-service"}
{"level":"info","message":"GET /api/profile/6565120a95315c27dfa7d876","service":"user-service"}
{"level":"info","message":"GET /api/profile/6565120a95315c27dfa7d876","service":"user-service"}
{"level":"info","message":"POST /api/auth/login","service":"user-service"}
{"email":"admin@admin.com","level":"info","message":"Login endpoint hit","service":"user-service"}
{"email":"admin@admin.com","level":"info","message":"Password matches","service":"user-service"}
{"email":"admin@admin.com","level":"info","message":"JWT token generated","service":"user-service","token":"eyJhbGciOiJIUzI1NiIsInR5cCI6IkpXVCJ9.eyJlbWFpbCI6ImFkbWluQGFkbWluLmNvbSIsImlkIjoiNjU0ZTg5MWNkYWM5YmVjNjZkZTRjZjgzIiwicm9sZSI6ImFkbWluIiwiaWF0IjoxNzAxMjI1NDY3LCJleHAiOjE3MDEyMjkwNjd9.TeAnrYDPMtjipTjsqw0kjzSQXdH1fYWMqnPe0aRRor4"}
{"level":"info","message":"POST /api/auth/login","service":"user-service"}
{"email":"admin@admin.com","level":"info","message":"Login endpoint hit","service":"user-service"}
{"email":"admin@admin.com","level":"info","message":"Password matches","service":"user-service"}
{"email":"admin@admin.com","level":"info","message":"JWT token generated","service":"user-service","token":"eyJhbGciOiJIUzI1NiIsInR5cCI6IkpXVCJ9.eyJlbWFpbCI6ImFkbWluQGFkbWluLmNvbSIsImlkIjoiNjU0ZTg5MWNkYWM5YmVjNjZkZTRjZjgzIiwicm9sZSI6ImFkbWluIiwiaWF0IjoxNzAxMjI3MDQ3LCJleHAiOjE3MDEyMzA2NDd9.LgpRrrTL0naFL1iAzY1lI9IG0qdn9E0NLd7dq9BCyeY"}
{"level":"info","message":"GET /api/users","service":"user-service"}
{"level":"info","message":"GET /api/users","service":"user-service"}
{"level":"info","message":"Hello world","service":"user-service"}
{"level":"error","message":"Error message","service":"user-service"}
{"level":"info","message":"Server is running on port 5001","service":"user-service"}
{"level":"info","message":"GET /api/profile/654e891cdac9bec66de4cf83","service":"user-service"}
{"level":"info","message":"GET /api/profile/654e891cdac9bec66de4cf83","service":"user-service"}
{"level":"info","message":"GET /api/users","service":"user-service"}
{"level":"info","message":"GET /api/users","service":"user-service"}
{"level":"info","message":"GET /api/profile/654e891cdac9bec66de4cf83","service":"user-service"}
{"level":"info","message":"GET /api/profile/654e891cdac9bec66de4cf83","service":"user-service"}
{"level":"info","message":"GET /api/users","service":"user-service"}
{"level":"info","message":"GET /api/users","service":"user-service"}
{"level":"info","message":"Hello world","service":"user-service"}
{"level":"error","message":"Error message","service":"user-service"}
{"level":"info","message":"Server is running on port 5001","service":"user-service"}
{"level":"info","message":"Hello world","service":"user-service"}
{"level":"error","message":"Error message","service":"user-service"}
{"level":"info","message":"Server is running on port 5001","service":"user-service"}
{"level":"info","message":"GET /api/users","service":"user-service"}
{"level":"info","message":"GET /api/users","service":"user-service"}
{"level":"info","message":"GET /api/users","service":"user-service"}
{"level":"info","message":"GET /api/users","service":"user-service"}
{"level":"info","message":"GET /api/users","service":"user-service"}
{"level":"info","message":"GET /api/users","service":"user-service"}
{"level":"info","message":"Hello world","service":"user-service"}
{"level":"error","message":"Error message","service":"user-service"}
{"level":"info","message":"Server is running on port 5001","service":"user-service"}
{"level":"info","message":"GET /api/users","service":"user-service"}
{"level":"info","message":"GET /api/users","service":"user-service"}
{"level":"info","message":"GET /api/users","service":"user-service"}
{"level":"info","message":"GET /api/users","service":"user-service"}
{"level":"info","message":"Hello world","service":"user-service"}
{"level":"error","message":"Error message","service":"user-service"}
{"level":"info","message":"Server is running on port 5001","service":"user-service"}
{"level":"info","message":"GET /api/users","service":"user-service"}
{"level":"info","message":"GET /api/users","service":"user-service"}
{"level":"info","message":"GET /api/users","service":"user-service"}
{"level":"info","message":"GET /api/users","service":"user-service"}
{"level":"info","message":"GET /api/users","service":"user-service"}
{"level":"info","message":"PATCH /api/user/654d2708371f955b994a2a6d/role","service":"user-service"}
{"level":"info","message":"GET /api/users","service":"user-service"}
{"level":"info","message":"PATCH /api/user/654d27aa371f955b994a2a72/role","service":"user-service"}
{"level":"info","message":"GET /api/users","service":"user-service"}
{"level":"info","message":"GET /api/users","service":"user-service"}
{"level":"info","message":"GET /api/users","service":"user-service"}
{"level":"info","message":"GET /api/users","service":"user-service"}
{"level":"info","message":"PATCH /api/user/654d2708371f955b994a2a6d/role","service":"user-service"}
{"level":"info","message":"PATCH /api/user/654d27aa371f955b994a2a72/role","service":"user-service"}
{"level":"info","message":"GET /api/users","service":"user-service"}
{"level":"info","message":"GET /api/users","service":"user-service"}
{"level":"info","message":"POST /api/auth/login","service":"user-service"}
{"email":"admin@admin.com","level":"info","message":"Login endpoint hit","service":"user-service"}
{"email":"admin@admin.com","level":"info","message":"Password matches","service":"user-service"}
{"email":"admin@admin.com","level":"info","message":"JWT token generated","service":"user-service","token":"eyJhbGciOiJIUzI1NiIsInR5cCI6IkpXVCJ9.eyJlbWFpbCI6ImFkbWluQGFkbWluLmNvbSIsImlkIjoiNjU0ZTg5MWNkYWM5YmVjNjZkZTRjZjgzIiwicm9sZSI6ImFkbWluIiwiaWF0IjoxNzAxMjMwODg0LCJleHAiOjE3MDEyMzQ0ODR9.r_8wV5dzL6v4ao9wXuqNj0bo047VOf0qrCWnwBJJl78"}
{"level":"info","message":"POST /chess/move","service":"user-service"}
{"level":"info","message":"GET /api/users","service":"user-service"}
{"level":"info","message":"GET /api/users","service":"user-service"}
{"level":"info","message":"GET /api/courses","service":"user-service"}
{"level":"info","message":"GET /api/courses","service":"user-service"}
{"level":"info","message":"POST /chess/move","service":"user-service"}
{"level":"info","message":"POST /chess/move","service":"user-service"}
{"level":"info","message":"GET /api/courses","service":"user-service"}
{"level":"info","message":"GET /api/courses","service":"user-service"}
{"level":"info","message":"POST /api/auth/login","service":"user-service"}
{"email":"admin@admin.com","level":"info","message":"Login endpoint hit","service":"user-service"}
{"email":"admin@admin.com","level":"info","message":"Password matches","service":"user-service"}
{"email":"admin@admin.com","level":"info","message":"JWT token generated","service":"user-service","token":"eyJhbGciOiJIUzI1NiIsInR5cCI6IkpXVCJ9.eyJlbWFpbCI6ImFkbWluQGFkbWluLmNvbSIsImlkIjoiNjU0ZTg5MWNkYWM5YmVjNjZkZTRjZjgzIiwicm9sZSI6ImFkbWluIiwiaWF0IjoxNzAxMjkzMDQzLCJleHAiOjE3MDEyOTY2NDN9.s3jQIT84weYuxIwXCa5pQknNaLaJQiQ1KUNe9bxoUss"}
{"level":"info","message":"GET /api/courses","service":"user-service"}
{"level":"info","message":"GET /api/courses","service":"user-service"}
{"level":"info","message":"DELETE /api/courses/654dc1b2f4832491bace6032","service":"user-service"}
{"level":"info","message":"PATCH /api/courses/65544172a5b4d5b1cf9627b4","service":"user-service"}
{"level":"info","message":"PATCH /api/courses/65544172a5b4d5b1cf9627b4","service":"user-service"}
{"level":"info","message":"GET /api/courses","service":"user-service"}
{"level":"info","message":"GET /api/courses","service":"user-service"}
{"level":"info","message":"GET /api/courses","service":"user-service"}
{"level":"info","message":"GET /api/courses","service":"user-service"}
{"level":"info","message":"GET /api/courses","service":"user-service"}
{"level":"info","message":"GET /api/courses","service":"user-service"}
{"level":"info","message":"GET /api/courses","service":"user-service"}
{"level":"info","message":"GET /api/courses","service":"user-service"}
{"level":"info","message":"GET /api/courses","service":"user-service"}
{"level":"info","message":"GET /api/courses","service":"user-service"}
{"level":"info","message":"GET /api/courses","service":"user-service"}
{"level":"info","message":"GET /api/courses","service":"user-service"}
{"level":"info","message":"GET /api/courses","service":"user-service"}
{"level":"info","message":"GET /api/courses","service":"user-service"}
{"level":"info","message":"GET /api/courses","service":"user-service"}
{"level":"info","message":"GET /api/courses","service":"user-service"}
{"level":"info","message":"GET /api/courses","service":"user-service"}
{"level":"info","message":"POST /api/auth/login","service":"user-service"}
{"email":"admin@admin.com","level":"info","message":"Login endpoint hit","service":"user-service"}
{"email":"admin@admin.com","level":"info","message":"Password matches","service":"user-service"}
{"email":"admin@admin.com","level":"info","message":"JWT token generated","service":"user-service","token":"eyJhbGciOiJIUzI1NiIsInR5cCI6IkpXVCJ9.eyJlbWFpbCI6ImFkbWluQGFkbWluLmNvbSIsImlkIjoiNjU0ZTg5MWNkYWM5YmVjNjZkZTRjZjgzIiwicm9sZSI6ImFkbWluIiwiaWF0IjoxNzAxMjk0MzE2LCJleHAiOjE3MDEyOTc5MTZ9.FXmkW2LIuf8pd95_RfduGTlc-pq-M5vUEfd440oVMCo"}
{"level":"info","message":"GET /api/courses","service":"user-service"}
{"level":"info","message":"GET /api/courses","service":"user-service"}
{"level":"info","message":"GET /api/courses","service":"user-service"}
{"level":"info","message":"GET /api/courses","service":"user-service"}
{"level":"info","message":"GET /api/courses","service":"user-service"}
{"level":"info","message":"GET /api/courses","service":"user-service"}
{"level":"info","message":"GET /api/courses","service":"user-service"}
{"level":"info","message":"GET /api/courses","service":"user-service"}
{"level":"info","message":"GET /api/courses","service":"user-service"}
{"level":"info","message":"GET /api/courses","service":"user-service"}
{"level":"info","message":"GET /api/courses","service":"user-service"}
{"level":"info","message":"GET /api/courses","service":"user-service"}
{"level":"info","message":"GET /api/courses","service":"user-service"}
{"level":"info","message":"GET /api/courses","service":"user-service"}
{"level":"info","message":"Hello world","service":"user-service"}
{"level":"error","message":"Error message","service":"user-service"}
{"level":"info","message":"Server is running on port 5001","service":"user-service"}
{"level":"info","message":"POST /api/auth/login","service":"user-service"}
{"email":"student2@student.com","level":"info","message":"Login endpoint hit","service":"user-service"}
{"email":"student2@student.com","level":"info","message":"Password matches","service":"user-service"}
{"email":"student2@student.com","level":"info","message":"JWT token generated","service":"user-service","token":"eyJhbGciOiJIUzI1NiIsInR5cCI6IkpXVCJ9.eyJlbWFpbCI6InN0dWRlbnQyQHN0dWRlbnQuY29tIiwiaWQiOiI2NTY1MTIwYTk1MzE1YzI3ZGZhN2Q4NzYiLCJyb2xlIjoic3R1ZGVudCIsImlhdCI6MTcwMTMwMjA5MCwiZXhwIjoxNzAxMzA1NjkwfQ.ktlZMZ95wldcF3upuiUtSBjurf4HS0_1Iwu5TTXuCyY"}
{"level":"info","message":"GET /api/courses/user/6565120a95315c27dfa7d876/enrolled","service":"user-service"}
{"level":"info","message":"GET /api/courses/user/6565120a95315c27dfa7d876/enrolled","service":"user-service"}
{"level":"info","message":"GET /api/courses/user/6565120a95315c27dfa7d876/enrolled","service":"user-service"}
{"level":"info","message":"GET /api/profile/6565120a95315c27dfa7d876","service":"user-service"}
{"level":"info","message":"GET /api/profile/6565120a95315c27dfa7d876","service":"user-service"}
{"level":"info","message":"GET /api/courses","service":"user-service"}
{"level":"info","message":"GET /api/courses","service":"user-service"}
{"level":"info","message":"GET /api/profile/6565120a95315c27dfa7d876","service":"user-service"}
{"level":"info","message":"GET /api/profile/6565120a95315c27dfa7d876","service":"user-service"}
{"level":"info","message":"GET /api/courses/user/6565120a95315c27dfa7d876/enrolled","service":"user-service"}
{"level":"info","message":"GET /api/courses/user/6565120a95315c27dfa7d876/enrolled","service":"user-service"}
{"level":"info","message":"GET /api/courses/user/6565120a95315c27dfa7d876/enrolled","service":"user-service"}
{"level":"info","message":"GET /api/courses/user/6565120a95315c27dfa7d876/enrolled","service":"user-service"}
{"level":"info","message":"GET /api/courses/user/6565120a95315c27dfa7d876/enrolled","service":"user-service"}
{"level":"info","message":"POST /api/auth/login","service":"user-service"}
{"email":"student2@student.com","level":"info","message":"Login endpoint hit","service":"user-service"}
{"email":"student2@student.com","level":"info","message":"Password matches","service":"user-service"}
{"email":"student2@student.com","level":"info","message":"JWT token generated","service":"user-service","token":"eyJhbGciOiJIUzI1NiIsInR5cCI6IkpXVCJ9.eyJlbWFpbCI6InN0dWRlbnQyQHN0dWRlbnQuY29tIiwiaWQiOiI2NTY1MTIwYTk1MzE1YzI3ZGZhN2Q4NzYiLCJyb2xlIjoic3R1ZGVudCIsImlhdCI6MTcwMTMwMzEwOCwiZXhwIjoxNzAxMzA2NzA4fQ.WbabZrp8w0wbQQCgyt13dG28eBSEbegYLldNsN4Wpg8"}
{"level":"info","message":"GET /api/courses/user/6565120a95315c27dfa7d876/enrolled","service":"user-service"}
{"level":"info","message":"GET /api/courses/user/6565120a95315c27dfa7d876/enrolled","service":"user-service"}
{"level":"info","message":"Hello world","service":"user-service"}
{"level":"error","message":"Error message","service":"user-service"}
{"level":"info","message":"Server is running on port 5001","service":"user-service"}
{"level":"info","message":"Hello world","service":"user-service"}
{"level":"error","message":"Error message","service":"user-service"}
{"level":"info","message":"Server is running on port 5001","service":"user-service"}
{"level":"info","message":"Hello world","service":"user-service"}
{"level":"error","message":"Error message","service":"user-service"}
{"level":"info","message":"Server is running on port 5001","service":"user-service"}
{"level":"info","message":"Hello world","service":"user-service"}
{"level":"error","message":"Error message","service":"user-service"}
{"level":"info","message":"Server is running on port 5001","service":"user-service"}
{"level":"info","message":"Hello world","service":"user-service"}
{"level":"error","message":"Error message","service":"user-service"}
{"level":"info","message":"Server is running on port 5001","service":"user-service"}
{"level":"info","message":"GET /api/courses/user/6565120a95315c27dfa7d876/enrolled","service":"user-service"}
{"level":"info","message":"GET /api/profile/6565120a95315c27dfa7d876","service":"user-service"}
{"level":"info","message":"GET /api/profile/6565120a95315c27dfa7d876","service":"user-service"}
{"level":"info","message":"GET /api/courses","service":"user-service"}
{"level":"info","message":"GET /api/courses","service":"user-service"}
{"level":"info","message":"GET /api/modules/course/65544172a5b4d5b1cf9627b4","service":"user-service"}
{"level":"info","message":"GET /api/modules/course/65544172a5b4d5b1cf9627b4","service":"user-service"}
{"level":"info","message":"GET /api/modules/course/65544172a5b4d5b1cf9627b4","service":"user-service"}
{"level":"info","message":"GET /api/modules/course/65544172a5b4d5b1cf9627b4","service":"user-service"}
{"level":"info","message":"GET /api/courses","service":"user-service"}
{"level":"info","message":"GET /api/courses","service":"user-service"}
{"level":"info","message":"GET /api/courses/user/6565120a95315c27dfa7d876/enrolled","service":"user-service"}
{"level":"info","message":"GET /api/courses/user/6565120a95315c27dfa7d876/enrolled","service":"user-service"}
{"level":"info","message":"GET /api/courses/user/6565120a95315c27dfa7d876/enrolled","service":"user-service"}
{"level":"info","message":"GET /api/courses/user/6565120a95315c27dfa7d876/enrolled","service":"user-service"}
{"level":"info","message":"GET /api/courses","service":"user-service"}
{"level":"info","message":"GET /api/courses","service":"user-service"}
{"level":"info","message":"GET /api/profile/6565120a95315c27dfa7d876","service":"user-service"}
{"level":"info","message":"GET /api/profile/6565120a95315c27dfa7d876","service":"user-service"}
{"level":"info","message":"GET /api/courses","service":"user-service"}
{"level":"info","message":"GET /api/courses","service":"user-service"}
{"level":"info","message":"GET /api/courses/user/6565120a95315c27dfa7d876/enrolled","service":"user-service"}
{"level":"info","message":"GET /api/courses/user/6565120a95315c27dfa7d876/enrolled","service":"user-service"}
{"level":"info","message":"GET /api/modules/course/65544172a5b4d5b1cf9627b4","service":"user-service"}
{"level":"info","message":"GET /api/modules/course/65544172a5b4d5b1cf9627b4","service":"user-service"}
{"level":"info","message":"GET /api/modules/course/65544172a5b4d5b1cf9627b4","service":"user-service"}
{"level":"info","message":"GET /api/modules/course/65544172a5b4d5b1cf9627b4","service":"user-service"}
{"level":"info","message":"GET /api/courses/user/6565120a95315c27dfa7d876/enrolled","service":"user-service"}
{"level":"info","message":"GET /api/courses/user/6565120a95315c27dfa7d876/enrolled","service":"user-service"}
{"level":"info","message":"GET /api/courses","service":"user-service"}
{"level":"info","message":"GET /api/courses","service":"user-service"}
{"level":"info","message":"GET /api/profile/6565120a95315c27dfa7d876","service":"user-service"}
{"level":"info","message":"GET /api/profile/6565120a95315c27dfa7d876","service":"user-service"}
{"level":"info","message":"GET /api/courses/user/6565120a95315c27dfa7d876/enrolled","service":"user-service"}
{"level":"info","message":"GET /api/courses/user/6565120a95315c27dfa7d876/enrolled","service":"user-service"}
{"level":"info","message":"GET /api/courses","service":"user-service"}
{"level":"info","message":"GET /api/courses","service":"user-service"}
{"level":"info","message":"POST /api/auth/login","service":"user-service"}
{"email":"admin@admin.com","level":"info","message":"Login endpoint hit","service":"user-service"}
{"email":"admin@admin.com","level":"info","message":"Password matches","service":"user-service"}
{"email":"admin@admin.com","level":"info","message":"JWT token generated","service":"user-service","token":"eyJhbGciOiJIUzI1NiIsInR5cCI6IkpXVCJ9.eyJlbWFpbCI6ImFkbWluQGFkbWluLmNvbSIsImlkIjoiNjU0ZTg5MWNkYWM5YmVjNjZkZTRjZjgzIiwicm9sZSI6ImFkbWluIiwiaWF0IjoxNzAxMzA0MjM0LCJleHAiOjE3MDEzMDc4MzR9.JkzkcEHqHh92ApPcBMURlXXmRI1gJ0vH4EXs6HEq29k"}
{"level":"info","message":"GET /api/courses/user/654e891cdac9bec66de4cf83/enrolled","service":"user-service"}
{"level":"info","message":"GET /api/courses/user/654e891cdac9bec66de4cf83/enrolled","service":"user-service"}
{"level":"info","message":"GET /api/courses","service":"user-service"}
{"level":"info","message":"GET /api/courses","service":"user-service"}
{"level":"info","message":"GET /api/profile/654e891cdac9bec66de4cf83","service":"user-service"}
{"level":"info","message":"GET /api/profile/654e891cdac9bec66de4cf83","service":"user-service"}
{"level":"info","message":"GET /api/courses","service":"user-service"}
{"level":"info","message":"GET /api/courses","service":"user-service"}
{"level":"info","message":"POST /api/auth/login","service":"user-service"}
{"email":"admin@admin.com","level":"info","message":"Login endpoint hit","service":"user-service"}
{"email":"admin@admin.com","level":"info","message":"Password matches","service":"user-service"}
{"email":"admin@admin.com","level":"info","message":"JWT token generated","service":"user-service","token":"eyJhbGciOiJIUzI1NiIsInR5cCI6IkpXVCJ9.eyJlbWFpbCI6ImFkbWluQGFkbWluLmNvbSIsImlkIjoiNjU0ZTg5MWNkYWM5YmVjNjZkZTRjZjgzIiwicm9sZSI6ImFkbWluIiwiaWF0IjoxNzAxMzA0MzA5LCJleHAiOjE3MDEzMDc5MDl9.UzKTD4MCZymVOHIp1x1usBk04qn5YigOVHgvNvF9q8Q"}
{"level":"info","message":"GET /api/courses/user/654e891cdac9bec66de4cf83/enrolled","service":"user-service"}
{"level":"info","message":"GET /api/courses/user/654e891cdac9bec66de4cf83/enrolled","service":"user-service"}
{"level":"info","message":"GET /api/courses","service":"user-service"}
{"level":"info","message":"GET /api/courses","service":"user-service"}
{"level":"info","message":"POST /api/courses","service":"user-service"}
{"level":"info","message":"GET /api/courses","service":"user-service"}
{"level":"info","message":"POST /api/auth/login","service":"user-service"}
{"email":"student2@student.com","level":"info","message":"Login endpoint hit","service":"user-service"}
{"email":"student2@student.com","level":"info","message":"Password matches","service":"user-service"}
{"email":"student2@student.com","level":"info","message":"JWT token generated","service":"user-service","token":"eyJhbGciOiJIUzI1NiIsInR5cCI6IkpXVCJ9.eyJlbWFpbCI6InN0dWRlbnQyQHN0dWRlbnQuY29tIiwiaWQiOiI2NTY1MTIwYTk1MzE1YzI3ZGZhN2Q4NzYiLCJyb2xlIjoic3R1ZGVudCIsImlhdCI6MTcwMTMwNDMzNywiZXhwIjoxNzAxMzA3OTM3fQ.wtM0nSi4aj-pcJ1m7VxLD9z4Edn4Y2eNrF_-0NNasvQ"}
{"level":"info","message":"GET /api/courses/user/6565120a95315c27dfa7d876/enrolled","service":"user-service"}
{"level":"info","message":"GET /api/courses/user/6565120a95315c27dfa7d876/enrolled","service":"user-service"}
{"level":"info","message":"GET /api/courses","service":"user-service"}
{"level":"info","message":"GET /api/courses","service":"user-service"}
{"level":"info","message":"POST /api/courses/6567d7fe42c0b0956e8665c9/enroll","service":"user-service"}
{"level":"info","message":"GET /api/courses/user/6565120a95315c27dfa7d876/enrolled","service":"user-service"}
{"level":"info","message":"GET /api/courses/user/6565120a95315c27dfa7d876/enrolled","service":"user-service"}
{"level":"info","message":"GET /api/modules/course/6567d7fe42c0b0956e8665c9","service":"user-service"}
{"level":"info","message":"GET /api/modules/course/6567d7fe42c0b0956e8665c9","service":"user-service"}
{"level":"info","message":"GET /api/modules/course/6567d7fe42c0b0956e8665c9","service":"user-service"}
{"level":"info","message":"GET /api/modules/course/6567d7fe42c0b0956e8665c9","service":"user-service"}
{"level":"info","message":"GET /api/courses","service":"user-service"}
{"level":"info","message":"GET /api/courses","service":"user-service"}
{"level":"info","message":"GET /api/courses","service":"user-service"}
{"level":"info","message":"POST /api/auth/login","service":"user-service"}
{"email":"admin@admin.com","level":"info","message":"Login endpoint hit","service":"user-service"}
{"email":"admin@admin.com","level":"info","message":"Password matches","service":"user-service"}
{"email":"admin@admin.com","level":"info","message":"JWT token generated","service":"user-service","token":"eyJhbGciOiJIUzI1NiIsInR5cCI6IkpXVCJ9.eyJlbWFpbCI6ImFkbWluQGFkbWluLmNvbSIsImlkIjoiNjU0ZTg5MWNkYWM5YmVjNjZkZTRjZjgzIiwicm9sZSI6ImFkbWluIiwiaWF0IjoxNzAxMzA0NDYwLCJleHAiOjE3MDEzMDgwNjB9.Ion1jF_XgnlJwSRHh8KnYvCF2WgGBfsi72QdOoizUok"}
{"level":"info","message":"GET /api/courses/user/654e891cdac9bec66de4cf83/enrolled","service":"user-service"}
{"level":"info","message":"GET /api/courses/user/654e891cdac9bec66de4cf83/enrolled","service":"user-service"}
{"level":"info","message":"GET /api/courses","service":"user-service"}
{"level":"info","message":"GET /api/courses","service":"user-service"}
{"level":"info","message":"GET /api/modules/course/65544172a5b4d5b1cf9627b4","service":"user-service"}
{"level":"info","message":"GET /api/modules/course/65544172a5b4d5b1cf9627b4","service":"user-service"}
{"level":"info","message":"GET /api/modules/course/65544172a5b4d5b1cf9627b4","service":"user-service"}
{"level":"info","message":"GET /api/modules/course/65544172a5b4d5b1cf9627b4","service":"user-service"}
{"level":"info","message":"GET /api/courses","service":"user-service"}
{"level":"info","message":"GET /api/courses","service":"user-service"}
{"level":"info","message":"GET /api/modules/course/65544172a5b4d5b1cf9627b4","service":"user-service"}
{"level":"info","message":"GET /api/modules/course/65544172a5b4d5b1cf9627b4","service":"user-service"}
{"level":"info","message":"GET /api/modules/course/65544172a5b4d5b1cf9627b4","service":"user-service"}
{"level":"info","message":"GET /api/modules/course/65544172a5b4d5b1cf9627b4","service":"user-service"}
{"level":"info","message":"GET /api/courses","service":"user-service"}
{"level":"info","message":"GET /api/courses","service":"user-service"}
{"level":"info","message":"GET /api/profile/654e891cdac9bec66de4cf83","service":"user-service"}
{"level":"info","message":"GET /api/profile/654e891cdac9bec66de4cf83","service":"user-service"}
{"level":"info","message":"GET /api/courses/user/654e891cdac9bec66de4cf83/enrolled","service":"user-service"}
{"level":"info","message":"GET /api/courses/user/654e891cdac9bec66de4cf83/enrolled","service":"user-service"}
{"level":"info","message":"GET /api/courses","service":"user-service"}
{"level":"info","message":"GET /api/courses","service":"user-service"}
{"level":"info","message":"POST /api/auth/login","service":"user-service"}
{"email":"admin@admin.com","level":"info","message":"Login endpoint hit","service":"user-service"}
{"email":"admin@admin.com","level":"info","message":"Password matches","service":"user-service"}
{"email":"admin@admin.com","level":"info","message":"JWT token generated","service":"user-service","token":"eyJhbGciOiJIUzI1NiIsInR5cCI6IkpXVCJ9.eyJlbWFpbCI6ImFkbWluQGFkbWluLmNvbSIsImlkIjoiNjU0ZTg5MWNkYWM5YmVjNjZkZTRjZjgzIiwicm9sZSI6ImFkbWluIiwiaWF0IjoxNzAxMzA3MDkxLCJleHAiOjE3MDEzMTA2OTF9.P0hLWdGcB3FX8VYsFVKEn-Pv8Iv2LzSm7mVXQ5qoc-k"}
{"level":"info","message":"GET /api/courses/user/654e891cdac9bec66de4cf83/enrolled","service":"user-service"}
{"level":"info","message":"GET /api/courses/user/654e891cdac9bec66de4cf83/enrolled","service":"user-service"}
{"level":"info","message":"GET /api/courses","service":"user-service"}
{"level":"info","message":"GET /api/courses","service":"user-service"}
{"level":"info","message":"GET /api/modules/course/65544172a5b4d5b1cf9627b4","service":"user-service"}
{"level":"info","message":"GET /api/modules/course/65544172a5b4d5b1cf9627b4","service":"user-service"}
{"level":"info","message":"GET /api/modules/course/65544172a5b4d5b1cf9627b4","service":"user-service"}
{"level":"info","message":"GET /api/modules/course/65544172a5b4d5b1cf9627b4","service":"user-service"}
{"level":"info","message":"GET /api/courses","service":"user-service"}
{"level":"info","message":"GET /api/courses","service":"user-service"}
{"level":"info","message":"GET /api/modules/course/655d63bbf38ffa042635f824","service":"user-service"}
{"level":"info","message":"GET /api/modules/course/655d63bbf38ffa042635f824","service":"user-service"}
{"level":"info","message":"GET /api/modules/course/655d63bbf38ffa042635f824","service":"user-service"}
{"level":"info","message":"GET /api/modules/course/655d63bbf38ffa042635f824","service":"user-service"}
{"level":"info","message":"GET /api/modules/course/655d63bbf38ffa042635f824","service":"user-service"}
{"level":"info","message":"GET /api/modules/course/655d63bbf38ffa042635f824","service":"user-service"}
{"level":"info","message":"GET /api/modules/course/655d63bbf38ffa042635f824","service":"user-service"}
{"level":"info","message":"GET /api/modules/course/655d63bbf38ffa042635f824","service":"user-service"}
{"level":"info","message":"GET /api/modules/course/655d63bbf38ffa042635f824","service":"user-service"}
{"level":"info","message":"GET /api/modules/course/655d63bbf38ffa042635f824","service":"user-service"}
{"level":"info","message":"GET /api/courses","service":"user-service"}
{"level":"info","message":"GET /api/courses","service":"user-service"}
{"level":"info","message":"GET /api/modules/course/65544172a5b4d5b1cf9627b4","service":"user-service"}
{"level":"info","message":"GET /api/modules/course/65544172a5b4d5b1cf9627b4","service":"user-service"}
{"level":"info","message":"GET /api/modules/course/65544172a5b4d5b1cf9627b4","service":"user-service"}
{"level":"info","message":"GET /api/modules/course/65544172a5b4d5b1cf9627b4","service":"user-service"}
{"level":"info","message":"GET /api/modules/course/65544172a5b4d5b1cf9627b4","service":"user-service"}
{"level":"info","message":"GET /api/modules/course/65544172a5b4d5b1cf9627b4","service":"user-service"}
{"level":"info","message":"GET /api/modules/course/65544172a5b4d5b1cf9627b4","service":"user-service"}
{"level":"info","message":"GET /api/modules/course/65544172a5b4d5b1cf9627b4","service":"user-service"}
{"level":"info","message":"POST /api/modules","service":"user-service"}
{"level":"info","message":"GET /api/courses","service":"user-service"}
{"level":"info","message":"GET /api/courses","service":"user-service"}
{"level":"info","message":"GET /api/courses/user/654e891cdac9bec66de4cf83/enrolled","service":"user-service"}
{"level":"info","message":"GET /api/courses/user/654e891cdac9bec66de4cf83/enrolled","service":"user-service"}
{"level":"info","message":"GET /api/courses","service":"user-service"}
{"level":"info","message":"GET /api/courses","service":"user-service"}
{"level":"info","message":"GET /api/courses/user/654e891cdac9bec66de4cf83/enrolled","service":"user-service"}
{"level":"info","message":"GET /api/courses/user/654e891cdac9bec66de4cf83/enrolled","service":"user-service"}
{"level":"info","message":"POST /api/auth/login","service":"user-service"}
{"email":"student2@student.com","level":"info","message":"Login endpoint hit","service":"user-service"}
{"email":"student2@student.com","level":"info","message":"Password matches","service":"user-service"}
{"email":"student2@student.com","level":"info","message":"JWT token generated","service":"user-service","token":"eyJhbGciOiJIUzI1NiIsInR5cCI6IkpXVCJ9.eyJlbWFpbCI6InN0dWRlbnQyQHN0dWRlbnQuY29tIiwiaWQiOiI2NTY1MTIwYTk1MzE1YzI3ZGZhN2Q4NzYiLCJyb2xlIjoic3R1ZGVudCIsImlhdCI6MTcwMTMwODExMywiZXhwIjoxNzAxMzExNzEzfQ.sYckrUI5U5tgD5V34yuJmPUP1m_rVbmoEtiwmasvJfA"}
{"level":"info","message":"GET /api/courses/user/6565120a95315c27dfa7d876/enrolled","service":"user-service"}
{"level":"info","message":"GET /api/courses/user/6565120a95315c27dfa7d876/enrolled","service":"user-service"}
{"level":"info","message":"GET /api/courses","service":"user-service"}
{"level":"info","message":"GET /api/courses","service":"user-service"}
{"level":"info","message":"GET /api/profile/6565120a95315c27dfa7d876","service":"user-service"}
{"level":"info","message":"GET /api/profile/6565120a95315c27dfa7d876","service":"user-service"}
{"level":"info","message":"POST /api/auth/login","service":"user-service"}
{"email":"student2@student.com","level":"info","message":"Login endpoint hit","service":"user-service"}
{"email":"student2@student.com","level":"error","message":"Invalid credentials","service":"user-service"}
{"level":"info","message":"POST /api/auth/login","service":"user-service"}
{"email":"student2@student.com","level":"info","message":"Login endpoint hit","service":"user-service"}
{"email":"student2@student.com","level":"info","message":"Password matches","service":"user-service"}
{"email":"student2@student.com","level":"info","message":"JWT token generated","service":"user-service","token":"eyJhbGciOiJIUzI1NiIsInR5cCI6IkpXVCJ9.eyJlbWFpbCI6InN0dWRlbnQyQHN0dWRlbnQuY29tIiwiaWQiOiI2NTY1MTIwYTk1MzE1YzI3ZGZhN2Q4NzYiLCJyb2xlIjoic3R1ZGVudCIsImlhdCI6MTcwMTMxOTE0NSwiZXhwIjoxNzAxMzIyNzQ1fQ.5zp59ZtFm0im_rEK3SS4yk2aWQbvw1ACiVXkYHyoKFg"}
{"level":"info","message":"GET /api/courses/user/6565120a95315c27dfa7d876/enrolled","service":"user-service"}
{"level":"info","message":"GET /api/courses/user/6565120a95315c27dfa7d876/enrolled","service":"user-service"}
{"level":"info","message":"GET /api/profile/6565120a95315c27dfa7d876","service":"user-service"}
{"level":"info","message":"GET /api/profile/6565120a95315c27dfa7d876","service":"user-service"}
{"level":"info","message":"GET /api/courses","service":"user-service"}
{"level":"info","message":"GET /api/courses","service":"user-service"}
{"level":"info","message":"GET /api/courses","service":"user-service"}
{"level":"info","message":"POST /api/auth/login","service":"user-service"}
{"email":"admin@admin.com","level":"info","message":"Login endpoint hit","service":"user-service"}
{"email":"admin@admin.com","level":"info","message":"Password matches","service":"user-service"}
{"email":"admin@admin.com","level":"info","message":"JWT token generated","service":"user-service","token":"eyJhbGciOiJIUzI1NiIsInR5cCI6IkpXVCJ9.eyJlbWFpbCI6ImFkbWluQGFkbWluLmNvbSIsImlkIjoiNjU0ZTg5MWNkYWM5YmVjNjZkZTRjZjgzIiwicm9sZSI6ImFkbWluIiwiaWF0IjoxNzAxMzE5Mzk3LCJleHAiOjE3MDEzMjI5OTd9.bufErmQJWVtP034LTsBM9fIjOMopfb1yfg7tLZgMtFU"}
{"level":"info","message":"GET /api/courses/user/654e891cdac9bec66de4cf83/enrolled","service":"user-service"}
{"level":"info","message":"GET /api/courses/user/654e891cdac9bec66de4cf83/enrolled","service":"user-service"}
{"level":"info","message":"GET /api/users","service":"user-service"}
{"level":"info","message":"GET /api/users","service":"user-service"}
{"level":"info","message":"PATCH /api/user/654d5f61de3f586e70073363/role","service":"user-service"}
{"level":"info","message":"GET /api/users","service":"user-service"}
{"level":"info","message":"GET /api/courses","service":"user-service"}
{"level":"info","message":"GET /api/courses","service":"user-service"}
{"level":"info","message":"GET /api/modules/course/65544172a5b4d5b1cf9627b4","service":"user-service"}
{"level":"info","message":"GET /api/modules/course/65544172a5b4d5b1cf9627b4","service":"user-service"}
{"level":"info","message":"GET /api/modules/course/65544172a5b4d5b1cf9627b4","service":"user-service"}
{"level":"info","message":"GET /api/modules/course/65544172a5b4d5b1cf9627b4","service":"user-service"}
{"level":"info","message":"GET /api/courses/user/654e891cdac9bec66de4cf83/enrolled","service":"user-service"}
{"level":"info","message":"GET /api/courses/user/654e891cdac9bec66de4cf83/enrolled","service":"user-service"}
{"level":"info","message":"POST /api/auth/login","service":"user-service"}
{"email":"student2@student.com","level":"info","message":"Login endpoint hit","service":"user-service"}
{"email":"student2@student.com","level":"info","message":"Password matches","service":"user-service"}
{"email":"student2@student.com","level":"info","message":"JWT token generated","service":"user-service","token":"eyJhbGciOiJIUzI1NiIsInR5cCI6IkpXVCJ9.eyJlbWFpbCI6InN0dWRlbnQyQHN0dWRlbnQuY29tIiwiaWQiOiI2NTY1MTIwYTk1MzE1YzI3ZGZhN2Q4NzYiLCJyb2xlIjoic3R1ZGVudCIsImlhdCI6MTcwMTMxOTQyNCwiZXhwIjoxNzAxMzIzMDI0fQ.4Rv0r0IeC9PbSB_x9YShiMKLNgU4HdtKCTgOULcCrDg"}
{"level":"info","message":"GET /api/courses/user/6565120a95315c27dfa7d876/enrolled","service":"user-service"}
{"level":"info","message":"GET /api/courses/user/6565120a95315c27dfa7d876/enrolled","service":"user-service"}
{"level":"info","message":"GET /api/profile/6565120a95315c27dfa7d876","service":"user-service"}
{"level":"info","message":"GET /api/profile/6565120a95315c27dfa7d876","service":"user-service"}
{"level":"info","message":"GET /api/modules/course/655d63bbf38ffa042635f824","service":"user-service"}
{"level":"info","message":"GET /api/modules/course/655d63bbf38ffa042635f824","service":"user-service"}
{"level":"info","message":"GET /api/modules/course/655d63bbf38ffa042635f824","service":"user-service"}
{"level":"info","message":"GET /api/modules/course/655d63bbf38ffa042635f824","service":"user-service"}
{"level":"info","message":"GET /api/profile/6565120a95315c27dfa7d876","service":"user-service"}
{"level":"info","message":"GET /api/profile/6565120a95315c27dfa7d876","service":"user-service"}
{"level":"info","message":"GET /api/modules/course/65544172a5b4d5b1cf9627b4","service":"user-service"}
{"level":"info","message":"GET /api/modules/course/65544172a5b4d5b1cf9627b4","service":"user-service"}
{"level":"info","message":"GET /api/modules/course/65544172a5b4d5b1cf9627b4","service":"user-service"}
{"level":"info","message":"GET /api/modules/course/65544172a5b4d5b1cf9627b4","service":"user-service"}
{"level":"info","message":"GET /api/courses/user/6565120a95315c27dfa7d876/enrolled","service":"user-service"}
{"level":"info","message":"GET /api/courses/user/6565120a95315c27dfa7d876/enrolled","service":"user-service"}
{"level":"info","message":"GET /api/courses","service":"user-service"}
{"level":"info","message":"GET /api/courses","service":"user-service"}
{"level":"info","message":"GET /api/profile/6565120a95315c27dfa7d876","service":"user-service"}
{"level":"info","message":"GET /api/profile/6565120a95315c27dfa7d876","service":"user-service"}
{"level":"info","message":"GET /api/courses/user/6565120a95315c27dfa7d876/enrolled","service":"user-service"}
{"level":"info","message":"GET /api/courses/user/6565120a95315c27dfa7d876/enrolled","service":"user-service"}
{"level":"info","message":"GET /api/profile/6565120a95315c27dfa7d876","service":"user-service"}
{"level":"info","message":"GET /api/profile/6565120a95315c27dfa7d876","service":"user-service"}
{"level":"info","message":"GET /api/courses","service":"user-service"}
{"level":"info","message":"GET /api/courses","service":"user-service"}
{"level":"info","message":"GET /api/courses/user/6565120a95315c27dfa7d876/enrolled","service":"user-service"}
{"level":"info","message":"GET /api/courses/user/6565120a95315c27dfa7d876/enrolled","service":"user-service"}
{"level":"info","message":"GET /api/courses/user/6565120a95315c27dfa7d876/enrolled","service":"user-service"}
{"level":"info","message":"GET /api/profile/6565120a95315c27dfa7d876","service":"user-service"}
{"level":"info","message":"GET /api/profile/6565120a95315c27dfa7d876","service":"user-service"}
{"level":"info","message":"GET /api/courses","service":"user-service"}
{"level":"info","message":"GET /api/courses","service":"user-service"}
{"level":"info","message":"Hello world","service":"user-service"}
{"level":"error","message":"Error message","service":"user-service"}
{"level":"info","message":"Server is running on port 5001","service":"user-service"}
{"level":"info","message":"GET /api/player/rickywsb/followers","service":"user-service"}
{"level":"info","message":"GET /api/player/rickywsb/followers","service":"user-service"}
{"level":"info","message":"POST /api/follow-player","service":"user-service"}
{"level":"info","message":"POST /api/auth/login","service":"user-service"}
{"email":"admin@admin.com","level":"info","message":"Login endpoint hit","service":"user-service"}
{"email":"admin@admin.com","level":"info","message":"Password matches","service":"user-service"}
{"email":"admin@admin.com","level":"info","message":"JWT token generated","service":"user-service","token":"eyJhbGciOiJIUzI1NiIsInR5cCI6IkpXVCJ9.eyJlbWFpbCI6ImFkbWluQGFkbWluLmNvbSIsImlkIjoiNjU0ZTg5MWNkYWM5YmVjNjZkZTRjZjgzIiwicm9sZSI6ImFkbWluIiwiaWF0IjoxNzAxODA3MDU1LCJleHAiOjE3MDE4MTA2NTV9.YyvBNkhSYPRPYMeRSUw2DP7PUufl57B5U3Tw0q6QwVU"}
{"level":"info","message":"GET /api/courses/user/654e891cdac9bec66de4cf83/enrolled","service":"user-service"}
{"level":"info","message":"GET /api/courses/user/654e891cdac9bec66de4cf83/enrolled","service":"user-service"}
{"level":"info","message":"GET /api/player/rickywsb/followers","service":"user-service"}
{"level":"info","message":"GET /api/player/rickywsb/followers","service":"user-service"}
{"level":"info","message":"POST /api/follow-player","service":"user-service"}
{"level":"info","message":"GET /api/courses/user/654e891cdac9bec66de4cf83/enrolled","service":"user-service"}
{"level":"info","message":"GET /api/courses/user/654e891cdac9bec66de4cf83/enrolled","service":"user-service"}
{"level":"info","message":"GET /api/player/rickywsb/followers","service":"user-service"}
{"level":"info","message":"GET /api/player/rickywsb/followers","service":"user-service"}
{"level":"info","message":"Hello world","service":"user-service"}
{"level":"error","message":"Error message","service":"user-service"}
{"level":"info","message":"Server is running on port 5001","service":"user-service"}
{"level":"info","message":"Hello world","service":"user-service"}
{"level":"error","message":"Error message","service":"user-service"}
{"level":"info","message":"Server is running on port 5001","service":"user-service"}
{"level":"info","message":"Hello world","service":"user-service"}
{"level":"error","message":"Error message","service":"user-service"}
{"level":"info","message":"Server is running on port 5001","service":"user-service"}
{"level":"info","message":"Hello world","service":"user-service"}
{"level":"error","message":"Error message","service":"user-service"}
{"level":"info","message":"Server is running on port 5001","service":"user-service"}
{"level":"info","message":"Hello world","service":"user-service"}
{"level":"error","message":"Error message","service":"user-service"}
{"level":"info","message":"Server is running on port 5001","service":"user-service"}
{"level":"info","message":"Hello world","service":"user-service"}
{"level":"error","message":"Error message","service":"user-service"}
{"level":"info","message":"Server is running on port 5001","service":"user-service"}
{"level":"info","message":"Hello world","service":"user-service"}
{"level":"error","message":"Error message","service":"user-service"}
{"level":"info","message":"Server is running on port 5001","service":"user-service"}
{"level":"info","message":"GET /api/player/rickywsb/followers","service":"user-service"}
{"level":"info","message":"GET /api/player/rickywsb/followers","service":"user-service"}
{"level":"info","message":"GET /api/courses","service":"user-service"}
{"level":"info","message":"GET /api/courses","service":"user-service"}
{"level":"info","message":"GET /api/courses/user/654e891cdac9bec66de4cf83/enrolled","service":"user-service"}
{"level":"info","message":"GET /api/courses/user/654e891cdac9bec66de4cf83/enrolled","service":"user-service"}
{"level":"info","message":"GET /api/player/rickywsb/followers","service":"user-service"}
{"level":"info","message":"GET /api/player/rickywsb/followers","service":"user-service"}
{"level":"info","message":"GET /chess/player/rickywsb/followers","service":"user-service"}
{"level":"info","message":"GET /chess/player/rickywsb/followers","service":"user-service"}
{"level":"info","message":"GET /chess/player/rickywsb/followers","service":"user-service"}
{"level":"info","message":"GET /chess/player/rickywsb/followers","service":"user-service"}
{"level":"info","message":"GET /chess/player/rickywsb/followers","service":"user-service"}
{"level":"info","message":"GET /chess/player/rickywsb/followers","service":"user-service"}
{"level":"info","message":"GET /chess/player/rickywsb/followers","service":"user-service"}
{"level":"info","message":"GET /chess/player/rickywsb/followers","service":"user-service"}
{"level":"info","message":"GET /chess/player/rickywsb/followers","service":"user-service"}
{"level":"info","message":"GET /chess/player/rickywsb/followers","service":"user-service"}
{"level":"info","message":"GET /chess/player/rickywsb/followers","service":"user-service"}
{"level":"info","message":"POST /api/follow-player","service":"user-service"}
{"level":"info","message":"Hello world","service":"user-service"}
{"level":"error","message":"Error message","service":"user-service"}
{"level":"info","message":"Server is running on port 5001","service":"user-service"}
{"level":"info","message":"GET /api/courses/user/654e891cdac9bec66de4cf83/enrolled","service":"user-service"}
{"level":"info","message":"GET /api/courses/user/654e891cdac9bec66de4cf83/enrolled","service":"user-service"}
{"level":"info","message":"GET /api/courses/user/654e891cdac9bec66de4cf83/enrolled","service":"user-service"}
{"level":"info","message":"GET /api/courses/user/654e891cdac9bec66de4cf83/enrolled","service":"user-service"}
{"level":"info","message":"Hello world","service":"user-service"}
{"level":"error","message":"Error message","service":"user-service"}
{"level":"info","message":"Server is running on port 5001","service":"user-service"}
{"level":"info","message":"GET /api/courses/user/654e891cdac9bec66de4cf83/enrolled","service":"user-service"}
{"level":"info","message":"GET /api/courses/user/654e891cdac9bec66de4cf83/enrolled","service":"user-service"}
{"level":"info","message":"GET /api/player/rickywsb/followers","service":"user-service"}
{"level":"info","message":"GET /api/player/rickywsb/followers","service":"user-service"}
{"level":"info","message":"GET /api/courses/user/654e891cdac9bec66de4cf83/enrolled","service":"user-service"}
{"level":"info","message":"GET /api/courses/user/654e891cdac9bec66de4cf83/enrolled","service":"user-service"}
{"level":"info","message":"GET /api/player/rickywsb/followers","service":"user-service"}
{"level":"info","message":"GET /api/player/rickywsb/followers","service":"user-service"}
{"level":"info","message":"POST /api/follow-player","service":"user-service"}
{"level":"info","message":"DELETE /api/unfollow-player/rickywsb","service":"user-service"}
{"level":"info","message":"GET /api/player/rickywsb/followers","service":"user-service"}
{"level":"info","message":"GET /api/player/rickywsb/followers","service":"user-service"}
{"level":"info","message":"POST /api/follow-player","service":"user-service"}
{"level":"info","message":"Hello world","service":"user-service"}
{"level":"error","message":"Error message","service":"user-service"}
{"level":"info","message":"Server is running on port 5001","service":"user-service"}
{"level":"info","message":"POST /api/follow-player","service":"user-service"}
{"level":"info","message":"GET /api/player/rickywsb/followers","service":"user-service"}
{"level":"info","message":"Hello world","service":"user-service"}
{"level":"error","message":"Error message","service":"user-service"}
{"level":"info","message":"Server is running on port 5001","service":"user-service"}
{"level":"info","message":"Hello world","service":"user-service"}
{"level":"error","message":"Error message","service":"user-service"}
{"level":"info","message":"Server is running on port 5001","service":"user-service"}
{"level":"info","message":"GET /api/player/rickywsb/followers","service":"user-service"}
{"level":"info","message":"GET /api/player/rickywsb/followers","service":"user-service"}
{"level":"info","message":"POST /api/follow-player","service":"user-service"}
{"level":"info","message":"Hello world","service":"user-service"}
{"level":"error","message":"Error message","service":"user-service"}
{"level":"info","message":"Server is running on port 5001","service":"user-service"}
{"level":"info","message":"Hello world","service":"user-service"}
{"level":"error","message":"Error message","service":"user-service"}
{"level":"info","message":"Server is running on port 5001","service":"user-service"}
{"level":"info","message":"GET /api/player/rickywsb/followers","service":"user-service"}
{"level":"info","message":"GET /api/player/rickywsb/followers","service":"user-service"}
{"level":"info","message":"POST /api/follow-player","service":"user-service"}
{"level":"info","message":"GET /api/player/rickywsb/followers","service":"user-service"}
{"level":"info","message":"GET /api/player/rickywsb/followers","service":"user-service"}
{"level":"info","message":"GET /api/player/rickywsb/followers","service":"user-service"}
{"level":"info","message":"Hello world","service":"user-service"}
{"level":"error","message":"Error message","service":"user-service"}
{"level":"info","message":"Server is running on port 5001","service":"user-service"}
{"level":"info","message":"GET /api/player/rickywsb/followers","service":"user-service"}
{"level":"info","message":"DELETE /api/unfollow-player/rickywsb","service":"user-service"}
{"level":"info","message":"GET /api/player/rickywsb/followers","service":"user-service"}
{"level":"info","message":"Hello world","service":"user-service"}
{"level":"error","message":"Error message","service":"user-service"}
{"level":"info","message":"Server is running on port 5001","service":"user-service"}
{"level":"info","message":"GET /api/player/rickywsb/followers","service":"user-service"}
{"level":"info","message":"GET /api/player/rickywsb/followers","service":"user-service"}
{"level":"info","message":"DELETE /api/unfollow-player/rickywsb","service":"user-service"}
{"level":"info","message":"GET /api/player/rickywsb/followers","service":"user-service"}
{"level":"info","message":"GET /api/player/rickywsb/followers","service":"user-service"}
{"level":"info","message":"POST /api/auth/login","service":"user-service"}
{"email":"admin@admin.com","level":"info","message":"Login endpoint hit","service":"user-service"}
{"email":"admin@admin.com","level":"info","message":"Password matches","service":"user-service"}
{"email":"admin@admin.com","level":"info","message":"JWT token generated","service":"user-service","token":"eyJhbGciOiJIUzI1NiIsInR5cCI6IkpXVCJ9.eyJlbWFpbCI6ImFkbWluQGFkbWluLmNvbSIsImlkIjoiNjU0ZTg5MWNkYWM5YmVjNjZkZTRjZjgzIiwicm9sZSI6ImFkbWluIiwiaWF0IjoxNzAxODExMTA4LCJleHAiOjE3MDE4MTQ3MDh9.u6R5Pu4-_UY48-G33MB73VBDXkos29F5KEbrMvFufN0"}
{"level":"info","message":"GET /api/courses/user/654e891cdac9bec66de4cf83/enrolled","service":"user-service"}
{"level":"info","message":"GET /api/courses/user/654e891cdac9bec66de4cf83/enrolled","service":"user-service"}
{"level":"info","message":"GET /api/player/rickywsb/followers","service":"user-service"}
{"level":"info","message":"GET /api/player/rickywsb/followers","service":"user-service"}
{"level":"info","message":"DELETE /api/unfollow-player/rickywsb","service":"user-service"}
{"level":"info","message":"GET /api/player/rickywsb/followers","service":"user-service"}
{"level":"info","message":"GET /api/player/rickywsb/followers","service":"user-service"}
{"level":"info","message":"POST /api/auth/login","service":"user-service"}
{"email":"admin@admin.com","level":"info","message":"Login endpoint hit","service":"user-service"}
{"email":"admin@admin.com","level":"info","message":"Password matches","service":"user-service"}
{"email":"admin@admin.com","level":"info","message":"JWT token generated","service":"user-service","token":"eyJhbGciOiJIUzI1NiIsInR5cCI6IkpXVCJ9.eyJlbWFpbCI6ImFkbWluQGFkbWluLmNvbSIsImlkIjoiNjU0ZTg5MWNkYWM5YmVjNjZkZTRjZjgzIiwicm9sZSI6ImFkbWluIiwiaWF0IjoxNzAxODEyNjI0LCJleHAiOjE3MDE4MTYyMjR9.gEoa3YeQ4MlfNY1Ql9lVqqFpYgG1HBKZmFuP3Mam-7E"}
{"level":"info","message":"GET /api/courses/user/654e891cdac9bec66de4cf83/enrolled","service":"user-service"}
{"level":"info","message":"GET /api/courses/user/654e891cdac9bec66de4cf83/enrolled","service":"user-service"}
{"level":"info","message":"GET /api/player/rickywsb/followers","service":"user-service"}
{"level":"info","message":"GET /api/player/rickywsb/followers","service":"user-service"}
{"level":"info","message":"POST /api/follow-player","service":"user-service"}
{"level":"info","message":"GET /api/player/rickywsb/followers","service":"user-service"}
{"level":"info","message":"GET /api/profile/654e891cdac9bec66de4cf83","service":"user-service"}
{"level":"info","message":"GET /api/profile/654e891cdac9bec66de4cf83","service":"user-service"}
{"level":"info","message":"GET /api/player/rickywsb/followers","service":"user-service"}
{"level":"info","message":"GET /api/player/rickywsb/followers","service":"user-service"}
{"level":"info","message":"GET /api/profile/654e891cdac9bec66de4cf83","service":"user-service"}
{"level":"info","message":"GET /api/profile/654e891cdac9bec66de4cf83","service":"user-service"}
{"level":"info","message":"PUT /api/profile/me","service":"user-service"}
{"level":"info","message":"GET /api/courses","service":"user-service"}
{"level":"info","message":"GET /api/courses","service":"user-service"}
{"level":"info","message":"GET /api/player/rickywsb/followers","service":"user-service"}
{"level":"info","message":"GET /api/player/rickywsb/followers","service":"user-service"}
{"level":"info","message":"GET /api/player/rickywsb/followers","service":"user-service"}
{"level":"info","message":"GET /api/player/rickywsb/followers","service":"user-service"}
{"level":"info","message":"GET /api/player/antonsmirnov/followers","service":"user-service"}
{"level":"info","message":"GET /api/player/antonsmirnov/followers","service":"user-service"}
{"level":"info","message":"GET /api/courses","service":"user-service"}
{"level":"info","message":"GET /api/courses","service":"user-service"}
{"level":"info","message":"GET /api/player/Tiger0910/followers","service":"user-service"}
{"level":"info","message":"GET /api/player/Tiger0910/followers","service":"user-service"}
{"level":"info","message":"POST /api/follow-player","service":"user-service"}
{"level":"info","message":"GET /api/player/rickywsb/followers","service":"user-service"}
{"level":"info","message":"GET /api/player/rickywsb/followers","service":"user-service"}
{"level":"info","message":"GET /api/profile/654e891cdac9bec66de4cf83","service":"user-service"}
{"level":"info","message":"GET /api/profile/654e891cdac9bec66de4cf83","service":"user-service"}
{"level":"info","message":"GET /api/courses","service":"user-service"}
{"level":"info","message":"GET /api/courses","service":"user-service"}
{"level":"info","message":"GET /api/courses","service":"user-service"}
{"level":"info","message":"GET /api/courses","service":"user-service"}
{"level":"info","message":"POST /api/auth/login","service":"user-service"}
{"email":"newuser@example.com","level":"info","message":"Login endpoint hit","service":"user-service"}
{"email":"newuser@example.com","level":"info","message":"Password matches","service":"user-service"}
{"email":"newuser@example.com","level":"info","message":"JWT token generated","service":"user-service","token":"eyJhbGciOiJIUzI1NiIsInR5cCI6IkpXVCJ9.eyJlbWFpbCI6Im5ld3VzZXJAZXhhbXBsZS5jb20iLCJpZCI6IjY1NGQyNzA4MzcxZjk1NWI5OTRhMmE2ZCIsInJvbGUiOiJpbnN0cnVjdG9yIiwiaWF0IjoxNzAxOTA0Mjc3LCJleHAiOjE3MDE5MDc4Nzd9.S-GcAxC5uNwG8TGNjX-dVl2YEvNWSIBLLTfNRSA2VCs"}
{"level":"info","message":"GET /api/courses/user/654d2708371f955b994a2a6d/enrolled","service":"user-service"}
{"level":"info","message":"GET /api/courses/user/654d2708371f955b994a2a6d/enrolled","service":"user-service"}
{"level":"info","message":"GET /api/player/rickywsb/followers","service":"user-service"}
{"level":"info","message":"GET /api/player/rickywsb/followers","service":"user-service"}
{"level":"info","message":"POST /api/follow-player","service":"user-service"}
{"level":"info","message":"GET /api/player/rickywsb/followers","service":"user-service"}
{"level":"info","message":"GET /api/profile/654e891cdac9bec66de4cf83","service":"user-service"}
{"level":"info","message":"GET /api/profile/654e891cdac9bec66de4cf83","service":"user-service"}
{"level":"info","message":"GET /api/courses/user/654d2708371f955b994a2a6d/enrolled","service":"user-service"}
{"level":"info","message":"GET /api/courses/user/654d2708371f955b994a2a6d/enrolled","service":"user-service"}
{"level":"info","message":"Hello world","service":"user-service"}
{"level":"error","message":"Error message","service":"user-service"}
{"level":"info","message":"Server is running on port 5001","service":"user-service"}
{"level":"info","message":"GET /api/courses","service":"user-service"}
{"level":"info","message":"GET /api/courses","service":"user-service"}
{"level":"info","message":"GET /api/courses/user/654d2708371f955b994a2a6d/enrolled","service":"user-service"}
{"level":"info","message":"GET /api/courses/user/654d2708371f955b994a2a6d/enrolled","service":"user-service"}
{"level":"info","message":"GET /api/courses","service":"user-service"}
{"level":"info","message":"GET /api/courses","service":"user-service"}
{"level":"info","message":"Hello world","service":"user-service"}
{"level":"error","message":"Error message","service":"user-service"}
{"level":"info","message":"Server is running on port 5001","service":"user-service"}
{"level":"info","message":"GET /api/profile/654d2708371f955b994a2a6d","service":"user-service"}
{"level":"info","message":"GET /api/courses","service":"user-service"}
{"level":"info","message":"GET /api/courses/user/654d2708371f955b994a2a6d/enrolled","service":"user-service"}
{"level":"info","message":"GET /api/player/rickywsb/followers","service":"user-service"}
{"level":"info","message":"GET /api/profile/654d2708371f955b994a2a6d","service":"user-service"}
{"level":"info","message":"GET /api/courses","service":"user-service"}
{"level":"info","message":"GET /api/courses/user/654d2708371f955b994a2a6d/enrolled","service":"user-service"}
{"level":"info","message":"GET /api/courses","service":"user-service"}
{"level":"info","message":"GET /api/courses/user/654d2708371f955b994a2a6d/enrolled","service":"user-service"}
{"level":"info","message":"GET /api/profile/654d2708371f955b994a2a6d","service":"user-service"}
{"level":"info","message":"GET /api/player/rickywsb/followers","service":"user-service"}
{"level":"info","message":"GET /api/courses","service":"user-service"}
{"level":"info","message":"POST /api/auth/login","service":"user-service"}
{"level":"info","message":"POST /api/auth/login","service":"user-service"}
{"level":"info","message":"POST /api/auth/login","service":"user-service"}
{"level":"info","message":"POST /api/auth/login","service":"user-service"}
{"level":"info","message":"Hello world","service":"user-service"}
{"level":"error","message":"Error message","service":"user-service"}
{"level":"info","message":"Server is running on port 5001","service":"user-service"}
{"level":"info","message":"POST /api/auth/login","service":"user-service"}
{"email":"admin@admin.com","level":"info","message":"Login endpoint hit","service":"user-service"}
{"email":"admin@admin.com","level":"info","message":"Password matches","service":"user-service"}
{"email":"admin@admin.com","level":"info","message":"JWT token generated","service":"user-service","token":"eyJhbGciOiJIUzI1NiIsInR5cCI6IkpXVCJ9.eyJlbWFpbCI6ImFkbWluQGFkbWluLmNvbSIsImlkIjoiNjU0ZTg5MWNkYWM5YmVjNjZkZTRjZjgzIiwicm9sZSI6ImFkbWluIiwiaWF0IjoxNzAxOTA2NDk4LCJleHAiOjE3MDE5MTAwOTh9.oD1APvBscR14s9RNBnwCbAj853p0ZRX8FAvBOjwAzzA"}
{"level":"info","message":"GET /api/courses/user/654e891cdac9bec66de4cf83/enrolled","service":"user-service"}
{"level":"info","message":"GET /api/courses/user/654e891cdac9bec66de4cf83/enrolled","service":"user-service"}
{"level":"info","message":"GET /api/courses","service":"user-service"}
{"level":"info","message":"GET /api/courses","service":"user-service"}
{"level":"info","message":"POST /api/courses","service":"user-service"}
{"level":"info","message":"GET /api/courses","service":"user-service"}
{"level":"info","message":"GET /api/courses","service":"user-service"}
{"level":"info","message":"GET /api/courses","service":"user-service"}
{"level":"info","message":"POST /undefined/auth/login","service":"user-service"}
{"level":"info","message":"POST /undefined/auth/login","service":"user-service"}
{"level":"info","message":"POST /undefined/auth/login","service":"user-service"}
{"level":"info","message":"POST /undefined/auth/login","service":"user-service"}
{"level":"info","message":"POST /undefined/auth/login","service":"user-service"}
{"level":"info","message":"POST /undefined/auth/login","service":"user-service"}
{"level":"info","message":"POST /api/auth/login","service":"user-service"}
{"email":"admin@admin.com","level":"info","message":"Login endpoint hit","service":"user-service"}
{"email":"admin@admin.com","level":"info","message":"Password matches","service":"user-service"}
{"email":"admin@admin.com","level":"info","message":"JWT token generated","service":"user-service","token":"eyJhbGciOiJIUzI1NiIsInR5cCI6IkpXVCJ9.eyJlbWFpbCI6ImFkbWluQGFkbWluLmNvbSIsImlkIjoiNjU0ZTg5MWNkYWM5YmVjNjZkZTRjZjgzIiwicm9sZSI6ImFkbWluIiwiaWF0IjoxNzAxOTA2OTU4LCJleHAiOjE3MDE5MTA1NTh9.MoiXYYk9T5n6Tqg9t71N2CbSMgTsQN6E7AkKoOc0hsg"}
{"level":"info","message":"GET /$%7BBASE_URL%7D/courses/user/654e891cdac9bec66de4cf83/enrolled","service":"user-service"}
{"level":"info","message":"GET /$%7BBASE_URL%7D/courses/user/654e891cdac9bec66de4cf83/enrolled","service":"user-service"}
{"level":"info","message":"GET /undefined/courses/user/654e891cdac9bec66de4cf83/enrolled","service":"user-service"}
{"level":"info","message":"GET /undefined/courses/user/654e891cdac9bec66de4cf83/enrolled","service":"user-service"}
{"level":"info","message":"GET /undefined/courses/user/654e891cdac9bec66de4cf83/enrolled","service":"user-service"}
{"level":"info","message":"POST /undefined/auth/login","service":"user-service"}
{"level":"info","message":"POST /undefined/auth/login","service":"user-service"}
{"level":"info","message":"POST /undefined/auth/login","service":"user-service"}
{"level":"info","message":"POST /api/auth/login","service":"user-service"}
{"email":"admin@admin.com","level":"info","message":"Login endpoint hit","service":"user-service"}
{"email":"admin@admin.com","level":"info","message":"Password matches","service":"user-service"}
{"email":"admin@admin.com","level":"info","message":"JWT token generated","service":"user-service","token":"eyJhbGciOiJIUzI1NiIsInR5cCI6IkpXVCJ9.eyJlbWFpbCI6ImFkbWluQGFkbWluLmNvbSIsImlkIjoiNjU0ZTg5MWNkYWM5YmVjNjZkZTRjZjgzIiwicm9sZSI6ImFkbWluIiwiaWF0IjoxNzAxOTA3NDE1LCJleHAiOjE3MDE5MTEwMTV9.Vu71Ux_h0QmK1cuKBRTA6pL6usAGnIfkjb0OZNejCBM"}
{"level":"info","message":"GET /undefined/courses/user/654e891cdac9bec66de4cf83/enrolled","service":"user-service"}
{"level":"info","message":"GET /undefined/courses/user/654e891cdac9bec66de4cf83/enrolled","service":"user-service"}
{"level":"info","message":"GET /api/courses/user/654e891cdac9bec66de4cf83/enrolled","service":"user-service"}
{"level":"info","message":"GET /api/courses/user/654e891cdac9bec66de4cf83/enrolled","service":"user-service"}
{"level":"info","message":"POST /undefined/auth/login","service":"user-service"}
{"level":"info","message":"POST /api/auth/login","service":"user-service"}
{"email":"admin@admin.com","level":"info","message":"Login endpoint hit","service":"user-service"}
{"email":"admin@admin.com","level":"info","message":"Password matches","service":"user-service"}
{"email":"admin@admin.com","level":"info","message":"JWT token generated","service":"user-service","token":"eyJhbGciOiJIUzI1NiIsInR5cCI6IkpXVCJ9.eyJlbWFpbCI6ImFkbWluQGFkbWluLmNvbSIsImlkIjoiNjU0ZTg5MWNkYWM5YmVjNjZkZTRjZjgzIiwicm9sZSI6ImFkbWluIiwiaWF0IjoxNzAxOTA4Mzg1LCJleHAiOjE3MDE5MTE5ODV9.rP3ziWz3uwi7Uwz-ivxDRWouHKqNJLfOxSc0DNxL_m8"}
{"level":"info","message":"GET /api/courses/user/654e891cdac9bec66de4cf83/enrolled","service":"user-service"}
{"level":"info","message":"GET /api/courses/user/654e891cdac9bec66de4cf83/enrolled","service":"user-service"}
{"level":"info","message":"GET /api/courses","service":"user-service"}
{"level":"info","message":"GET /api/courses","service":"user-service"}
{"level":"info","message":"GET /api/courses","service":"user-service"}
{"level":"info","message":"GET /api/courses","service":"user-service"}
{"level":"info","message":"GET /api/courses","service":"user-service"}
{"level":"info","message":"POST /api/auth/login","service":"user-service"}
{"email":"admin@admin.com","level":"info","message":"Login endpoint hit","service":"user-service"}
{"email":"admin@admin.com","level":"info","message":"Password matches","service":"user-service"}
{"email":"admin@admin.com","level":"info","message":"JWT token generated","service":"user-service","token":"eyJhbGciOiJIUzI1NiIsInR5cCI6IkpXVCJ9.eyJlbWFpbCI6ImFkbWluQGFkbWluLmNvbSIsImlkIjoiNjU0ZTg5MWNkYWM5YmVjNjZkZTRjZjgzIiwicm9sZSI6ImFkbWluIiwiaWF0IjoxNzAxOTA4NTA4LCJleHAiOjE3MDE5MTIxMDh9.j6sd5lLKMi8iZmAFYwkITIGY2LXGp-IumklNtC4vKzg"}
{"level":"info","message":"GET /api/courses/user/654e891cdac9bec66de4cf83/enrolled","service":"user-service"}
{"level":"info","message":"GET /api/courses/user/654e891cdac9bec66de4cf83/enrolled","service":"user-service"}
{"level":"info","message":"GET /api/courses","service":"user-service"}
{"level":"info","message":"GET /api/courses","service":"user-service"}
{"level":"info","message":"POST /api/courses","service":"user-service"}
{"level":"info","message":"GET /api/modules/course/65544172a5b4d5b1cf9627b4","service":"user-service"}
{"level":"info","message":"GET /api/modules/course/65544172a5b4d5b1cf9627b4","service":"user-service"}
{"level":"info","message":"GET /api/modules/course/65544172a5b4d5b1cf9627b4","service":"user-service"}
{"level":"info","message":"GET /api/modules/course/65544172a5b4d5b1cf9627b4","service":"user-service"}
{"level":"info","message":"POST /api/modules","service":"user-service"}
{"level":"info","message":"GET /api/profile/654e891cdac9bec66de4cf83","service":"user-service"}
{"level":"info","message":"GET /api/profile/654e891cdac9bec66de4cf83","service":"user-service"}
{"level":"info","message":"GET /api/courses","service":"user-service"}
{"level":"info","message":"GET /api/courses","service":"user-service"}
{"level":"info","message":"GET /api/courses/user/654e891cdac9bec66de4cf83/enrolled","service":"user-service"}
{"level":"info","message":"GET /api/courses/user/654e891cdac9bec66de4cf83/enrolled","service":"user-service"}
{"level":"info","message":"GET /api/profile/654e891cdac9bec66de4cf83","service":"user-service"}
{"level":"info","message":"GET /api/profile/654e891cdac9bec66de4cf83","service":"user-service"}
{"level":"info","message":"GET /api/courses/user/654e891cdac9bec66de4cf83/enrolled","service":"user-service"}
{"level":"info","message":"GET /api/courses/user/654e891cdac9bec66de4cf83/enrolled","service":"user-service"}
{"level":"info","message":"GET /api/player/ssss/followers","service":"user-service"}
{"level":"info","message":"GET /api/player/ssss/followers","service":"user-service"}
{"level":"info","message":"POST /api/follow-player","service":"user-service"}
{"level":"info","message":"GET /api/player/ssss/followers","service":"user-service"}
{"level":"info","message":"GET /api/profile/654e891cdac9bec66de4cf83","service":"user-service"}
{"level":"info","message":"GET /api/profile/654e891cdac9bec66de4cf83","service":"user-service"}
{"level":"info","message":"Hello world","service":"user-service"}
{"level":"error","message":"Error message","service":"user-service"}
{"level":"info","message":"Server is running on port 5001","service":"user-service"}
{"level":"info","message":"GET /api/profile/654e891cdac9bec66de4cf83","service":"user-service"}
{"level":"info","message":"GET /api/profile/654e891cdac9bec66de4cf83","service":"user-service"}
{"level":"info","message":"POST /api/auth/login","service":"user-service"}
{"email":"admin@admin.com","level":"info","message":"Login endpoint hit","service":"user-service"}
{"email":"admin@admin.com","level":"info","message":"Password matches","service":"user-service"}
{"email":"admin@admin.com","level":"info","message":"JWT token generated","service":"user-service","token":"eyJhbGciOiJIUzI1NiIsInR5cCI6IkpXVCJ9.eyJlbWFpbCI6ImFkbWluQGFkbWluLmNvbSIsImlkIjoiNjU0ZTg5MWNkYWM5YmVjNjZkZTRjZjgzIiwicm9sZSI6ImFkbWluIiwiaWF0IjoxNzAxOTEwNTY2LCJleHAiOjE3MDE5MTQxNjZ9.8fFWB-X2vKSz8WxMl1AS4PBhJiuGD9a3Da1Lpa80m2A"}
{"level":"info","message":"GET /api/courses/user/654e891cdac9bec66de4cf83/enrolled","service":"user-service"}
{"level":"info","message":"GET /api/courses/user/654e891cdac9bec66de4cf83/enrolled","service":"user-service"}
{"level":"info","message":"GET /api/users","service":"user-service"}
{"level":"info","message":"GET /api/users","service":"user-service"}
{"level":"info","message":"GET /api/users","service":"user-service"}
{"level":"info","message":"GET /api/users","service":"user-service"}
{"level":"info","message":"GET /api/courses/user/654e891cdac9bec66de4cf83/enrolled","service":"user-service"}
{"level":"info","message":"GET /api/courses/user/654e891cdac9bec66de4cf83/enrolled","service":"user-service"}
{"level":"info","message":"POST /api/auth/login","service":"user-service"}
{"email":"student2@student.com","level":"info","message":"Login endpoint hit","service":"user-service"}
{"email":"student2@student.com","level":"info","message":"Password matches","service":"user-service"}
{"email":"student2@student.com","level":"info","message":"JWT token generated","service":"user-service","token":"eyJhbGciOiJIUzI1NiIsInR5cCI6IkpXVCJ9.eyJlbWFpbCI6InN0dWRlbnQyQHN0dWRlbnQuY29tIiwiaWQiOiI2NTY1MTIwYTk1MzE1YzI3ZGZhN2Q4NzYiLCJyb2xlIjoic3R1ZGVudCIsImlhdCI6MTcwMTkyMjMzNSwiZXhwIjoxNzAxOTI1OTM1fQ.rSeNzJyIh5SGqp1F2QroPTUv6QqONQ7a6GuFQFEUnEo"}
{"level":"info","message":"GET /api/courses/user/6565120a95315c27dfa7d876/enrolled","service":"user-service"}
{"level":"info","message":"GET /api/courses/user/6565120a95315c27dfa7d876/enrolled","service":"user-service"}
{"level":"info","message":"POST /api/auth/login","service":"user-service"}
{"email":"student2@student.com","level":"info","message":"Login endpoint hit","service":"user-service"}
{"email":"student2@student.com","level":"info","message":"Password matches","service":"user-service"}
{"email":"student2@student.com","level":"info","message":"JWT token generated","service":"user-service","token":"eyJhbGciOiJIUzI1NiIsInR5cCI6IkpXVCJ9.eyJlbWFpbCI6InN0dWRlbnQyQHN0dWRlbnQuY29tIiwiaWQiOiI2NTY1MTIwYTk1MzE1YzI3ZGZhN2Q4NzYiLCJyb2xlIjoic3R1ZGVudCIsImlhdCI6MTcwMTkyMjQ1OCwiZXhwIjoxNzAxOTI2MDU4fQ.GExvsoQkqte9ftBln2izBGORSXJ3I8Xo5xzDcRrADDY"}
{"level":"info","message":"GET /api/courses/user/6565120a95315c27dfa7d876/enrolled","service":"user-service"}
{"level":"info","message":"GET /api/courses/user/6565120a95315c27dfa7d876/enrolled","service":"user-service"}
{"level":"info","message":"GET /api/profile/6565120a95315c27dfa7d876","service":"user-service"}
{"level":"info","message":"GET /api/profile/6565120a95315c27dfa7d876","service":"user-service"}
{"level":"info","message":"PUT /api/profile/me","service":"user-service"}
{"level":"info","message":"GET /api/modules/course/655d63bbf38ffa042635f824","service":"user-service"}
{"level":"info","message":"GET /api/modules/course/655d63bbf38ffa042635f824","service":"user-service"}
{"level":"info","message":"GET /api/modules/course/655d63bbf38ffa042635f824","service":"user-service"}
{"level":"info","message":"GET /api/modules/course/655d63bbf38ffa042635f824","service":"user-service"}
{"level":"info","message":"GET /api/courses","service":"user-service"}
{"level":"info","message":"GET /api/courses","service":"user-service"}
{"level":"info","message":"GET /api/modules/course/655d63bbf38ffa042635f824","service":"user-service"}
{"level":"info","message":"GET /api/modules/course/655d63bbf38ffa042635f824","service":"user-service"}
{"level":"info","message":"GET /api/modules/course/655d63bbf38ffa042635f824","service":"user-service"}
{"level":"info","message":"GET /api/modules/course/655d63bbf38ffa042635f824","service":"user-service"}
{"level":"info","message":"GET /api/courses","service":"user-service"}
{"level":"info","message":"GET /api/courses","service":"user-service"}
{"level":"info","message":"GET /api/courses","service":"user-service"}
{"level":"info","message":"POST /api/auth/login","service":"user-service"}
{"email":"admin@admin.com","level":"info","message":"Login endpoint hit","service":"user-service"}
{"email":"admin@admin.com","level":"info","message":"Password matches","service":"user-service"}
{"email":"admin@admin.com","level":"info","message":"JWT token generated","service":"user-service","token":"eyJhbGciOiJIUzI1NiIsInR5cCI6IkpXVCJ9.eyJlbWFpbCI6ImFkbWluQGFkbWluLmNvbSIsImlkIjoiNjU0ZTg5MWNkYWM5YmVjNjZkZTRjZjgzIiwicm9sZSI6ImFkbWluIiwiaWF0IjoxNzAxOTIyNTQxLCJleHAiOjE3MDE5MjYxNDF9.aSRDkZIMgoRQ0LF8c1MNg0VTIpDwNaXP3HKCSasOAIM"}
{"level":"info","message":"GET /api/courses/user/654e891cdac9bec66de4cf83/enrolled","service":"user-service"}
{"level":"info","message":"GET /api/courses/user/654e891cdac9bec66de4cf83/enrolled","service":"user-service"}
{"level":"info","message":"GET /api/courses","service":"user-service"}
{"level":"info","message":"GET /api/courses","service":"user-service"}
{"level":"info","message":"GET /api/modules/course/65544172a5b4d5b1cf9627b4","service":"user-service"}
{"level":"info","message":"GET /api/modules/course/65544172a5b4d5b1cf9627b4","service":"user-service"}
{"level":"info","message":"GET /api/modules/course/65544172a5b4d5b1cf9627b4","service":"user-service"}
{"level":"info","message":"GET /api/modules/course/65544172a5b4d5b1cf9627b4","service":"user-service"}
{"level":"info","message":"POST /api/modules","service":"user-service"}
{"level":"info","message":"GET /api/courses","service":"user-service"}
{"level":"info","message":"GET /api/courses","service":"user-service"}
{"level":"info","message":"GET /api/modules/course/655d63bbf38ffa042635f824","service":"user-service"}
{"level":"info","message":"GET /api/modules/course/655d63bbf38ffa042635f824","service":"user-service"}
{"level":"info","message":"GET /api/modules/course/655d63bbf38ffa042635f824","service":"user-service"}
{"level":"info","message":"GET /api/modules/course/655d63bbf38ffa042635f824","service":"user-service"}
{"level":"info","message":"POST /api/modules","service":"user-service"}
{"level":"info","message":"GET /api/courses","service":"user-service"}
{"level":"info","message":"GET /api/courses","service":"user-service"}
{"level":"info","message":"GET /api/modules/course/655d63bbf38ffa042635f824","service":"user-service"}
{"level":"info","message":"GET /api/modules/course/655d63bbf38ffa042635f824","service":"user-service"}
{"level":"info","message":"GET /api/modules/course/655d63bbf38ffa042635f824","service":"user-service"}
{"level":"info","message":"GET /api/modules/course/655d63bbf38ffa042635f824","service":"user-service"}
{"level":"info","message":"GET /api/courses","service":"user-service"}
{"level":"info","message":"GET /api/courses","service":"user-service"}
{"level":"info","message":"GET /api/courses/user/654e891cdac9bec66de4cf83/enrolled","service":"user-service"}
{"level":"info","message":"GET /api/courses/user/654e891cdac9bec66de4cf83/enrolled","service":"user-service"}
{"level":"info","message":"POST /api/auth/login","service":"user-service"}
{"email":"student2@student.com","level":"info","message":"Login endpoint hit","service":"user-service"}
{"email":"student2@student.com","level":"info","message":"Password matches","service":"user-service"}
{"email":"student2@student.com","level":"info","message":"JWT token generated","service":"user-service","token":"eyJhbGciOiJIUzI1NiIsInR5cCI6IkpXVCJ9.eyJlbWFpbCI6InN0dWRlbnQyQHN0dWRlbnQuY29tIiwiaWQiOiI2NTY1MTIwYTk1MzE1YzI3ZGZhN2Q4NzYiLCJyb2xlIjoic3R1ZGVudCIsImlhdCI6MTcwMTkyMjU5NCwiZXhwIjoxNzAxOTI2MTk0fQ.jpHfgeR-nGVCyM_oMCW6_vmzr_JyyQxqkEe02Yn5H5c"}
{"level":"info","message":"GET /api/courses/user/6565120a95315c27dfa7d876/enrolled","service":"user-service"}
{"level":"info","message":"GET /api/courses/user/6565120a95315c27dfa7d876/enrolled","service":"user-service"}
{"level":"info","message":"GET /api/profile/6565120a95315c27dfa7d876","service":"user-service"}
{"level":"info","message":"GET /api/profile/6565120a95315c27dfa7d876","service":"user-service"}
{"level":"info","message":"GET /api/modules/course/655d63bbf38ffa042635f824","service":"user-service"}
{"level":"info","message":"GET /api/modules/course/655d63bbf38ffa042635f824","service":"user-service"}
{"level":"info","message":"GET /api/modules/course/655d63bbf38ffa042635f824","service":"user-service"}
{"level":"info","message":"GET /api/modules/course/655d63bbf38ffa042635f824","service":"user-service"}
{"level":"info","message":"GET /api/courses/user/6565120a95315c27dfa7d876/enrolled","service":"user-service"}
{"level":"info","message":"GET /api/courses/user/6565120a95315c27dfa7d876/enrolled","service":"user-service"}
{"level":"info","message":"GET /api/profile/6565120a95315c27dfa7d876","service":"user-service"}
{"level":"info","message":"GET /api/profile/6565120a95315c27dfa7d876","service":"user-service"}
{"level":"info","message":"GET /api/player/rickywsb/followers","service":"user-service"}
{"level":"info","message":"GET /api/player/rickywsb/followers","service":"user-service"}
{"level":"info","message":"GET /api/profile/654e891cdac9bec66de4cf83","service":"user-service"}
{"level":"info","message":"GET /api/profile/654e891cdac9bec66de4cf83","service":"user-service"}
{"level":"info","message":"GET /api/player/rickywsb/followers","service":"user-service"}
{"level":"info","message":"GET /api/player/rickywsb/followers","service":"user-service"}
{"level":"info","message":"GET /api/courses","service":"user-service"}
{"level":"info","message":"GET /api/courses","service":"user-service"}
{"level":"info","message":"GET /api/courses","service":"user-service"}
{"level":"info","message":"GET /api/courses","service":"user-service"}
{"level":"info","message":"GET /api/player/rickywsb/followers","service":"user-service"}
{"level":"info","message":"GET /api/player/rickywsb/followers","service":"user-service"}
{"level":"info","message":"GET /api/courses","service":"user-service"}
{"level":"info","message":"GET /api/courses","service":"user-service"}
{"level":"info","message":"POST /api/auth/login","service":"user-service"}
{"email":"student2@student.com","level":"info","message":"Login endpoint hit","service":"user-service"}
{"email":"student2@student.com","level":"info","message":"Password matches","service":"user-service"}
{"email":"student2@student.com","level":"info","message":"JWT token generated","service":"user-service","token":"eyJhbGciOiJIUzI1NiIsInR5cCI6IkpXVCJ9.eyJlbWFpbCI6InN0dWRlbnQyQHN0dWRlbnQuY29tIiwiaWQiOiI2NTY1MTIwYTk1MzE1YzI3ZGZhN2Q4NzYiLCJyb2xlIjoic3R1ZGVudCIsImlhdCI6MTcwMTkyMjg3MywiZXhwIjoxNzAxOTI2NDczfQ.mPhfpWC8BI2mdDPfKLf69p6kAFrIDGMYnwpiAU9822Y"}
{"level":"info","message":"GET /api/courses/user/6565120a95315c27dfa7d876/enrolled","service":"user-service"}
{"level":"info","message":"GET /api/courses/user/6565120a95315c27dfa7d876/enrolled","service":"user-service"}
{"level":"info","message":"GET /api/modules/course/65544172a5b4d5b1cf9627b4","service":"user-service"}
{"level":"info","message":"GET /api/modules/course/65544172a5b4d5b1cf9627b4","service":"user-service"}
{"level":"info","message":"GET /api/modules/course/65544172a5b4d5b1cf9627b4","service":"user-service"}
{"level":"info","message":"GET /api/modules/course/65544172a5b4d5b1cf9627b4","service":"user-service"}
{"level":"info","message":"GET /api/courses/user/6565120a95315c27dfa7d876/enrolled","service":"user-service"}
{"level":"info","message":"GET /api/courses/user/6565120a95315c27dfa7d876/enrolled","service":"user-service"}
{"level":"info","message":"GET /api/player/1b31-0/followers","service":"user-service"}
{"level":"info","message":"GET /api/player/1b31-0/followers","service":"user-service"}
{"level":"info","message":"GET /api/player/aljado/followers","service":"user-service"}
{"level":"info","message":"GET /api/player/aljado/followers","service":"user-service"}
{"level":"info","message":"GET /api/player/rickywsb/followers","service":"user-service"}
{"level":"info","message":"GET /api/player/rickywsb/followers","service":"user-service"}
{"level":"info","message":"GET /api/player/124chess/followers","service":"user-service"}
{"level":"info","message":"GET /api/player/124chess/followers","service":"user-service"}
{"level":"info","message":"GET /api/player/017290/followers","service":"user-service"}
{"level":"info","message":"GET /api/player/017290/followers","service":"user-service"}
{"level":"info","message":"Hello world","service":"user-service"}
{"level":"error","message":"Error message","service":"user-service"}
{"level":"info","message":"Server is running on port 5001","service":"user-service"}
{"level":"info","message":"POST /api/auth/login","service":"user-service"}
{"email":"student2@student.com","level":"info","message":"Login endpoint hit","service":"user-service"}
{"level":"info","message":"POST /api/auth/login","service":"user-service"}
{"email":"student2@student.com","level":"info","message":"Login endpoint hit","service":"user-service"}
{"level":"info","message":"POST /api/auth/login","service":"user-service"}
{"email":"student2@student.com","level":"info","message":"Login endpoint hit","service":"user-service"}
{"email":"student2@student.com","error":"connection timed out","level":"error","message":"Login error","service":"user-service"}
{"email":"student2@student.com","error":"connection timed out","level":"error","message":"Login error","service":"user-service"}
{"level":"info","message":"Hello world","service":"user-service"}
{"level":"error","message":"Error message","service":"user-service"}
{"level":"info","message":"Server is running on port 5001","service":"user-service"}
{"level":"info","message":"POST /api/auth/login","service":"user-service"}
{"email":"student2@student.com","level":"info","message":"Login endpoint hit","service":"user-service"}
{"email":"student2@student.com","error":"Operation `users.findOne()` buffering timed out after 10000ms","level":"error","message":"Login error","service":"user-service"}
{"level":"info","message":"Hello world","service":"user-service"}
{"level":"error","message":"Error message","service":"user-service"}
{"level":"info","message":"Server is running on port 5001","service":"user-service"}
{"level":"info","message":"POST /api/auth/login","service":"user-service"}
{"email":"student2@student.com","level":"info","message":"Login endpoint hit","service":"user-service"}
{"email":"student2@student.com","level":"info","message":"Password matches","service":"user-service"}
{"email":"student2@student.com","level":"info","message":"JWT token generated","service":"user-service","token":"eyJhbGciOiJIUzI1NiIsInR5cCI6IkpXVCJ9.eyJlbWFpbCI6InN0dWRlbnQyQHN0dWRlbnQuY29tIiwiaWQiOiI2NTY1MTIwYTk1MzE1YzI3ZGZhN2Q4NzYiLCJyb2xlIjoic3R1ZGVudCIsImlhdCI6MTcwMTk4NjEyNiwiZXhwIjoxNzAxOTg5NzI2fQ.FpUWPJxMVBsK7LRVG3GeE3tqd4YX2pnnagC3xDAomQQ"}
{"level":"info","message":"GET /api/courses/user/6565120a95315c27dfa7d876/enrolled","service":"user-service"}
{"level":"info","message":"GET /api/courses/user/6565120a95315c27dfa7d876/enrolled","service":"user-service"}
{"level":"info","message":"GET /api/courses/655d63bbf38ffa042635f824/enrolled-students","service":"user-service"}
{"level":"info","message":"GET /api/courses/65544172a5b4d5b1cf9627b4/enrolled-students","service":"user-service"}
{"level":"info","message":"GET /api/courses/6567d7fe42c0b0956e8665c9/enrolled-students","service":"user-service"}
{"level":"info","message":"GET /api/courses/655d63bbf38ffa042635f824/enrolled-students","service":"user-service"}
{"level":"info","message":"GET /api/courses/65544172a5b4d5b1cf9627b4/enrolled-students","service":"user-service"}
{"level":"info","message":"GET /api/courses/6567d7fe42c0b0956e8665c9/enrolled-students","service":"user-service"}
{"level":"info","message":"GET /api/profile/6571516a34ac0472cd4375df","service":"user-service"}
{"level":"info","message":"GET /api/profile/6571516a34ac0472cd4375df","service":"user-service"}
{"level":"info","message":"GET /api/courses/user/6565120a95315c27dfa7d876/enrolled","service":"user-service"}
{"level":"info","message":"GET /api/courses/user/6565120a95315c27dfa7d876/enrolled","service":"user-service"}
{"level":"info","message":"GET /api/courses/65544172a5b4d5b1cf9627b4/enrolled-students","service":"user-service"}
{"level":"info","message":"GET /api/courses/655d63bbf38ffa042635f824/enrolled-students","service":"user-service"}
{"level":"info","message":"GET /api/courses/6567d7fe42c0b0956e8665c9/enrolled-students","service":"user-service"}
{"level":"info","message":"GET /api/courses/65544172a5b4d5b1cf9627b4/enrolled-students","service":"user-service"}
{"level":"info","message":"GET /api/courses/655d63bbf38ffa042635f824/enrolled-students","service":"user-service"}
{"level":"info","message":"GET /api/courses/6567d7fe42c0b0956e8665c9/enrolled-students","service":"user-service"}
{"level":"info","message":"GET /api/profile/6571516a34ac0472cd4375df","service":"user-service"}
{"level":"info","message":"GET /api/profile/6571516a34ac0472cd4375df","service":"user-service"}
{"level":"info","message":"GET /api/courses/user/6565120a95315c27dfa7d876/enrolled","service":"user-service"}
{"level":"info","message":"GET /api/courses/user/6565120a95315c27dfa7d876/enrolled","service":"user-service"}
{"level":"info","message":"GET /api/courses/65544172a5b4d5b1cf9627b4/enrolled-students","service":"user-service"}
{"level":"info","message":"GET /api/courses/655d63bbf38ffa042635f824/enrolled-students","service":"user-service"}
{"level":"info","message":"GET /api/courses/6567d7fe42c0b0956e8665c9/enrolled-students","service":"user-service"}
{"level":"info","message":"GET /api/courses/65544172a5b4d5b1cf9627b4/enrolled-students","service":"user-service"}
{"level":"info","message":"GET /api/courses/655d63bbf38ffa042635f824/enrolled-students","service":"user-service"}
{"level":"info","message":"GET /api/courses/6567d7fe42c0b0956e8665c9/enrolled-students","service":"user-service"}
{"level":"info","message":"GET /api/profile/6565120a95315c27dfa7d876","service":"user-service"}
{"level":"info","message":"GET /api/profile/6565120a95315c27dfa7d876","service":"user-service"}
{"level":"info","message":"GET /api/courses/user/6565120a95315c27dfa7d876/enrolled","service":"user-service"}
{"level":"info","message":"GET /api/courses/user/6565120a95315c27dfa7d876/enrolled","service":"user-service"}
{"level":"info","message":"GET /api/courses/65544172a5b4d5b1cf9627b4/enrolled-students","service":"user-service"}
{"level":"info","message":"GET /api/courses/655d63bbf38ffa042635f824/enrolled-students","service":"user-service"}
{"level":"info","message":"GET /api/courses/6567d7fe42c0b0956e8665c9/enrolled-students","service":"user-service"}
{"level":"info","message":"GET /api/courses/655d63bbf38ffa042635f824/enrolled-students","service":"user-service"}
{"level":"info","message":"GET /api/courses/65544172a5b4d5b1cf9627b4/enrolled-students","service":"user-service"}
{"level":"info","message":"GET /api/courses/6567d7fe42c0b0956e8665c9/enrolled-students","service":"user-service"}
{"level":"info","message":"GET /api/profile/6571516a34ac0472cd4375df","service":"user-service"}
{"level":"info","message":"GET /api/profile/6571516a34ac0472cd4375df","service":"user-service"}
{"level":"info","message":"GET /api/courses/user/6565120a95315c27dfa7d876/enrolled","service":"user-service"}
{"level":"info","message":"GET /api/courses/user/6565120a95315c27dfa7d876/enrolled","service":"user-service"}
{"level":"info","message":"GET /api/courses/65544172a5b4d5b1cf9627b4/enrolled-students","service":"user-service"}
{"level":"info","message":"GET /api/courses/655d63bbf38ffa042635f824/enrolled-students","service":"user-service"}
{"level":"info","message":"GET /api/courses/6567d7fe42c0b0956e8665c9/enrolled-students","service":"user-service"}
{"level":"info","message":"GET /api/courses/65544172a5b4d5b1cf9627b4/enrolled-students","service":"user-service"}
{"level":"info","message":"GET /api/courses/655d63bbf38ffa042635f824/enrolled-students","service":"user-service"}
{"level":"info","message":"GET /api/courses/6567d7fe42c0b0956e8665c9/enrolled-students","service":"user-service"}
{"level":"info","message":"GET /api/courses","service":"user-service"}
{"level":"info","message":"GET /api/courses","service":"user-service"}
{"level":"info","message":"GET /api/courses/65544172a5b4d5b1cf9627b4/enrolled-students","service":"user-service"}
{"level":"info","message":"GET /api/courses/657110240587a10d03358889/enrolled-students","service":"user-service"}
{"level":"info","message":"GET /api/courses/657108870587a10d0335886d/enrolled-students","service":"user-service"}
{"level":"info","message":"GET /api/courses/655d63bbf38ffa042635f824/enrolled-students","service":"user-service"}
{"level":"info","message":"GET /api/courses/6567d7fe42c0b0956e8665c9/enrolled-students","service":"user-service"}
{"level":"info","message":"GET /api/courses/657110240587a10d03358889/enrolled-students","service":"user-service"}
{"level":"info","message":"GET /api/courses/657108870587a10d0335886d/enrolled-students","service":"user-service"}
{"level":"info","message":"GET /api/courses/65544172a5b4d5b1cf9627b4/enrolled-students","service":"user-service"}
{"level":"info","message":"GET /api/courses/6567d7fe42c0b0956e8665c9/enrolled-students","service":"user-service"}
{"level":"info","message":"GET /api/courses/655d63bbf38ffa042635f824/enrolled-students","service":"user-service"}
{"level":"info","message":"GET /api/courses/user/6565120a95315c27dfa7d876/enrolled","service":"user-service"}
{"level":"info","message":"GET /api/courses/user/6565120a95315c27dfa7d876/enrolled","service":"user-service"}
{"level":"info","message":"GET /api/courses/65544172a5b4d5b1cf9627b4/enrolled-students","service":"user-service"}
{"level":"info","message":"GET /api/courses/655d63bbf38ffa042635f824/enrolled-students","service":"user-service"}
{"level":"info","message":"GET /api/courses/6567d7fe42c0b0956e8665c9/enrolled-students","service":"user-service"}
{"level":"info","message":"GET /api/courses/65544172a5b4d5b1cf9627b4/enrolled-students","service":"user-service"}
{"level":"info","message":"GET /api/courses/655d63bbf38ffa042635f824/enrolled-students","service":"user-service"}
{"level":"info","message":"GET /api/courses/6567d7fe42c0b0956e8665c9/enrolled-students","service":"user-service"}
{"level":"info","message":"GET /api/courses/user/6565120a95315c27dfa7d876/enrolled","service":"user-service"}
{"level":"info","message":"GET /api/courses/65544172a5b4d5b1cf9627b4/enrolled-students","service":"user-service"}
{"level":"info","message":"GET /api/courses/655d63bbf38ffa042635f824/enrolled-students","service":"user-service"}
{"level":"info","message":"GET /api/courses/6567d7fe42c0b0956e8665c9/enrolled-students","service":"user-service"}
{"level":"info","message":"GET /api/courses/655d63bbf38ffa042635f824/enrolled-students","service":"user-service"}
{"level":"info","message":"GET /api/courses/65544172a5b4d5b1cf9627b4/enrolled-students","service":"user-service"}
{"level":"info","message":"GET /api/courses/6567d7fe42c0b0956e8665c9/enrolled-students","service":"user-service"}
{"level":"info","message":"GET /api/player/0815original/followers","service":"user-service"}
{"level":"info","message":"GET /api/player/0815original/followers","service":"user-service"}
{"level":"info","message":"GET /api/courses/user/6565120a95315c27dfa7d876/enrolled","service":"user-service"}
{"level":"info","message":"GET /api/courses/user/6565120a95315c27dfa7d876/enrolled","service":"user-service"}
{"level":"info","message":"GET /api/courses/655d63bbf38ffa042635f824/enrolled-students","service":"user-service"}
{"level":"info","message":"GET /api/courses/65544172a5b4d5b1cf9627b4/enrolled-students","service":"user-service"}
{"level":"info","message":"GET /api/courses/6567d7fe42c0b0956e8665c9/enrolled-students","service":"user-service"}
{"level":"info","message":"GET /api/courses/655d63bbf38ffa042635f824/enrolled-students","service":"user-service"}
{"level":"info","message":"GET /api/courses/65544172a5b4d5b1cf9627b4/enrolled-students","service":"user-service"}
{"level":"info","message":"GET /api/courses/6567d7fe42c0b0956e8665c9/enrolled-students","service":"user-service"}
{"level":"info","message":"Hello world","service":"user-service"}
{"level":"error","message":"Error message","service":"user-service"}
{"level":"info","message":"Server is running on port 5001","service":"user-service"}
{"level":"info","message":"Hello world","service":"user-service"}
{"level":"error","message":"Error message","service":"user-service"}
{"level":"info","message":"Server is running on port 5001","service":"user-service"}
{"level":"info","message":"Hello world","service":"user-service"}
{"level":"error","message":"Error message","service":"user-service"}
{"level":"info","message":"Server is running on port 5001","service":"user-service"}
{"level":"info","message":"Hello world","service":"user-service"}
{"level":"error","message":"Error message","service":"user-service"}
{"level":"info","message":"Server is running on port 5001","service":"user-service"}
{"level":"info","message":"Hello world","service":"user-service"}
{"level":"error","message":"Error message","service":"user-service"}
{"level":"info","message":"Server is running on port 5001","service":"user-service"}
{"level":"info","message":"Hello world","service":"user-service"}
{"level":"error","message":"Error message","service":"user-service"}
{"level":"info","message":"Server is running on port 5001","service":"user-service"}
{"level":"info","message":"Hello world","service":"user-service"}
{"level":"error","message":"Error message","service":"user-service"}
{"level":"info","message":"Server is running on port 5001","service":"user-service"}
{"level":"info","message":"GET /api/courses/user/6565120a95315c27dfa7d876/enrolled","service":"user-service"}
{"level":"info","message":"GET /api/courses/65544172a5b4d5b1cf9627b4/enrolled-students","service":"user-service"}
{"level":"info","message":"GET /api/courses/655d63bbf38ffa042635f824/enrolled-students","service":"user-service"}
{"level":"info","message":"GET /api/courses/6567d7fe42c0b0956e8665c9/enrolled-students","service":"user-service"}
{"level":"info","message":"GET /api/courses/655d63bbf38ffa042635f824/enrolled-students","service":"user-service"}
{"level":"info","message":"GET /api/courses/6567d7fe42c0b0956e8665c9/enrolled-students","service":"user-service"}
{"level":"info","message":"GET /api/courses/65544172a5b4d5b1cf9627b4/enrolled-students","service":"user-service"}
{"level":"info","message":"GET /api/player/a-s-00/followers","service":"user-service"}
{"level":"info","message":"GET /api/player/a-s-00/followers","service":"user-service"}
{"level":"info","message":"GET /api/comments/a-s-00","service":"user-service"}
{"level":"info","message":"GET /api/comments/a-s-00","service":"user-service"}
{"level":"info","message":"POST /api/follow-player","service":"user-service"}
{"level":"info","message":"GET /api/player/a-s-00/followers","service":"user-service"}
{"level":"info","message":"POST /api/comment-player","service":"user-service"}
{"level":"info","message":"Hello world","service":"user-service"}
{"level":"error","message":"Error message","service":"user-service"}
{"level":"info","message":"Server is running on port 5001","service":"user-service"}
{"level":"info","message":"GET /api/courses/user/6565120a95315c27dfa7d876/enrolled","service":"user-service"}
{"level":"info","message":"GET /api/courses/655d63bbf38ffa042635f824/enrolled-students","service":"user-service"}
{"level":"info","message":"GET /api/courses/65544172a5b4d5b1cf9627b4/enrolled-students","service":"user-service"}
{"level":"info","message":"GET /api/courses/6567d7fe42c0b0956e8665c9/enrolled-students","service":"user-service"}
{"level":"info","message":"GET /api/courses/655d63bbf38ffa042635f824/enrolled-students","service":"user-service"}
{"level":"info","message":"GET /api/courses/65544172a5b4d5b1cf9627b4/enrolled-students","service":"user-service"}
{"level":"info","message":"GET /api/courses/6567d7fe42c0b0956e8665c9/enrolled-students","service":"user-service"}
{"level":"info","message":"GET /api/player/abc_sir/followers","service":"user-service"}
{"level":"info","message":"GET /api/player/abc_sir/followers","service":"user-service"}
{"level":"info","message":"GET /api/comments/abc_sir","service":"user-service"}
{"level":"info","message":"GET /api/comments/abc_sir","service":"user-service"}
{"level":"info","message":"POST /api/comment-player","service":"user-service"}
{"level":"info","message":"GET /api/comments/abc_sir","service":"user-service"}
{"level":"info","message":"GET /api/player/abc_sir/followers","service":"user-service"}
{"level":"info","message":"GET /api/player/abc_sir/followers","service":"user-service"}
{"level":"info","message":"GET /api/comments/abc_sir","service":"user-service"}
{"level":"info","message":"GET /api/comments/abc_sir","service":"user-service"}
{"level":"info","message":"GET /api/courses/user/6565120a95315c27dfa7d876/enrolled","service":"user-service"}
{"level":"info","message":"GET /api/courses/user/6565120a95315c27dfa7d876/enrolled","service":"user-service"}
{"level":"info","message":"GET /api/courses/65544172a5b4d5b1cf9627b4/enrolled-students","service":"user-service"}
{"level":"info","message":"GET /api/courses/655d63bbf38ffa042635f824/enrolled-students","service":"user-service"}
{"level":"info","message":"GET /api/courses/6567d7fe42c0b0956e8665c9/enrolled-students","service":"user-service"}
{"level":"info","message":"GET /api/courses/65544172a5b4d5b1cf9627b4/enrolled-students","service":"user-service"}
{"level":"info","message":"GET /api/courses/655d63bbf38ffa042635f824/enrolled-students","service":"user-service"}
{"level":"info","message":"GET /api/courses/6567d7fe42c0b0956e8665c9/enrolled-students","service":"user-service"}
{"level":"info","message":"GET /api/player/1przemyslaw1/followers","service":"user-service"}
{"level":"info","message":"GET /api/player/1przemyslaw1/followers","service":"user-service"}
{"level":"info","message":"GET /api/comments/1przemyslaw1","service":"user-service"}
{"level":"info","message":"GET /api/comments/1przemyslaw1","service":"user-service"}
{"level":"info","message":"POST /api/comment-player","service":"user-service"}
{"level":"info","message":"GET /api/comments/1przemyslaw1","service":"user-service"}
{"level":"info","message":"GET /api/courses/user/6565120a95315c27dfa7d876/enrolled","service":"user-service"}
{"level":"info","message":"GET /api/courses/user/6565120a95315c27dfa7d876/enrolled","service":"user-service"}
{"level":"info","message":"GET /api/courses/65544172a5b4d5b1cf9627b4/enrolled-students","service":"user-service"}
{"level":"info","message":"GET /api/courses/6567d7fe42c0b0956e8665c9/enrolled-students","service":"user-service"}
{"level":"info","message":"GET /api/courses/655d63bbf38ffa042635f824/enrolled-students","service":"user-service"}
{"level":"info","message":"GET /api/courses/65544172a5b4d5b1cf9627b4/enrolled-students","service":"user-service"}
{"level":"info","message":"GET /api/courses/6567d7fe42c0b0956e8665c9/enrolled-students","service":"user-service"}
{"level":"info","message":"GET /api/courses/655d63bbf38ffa042635f824/enrolled-students","service":"user-service"}
{"level":"info","message":"GET /api/courses/user/6565120a95315c27dfa7d876/enrolled","service":"user-service"}
{"level":"info","message":"GET /api/courses/user/6565120a95315c27dfa7d876/enrolled","service":"user-service"}
{"level":"info","message":"GET /api/courses/user/6565120a95315c27dfa7d876/enrolled","service":"user-service"}
{"level":"info","message":"GET /api/courses/user/6565120a95315c27dfa7d876/enrolled","service":"user-service"}
{"level":"info","message":"GET /api/courses","service":"user-service"}
{"level":"info","message":"GET /api/courses","service":"user-service"}
{"level":"info","message":"GET /api/courses/655d63bbf38ffa042635f824/enrolled-students","service":"user-service"}
{"level":"info","message":"GET /api/courses/657110240587a10d03358889/enrolled-students","service":"user-service"}
{"level":"info","message":"GET /api/courses/655d63bbf38ffa042635f824/enrolled-students","service":"user-service"}
{"level":"info","message":"GET /api/courses/65544172a5b4d5b1cf9627b4/enrolled-students","service":"user-service"}
{"level":"info","message":"GET /api/courses/6567d7fe42c0b0956e8665c9/enrolled-students","service":"user-service"}
{"level":"info","message":"GET /api/courses/657108870587a10d0335886d/enrolled-students","service":"user-service"}
{"level":"info","message":"GET /api/courses/657110240587a10d03358889/enrolled-students","service":"user-service"}
{"level":"info","message":"GET /api/courses/65544172a5b4d5b1cf9627b4/enrolled-students","service":"user-service"}
{"level":"info","message":"GET /api/courses/6567d7fe42c0b0956e8665c9/enrolled-students","service":"user-service"}
{"level":"info","message":"GET /api/courses/657108870587a10d0335886d/enrolled-students","service":"user-service"}
{"level":"info","message":"GET /api/courses/user/6565120a95315c27dfa7d876/enrolled","service":"user-service"}
{"level":"info","message":"GET /api/courses/user/6565120a95315c27dfa7d876/enrolled","service":"user-service"}
{"level":"info","message":"Hello world","service":"user-service"}
{"level":"error","message":"Error message","service":"user-service"}
{"level":"info","message":"Server is running on port 5001","service":"user-service"}
{"level":"info","message":"POST /api/auth/login","service":"user-service"}
{"email":"student2@student.com","level":"info","message":"Login endpoint hit","service":"user-service"}
{"email":"student2@student.com","level":"info","message":"Password matches","service":"user-service"}
{"email":"student2@student.com","level":"info","message":"JWT token generated","service":"user-service","token":"eyJhbGciOiJIUzI1NiIsInR5cCI6IkpXVCJ9.eyJlbWFpbCI6InN0dWRlbnQyQHN0dWRlbnQuY29tIiwiaWQiOiI2NTY1MTIwYTk1MzE1YzI3ZGZhN2Q4NzYiLCJyb2xlIjoic3R1ZGVudCIsImlhdCI6MTcwMjI0MjQzMCwiZXhwIjoxNzAyMjQ2MDMwfQ.okVY47ckHI-rll7509IcUg1dovQX1aWDvktPxl68srg"}
{"level":"info","message":"GET /api/courses/user/6565120a95315c27dfa7d876/enrolled","service":"user-service"}
{"level":"info","message":"GET /api/courses/user/6565120a95315c27dfa7d876/enrolled","service":"user-service"}
{"level":"info","message":"GET /api/courses/655d63bbf38ffa042635f824/enrolled-students","service":"user-service"}
{"level":"info","message":"GET /api/courses/6567d7fe42c0b0956e8665c9/enrolled-students","service":"user-service"}
{"level":"info","message":"GET /api/courses/65544172a5b4d5b1cf9627b4/enrolled-students","service":"user-service"}
{"level":"info","message":"GET /api/courses/6567d7fe42c0b0956e8665c9/enrolled-students","service":"user-service"}
{"level":"info","message":"GET /api/courses/655d63bbf38ffa042635f824/enrolled-students","service":"user-service"}
{"level":"info","message":"GET /api/courses/65544172a5b4d5b1cf9627b4/enrolled-students","service":"user-service"}
{"level":"info","message":"GET /api/courses","service":"user-service"}
{"level":"info","message":"GET /api/courses","service":"user-service"}
{"level":"info","message":"GET /api/courses/65544172a5b4d5b1cf9627b4/enrolled-students","service":"user-service"}
{"level":"info","message":"GET /api/courses/655d63bbf38ffa042635f824/enrolled-students","service":"user-service"}
{"level":"info","message":"GET /api/courses/6567d7fe42c0b0956e8665c9/enrolled-students","service":"user-service"}
{"level":"info","message":"GET /api/courses/657110240587a10d03358889/enrolled-students","service":"user-service"}
{"level":"info","message":"GET /api/courses/657108870587a10d0335886d/enrolled-students","service":"user-service"}
{"level":"info","message":"GET /api/courses/65544172a5b4d5b1cf9627b4/enrolled-students","service":"user-service"}
{"level":"info","message":"GET /api/courses/655d63bbf38ffa042635f824/enrolled-students","service":"user-service"}
{"level":"info","message":"GET /api/courses/6567d7fe42c0b0956e8665c9/enrolled-students","service":"user-service"}
{"level":"info","message":"GET /api/courses/657110240587a10d03358889/enrolled-students","service":"user-service"}
{"level":"info","message":"GET /api/courses/657108870587a10d0335886d/enrolled-students","service":"user-service"}
{"level":"info","message":"GET /api/modules/course/65544172a5b4d5b1cf9627b4","service":"user-service"}
{"level":"info","message":"GET /api/modules/course/65544172a5b4d5b1cf9627b4","service":"user-service"}
{"level":"info","message":"GET /api/modules/course/65544172a5b4d5b1cf9627b4","service":"user-service"}
{"level":"info","message":"GET /api/modules/course/65544172a5b4d5b1cf9627b4","service":"user-service"}
{"level":"info","message":"GET /api/courses","service":"user-service"}
{"level":"info","message":"GET /api/courses","service":"user-service"}
{"level":"info","message":"GET /api/courses/655d63bbf38ffa042635f824/enrolled-students","service":"user-service"}
{"level":"info","message":"GET /api/courses/65544172a5b4d5b1cf9627b4/enrolled-students","service":"user-service"}
{"level":"info","message":"GET /api/courses/6567d7fe42c0b0956e8665c9/enrolled-students","service":"user-service"}
{"level":"info","message":"GET /api/courses/657108870587a10d0335886d/enrolled-students","service":"user-service"}
{"level":"info","message":"GET /api/courses/657110240587a10d03358889/enrolled-students","service":"user-service"}
{"level":"info","message":"GET /api/courses/657110240587a10d03358889/enrolled-students","service":"user-service"}
{"level":"info","message":"GET /api/courses/655d63bbf38ffa042635f824/enrolled-students","service":"user-service"}
{"level":"info","message":"GET /api/courses/65544172a5b4d5b1cf9627b4/enrolled-students","service":"user-service"}
{"level":"info","message":"GET /api/courses/657108870587a10d0335886d/enrolled-students","service":"user-service"}
{"level":"info","message":"GET /api/courses/6567d7fe42c0b0956e8665c9/enrolled-students","service":"user-service"}
{"level":"info","message":"GET /api/profile/6565120a95315c27dfa7d876","service":"user-service"}
{"level":"info","message":"GET /api/profile/6565120a95315c27dfa7d876","service":"user-service"}
{"level":"info","message":"GET /api/modules/course/655d63bbf38ffa042635f824","service":"user-service"}
{"level":"info","message":"GET /api/modules/course/655d63bbf38ffa042635f824","service":"user-service"}
{"level":"info","message":"GET /api/modules/course/655d63bbf38ffa042635f824","service":"user-service"}
{"level":"info","message":"GET /api/modules/course/655d63bbf38ffa042635f824","service":"user-service"}
{"level":"info","message":"GET /api/profile/6565120a95315c27dfa7d876","service":"user-service"}
{"level":"info","message":"GET /api/profile/6565120a95315c27dfa7d876","service":"user-service"}
{"level":"info","message":"PUT /api/profile/me","service":"user-service"}
{"level":"info","message":"GET /api/courses/user/6565120a95315c27dfa7d876/enrolled","service":"user-service"}
{"level":"info","message":"GET /api/courses/user/6565120a95315c27dfa7d876/enrolled","service":"user-service"}
{"level":"info","message":"GET /api/courses/65544172a5b4d5b1cf9627b4/enrolled-students","service":"user-service"}
{"level":"info","message":"GET /api/courses/655d63bbf38ffa042635f824/enrolled-students","service":"user-service"}
{"level":"info","message":"GET /api/courses/6567d7fe42c0b0956e8665c9/enrolled-students","service":"user-service"}
{"level":"info","message":"GET /api/courses/65544172a5b4d5b1cf9627b4/enrolled-students","service":"user-service"}
{"level":"info","message":"GET /api/courses/655d63bbf38ffa042635f824/enrolled-students","service":"user-service"}
{"level":"info","message":"GET /api/courses/6567d7fe42c0b0956e8665c9/enrolled-students","service":"user-service"}
{"level":"info","message":"POST /api/auth/login","service":"user-service"}
{"email":"student2@student.com","level":"info","message":"Login endpoint hit","service":"user-service"}
{"email":"student2@student.com","level":"info","message":"Password matches","service":"user-service"}
{"email":"student2@student.com","level":"info","message":"JWT token generated","service":"user-service","token":"eyJhbGciOiJIUzI1NiIsInR5cCI6IkpXVCJ9.eyJlbWFpbCI6InN0dWRlbnQyQHN0dWRlbnQuY29tIiwiaWQiOiI2NTY1MTIwYTk1MzE1YzI3ZGZhN2Q4NzYiLCJyb2xlIjoic3R1ZGVudCIsImlhdCI6MTcwMjI0MzA5NywiZXhwIjoxNzAyMjQ2Njk3fQ.N-90J4Xglt15KUAVcowQ41pnhjGI6HDGoWK9hBVslYM"}
{"level":"info","message":"GET /api/courses/user/6565120a95315c27dfa7d876/enrolled","service":"user-service"}
{"level":"info","message":"GET /api/courses/user/6565120a95315c27dfa7d876/enrolled","service":"user-service"}
{"level":"info","message":"GET /api/courses/655d63bbf38ffa042635f824/enrolled-students","service":"user-service"}
{"level":"info","message":"GET /api/courses/65544172a5b4d5b1cf9627b4/enrolled-students","service":"user-service"}
{"level":"info","message":"GET /api/courses/6567d7fe42c0b0956e8665c9/enrolled-students","service":"user-service"}
{"level":"info","message":"GET /api/courses/655d63bbf38ffa042635f824/enrolled-students","service":"user-service"}
{"level":"info","message":"GET /api/courses/65544172a5b4d5b1cf9627b4/enrolled-students","service":"user-service"}
{"level":"info","message":"GET /api/courses/6567d7fe42c0b0956e8665c9/enrolled-students","service":"user-service"}
{"level":"info","message":"GET /api/courses","service":"user-service"}
{"level":"info","message":"GET /api/courses","service":"user-service"}
{"level":"info","message":"GET /api/courses/65544172a5b4d5b1cf9627b4/enrolled-students","service":"user-service"}
{"level":"info","message":"GET /api/courses/655d63bbf38ffa042635f824/enrolled-students","service":"user-service"}
{"level":"info","message":"GET /api/courses/6567d7fe42c0b0956e8665c9/enrolled-students","service":"user-service"}
{"level":"info","message":"GET /api/courses/657108870587a10d0335886d/enrolled-students","service":"user-service"}
{"level":"info","message":"GET /api/courses/657110240587a10d03358889/enrolled-students","service":"user-service"}
{"level":"info","message":"GET /api/courses/657110240587a10d03358889/enrolled-students","service":"user-service"}
{"level":"info","message":"GET /api/courses/65544172a5b4d5b1cf9627b4/enrolled-students","service":"user-service"}
{"level":"info","message":"GET /api/courses/655d63bbf38ffa042635f824/enrolled-students","service":"user-service"}
{"level":"info","message":"GET /api/courses/657108870587a10d0335886d/enrolled-students","service":"user-service"}
{"level":"info","message":"GET /api/courses/6567d7fe42c0b0956e8665c9/enrolled-students","service":"user-service"}
{"level":"info","message":"GET /api/profile/6565120a95315c27dfa7d876","service":"user-service"}
{"level":"info","message":"GET /api/profile/6565120a95315c27dfa7d876","service":"user-service"}
{"level":"info","message":"GET /api/profile/6565120a95315c27dfa7d876","service":"user-service"}
{"level":"info","message":"GET /api/courses/user/6565120a95315c27dfa7d876/enrolled","service":"user-service"}
{"level":"info","message":"GET /api/courses/user/6565120a95315c27dfa7d876/enrolled","service":"user-service"}
{"level":"info","message":"GET /api/courses/65544172a5b4d5b1cf9627b4/enrolled-students","service":"user-service"}
{"level":"info","message":"GET /api/courses/655d63bbf38ffa042635f824/enrolled-students","service":"user-service"}
{"level":"info","message":"GET /api/courses/6567d7fe42c0b0956e8665c9/enrolled-students","service":"user-service"}
{"level":"info","message":"GET /api/courses/65544172a5b4d5b1cf9627b4/enrolled-students","service":"user-service"}
{"level":"info","message":"GET /api/courses/6567d7fe42c0b0956e8665c9/enrolled-students","service":"user-service"}
{"level":"info","message":"GET /api/courses/655d63bbf38ffa042635f824/enrolled-students","service":"user-service"}
{"level":"info","message":"GET /api/profile/6565120a95315c27dfa7d876","service":"user-service"}
{"level":"info","message":"GET /api/profile/6565120a95315c27dfa7d876","service":"user-service"}
{"level":"info","message":"PUT /api/profile/me","service":"user-service"}
{"level":"info","message":"GET /api/modules/course/65544172a5b4d5b1cf9627b4","service":"user-service"}
{"level":"info","message":"GET /api/modules/course/65544172a5b4d5b1cf9627b4","service":"user-service"}
{"level":"info","message":"GET /api/modules/course/65544172a5b4d5b1cf9627b4","service":"user-service"}
{"level":"info","message":"GET /api/modules/course/65544172a5b4d5b1cf9627b4","service":"user-service"}
{"level":"info","message":"GET /api/courses","service":"user-service"}
{"level":"info","message":"GET /api/courses","service":"user-service"}
{"level":"info","message":"GET /api/courses/65544172a5b4d5b1cf9627b4/enrolled-students","service":"user-service"}
{"level":"info","message":"GET /api/courses/655d63bbf38ffa042635f824/enrolled-students","service":"user-service"}
{"level":"info","message":"GET /api/courses/6567d7fe42c0b0956e8665c9/enrolled-students","service":"user-service"}
{"level":"info","message":"GET /api/courses/657108870587a10d0335886d/enrolled-students","service":"user-service"}
{"level":"info","message":"GET /api/courses/657110240587a10d03358889/enrolled-students","service":"user-service"}
{"level":"info","message":"GET /api/courses/657110240587a10d03358889/enrolled-students","service":"user-service"}
{"level":"info","message":"GET /api/courses/65544172a5b4d5b1cf9627b4/enrolled-students","service":"user-service"}
{"level":"info","message":"GET /api/courses/657108870587a10d0335886d/enrolled-students","service":"user-service"}
{"level":"info","message":"GET /api/courses/655d63bbf38ffa042635f824/enrolled-students","service":"user-service"}
{"level":"info","message":"GET /api/courses/6567d7fe42c0b0956e8665c9/enrolled-students","service":"user-service"}
{"level":"info","message":"GET /api/courses/user/6565120a95315c27dfa7d876/enrolled","service":"user-service"}
{"level":"info","message":"GET /api/courses/user/6565120a95315c27dfa7d876/enrolled","service":"user-service"}
{"level":"info","message":"GET /api/courses/65544172a5b4d5b1cf9627b4/enrolled-students","service":"user-service"}
{"level":"info","message":"GET /api/courses/655d63bbf38ffa042635f824/enrolled-students","service":"user-service"}
{"level":"info","message":"GET /api/courses/6567d7fe42c0b0956e8665c9/enrolled-students","service":"user-service"}
{"level":"info","message":"GET /api/courses/655d63bbf38ffa042635f824/enrolled-students","service":"user-service"}
{"level":"info","message":"GET /api/courses/6567d7fe42c0b0956e8665c9/enrolled-students","service":"user-service"}
{"level":"info","message":"GET /api/courses/65544172a5b4d5b1cf9627b4/enrolled-students","service":"user-service"}
{"level":"info","message":"GET /api/player/ahappypawn/followers","service":"user-service"}
{"level":"info","message":"GET /api/player/ahappypawn/followers","service":"user-service"}
{"level":"info","message":"GET /api/comments/ahappypawn","service":"user-service"}
{"level":"info","message":"GET /api/comments/ahappypawn","service":"user-service"}
{"level":"info","message":"POST /api/follow-player","service":"user-service"}
{"level":"info","message":"GET /api/player/ahappypawn/followers","service":"user-service"}
{"level":"info","message":"POST /api/comment-player","service":"user-service"}
{"level":"info","message":"GET /api/comments/ahappypawn","service":"user-service"}
{"level":"info","message":"GET /api/courses/user/6565120a95315c27dfa7d876/enrolled","service":"user-service"}
{"level":"info","message":"GET /api/courses/user/6565120a95315c27dfa7d876/enrolled","service":"user-service"}
{"level":"info","message":"GET /api/courses/65544172a5b4d5b1cf9627b4/enrolled-students","service":"user-service"}
{"level":"info","message":"GET /api/courses/655d63bbf38ffa042635f824/enrolled-students","service":"user-service"}
{"level":"info","message":"GET /api/courses/6567d7fe42c0b0956e8665c9/enrolled-students","service":"user-service"}
{"level":"info","message":"GET /api/courses/65544172a5b4d5b1cf9627b4/enrolled-students","service":"user-service"}
{"level":"info","message":"GET /api/courses/6567d7fe42c0b0956e8665c9/enrolled-students","service":"user-service"}
{"level":"info","message":"GET /api/courses/655d63bbf38ffa042635f824/enrolled-students","service":"user-service"}
{"level":"info","message":"Hello world","service":"user-service"}
{"level":"error","message":"Error message","service":"user-service"}
{"level":"info","message":"Server is running on port 5001","service":"user-service"}
{"level":"info","message":"GET /api/courses","service":"user-service"}
{"level":"info","message":"GET /api/courses","service":"user-service"}
{"level":"info","message":"GET /api/courses/657108870587a10d0335886d/enrolled-students","service":"user-service"}
{"level":"info","message":"GET /api/courses/65544172a5b4d5b1cf9627b4/enrolled-students","service":"user-service"}
{"level":"info","message":"GET /api/courses/655d63bbf38ffa042635f824/enrolled-students","service":"user-service"}
{"level":"info","message":"GET /api/courses/6567d7fe42c0b0956e8665c9/enrolled-students","service":"user-service"}
{"level":"info","message":"GET /api/courses/657108870587a10d0335886d/enrolled-students","service":"user-service"}
{"level":"info","message":"GET /api/courses/65544172a5b4d5b1cf9627b4/enrolled-students","service":"user-service"}
{"level":"info","message":"GET /api/courses/655d63bbf38ffa042635f824/enrolled-students","service":"user-service"}
{"level":"info","message":"GET /api/courses/657110240587a10d03358889/enrolled-students","service":"user-service"}
{"level":"info","message":"GET /api/courses/6567d7fe42c0b0956e8665c9/enrolled-students","service":"user-service"}
{"level":"info","message":"GET /api/courses/657110240587a10d03358889/enrolled-students","service":"user-service"}
{"level":"info","message":"GET /api/profile/6565120a95315c27dfa7d876","service":"user-service"}
{"level":"info","message":"GET /api/profile/6565120a95315c27dfa7d876","service":"user-service"}
{"level":"info","message":"GET /api/profile/6565120a95315c27dfa7d876","service":"user-service"}
{"level":"info","message":"GET /api/profile/6565120a95315c27dfa7d876","service":"user-service"}
{"level":"info","message":"POST /api/auth/login","service":"user-service"}
{"email":"admin@admin.com","level":"info","message":"Login endpoint hit","service":"user-service"}
{"email":"admin@admin.com","level":"info","message":"Password matches","service":"user-service"}
{"email":"admin@admin.com","level":"info","message":"JWT token generated","service":"user-service","token":"eyJhbGciOiJIUzI1NiIsInR5cCI6IkpXVCJ9.eyJlbWFpbCI6ImFkbWluQGFkbWluLmNvbSIsImlkIjoiNjU0ZTg5MWNkYWM5YmVjNjZkZTRjZjgzIiwicm9sZSI6ImFkbWluIiwiaWF0IjoxNzAyNDU1MDQ0LCJleHAiOjE3MDI0NTg2NDR9.oixFa_Cr5SxsZ796XFd965FZnW2ByrOOS_Z6gZ3Olv4"}
{"level":"info","message":"GET /api/courses/user/654e891cdac9bec66de4cf83/enrolled","service":"user-service"}
{"level":"info","message":"GET /api/courses/user/654e891cdac9bec66de4cf83/enrolled","service":"user-service"}
{"level":"info","message":"GET /api/player/0wl0wl/followers","service":"user-service"}
{"level":"info","message":"GET /api/player/0wl0wl/followers","service":"user-service"}
{"level":"info","message":"GET /api/comments/0wl0wl","service":"user-service"}
{"level":"info","message":"GET /api/comments/0wl0wl","service":"user-service"}
{"level":"info","message":"GET /api/player/0wl0wl/followers","service":"user-service"}
{"level":"info","message":"GET /api/player/0wl0wl/followers","service":"user-service"}
{"level":"info","message":"GET /api/comments/0wl0wl","service":"user-service"}
{"level":"info","message":"GET /api/comments/0wl0wl","service":"user-service"}
{"level":"info","message":"GET /api/player/0wl0wl/followers","service":"user-service"}
{"level":"info","message":"GET /api/player/0wl0wl/followers","service":"user-service"}
{"level":"info","message":"GET /api/comments/0wl0wl","service":"user-service"}
{"level":"info","message":"GET /api/comments/0wl0wl","service":"user-service"}
{"level":"info","message":"GET /api/player/0wl0wl/followers","service":"user-service"}
{"level":"info","message":"GET /api/player/0wl0wl/followers","service":"user-service"}
{"level":"info","message":"GET /api/comments/0wl0wl","service":"user-service"}
{"level":"info","message":"GET /api/comments/0wl0wl","service":"user-service"}
{"level":"info","message":"GET /api/player/rickywsb/followers","service":"user-service"}
{"level":"info","message":"GET /api/player/rickywsb/followers","service":"user-service"}
{"level":"info","message":"GET /api/comments/rickywsb","service":"user-service"}
{"level":"info","message":"GET /api/comments/rickywsb","service":"user-service"}
{"level":"info","message":"GET /api/player/rickywsb/followers","service":"user-service"}
{"level":"info","message":"GET /api/player/rickywsb/followers","service":"user-service"}
{"level":"info","message":"GET /api/comments/rickywsb","service":"user-service"}
{"level":"info","message":"GET /api/comments/rickywsb","service":"user-service"}
{"level":"info","message":"GET /api/player/0wl0wl/followers","service":"user-service"}
{"level":"info","message":"GET /api/comments/0wl0wl","service":"user-service"}
{"level":"info","message":"GET /api/comments/0wl0wl","service":"user-service"}
{"level":"info","message":"GET /api/courses/user/654e891cdac9bec66de4cf83/enrolled","service":"user-service"}
{"level":"info","message":"GET /api/courses/user/654e891cdac9bec66de4cf83/enrolled","service":"user-service"}
{"level":"info","message":"GET /api/player/aakankshachess/followers","service":"user-service"}
{"level":"info","message":"GET /api/player/aakankshachess/followers","service":"user-service"}
{"level":"info","message":"GET /api/comments/aakankshachess","service":"user-service"}
{"level":"info","message":"GET /api/comments/aakankshachess","service":"user-service"}
{"level":"info","message":"GET /api/player/aakankshachess/followers","service":"user-service"}
{"level":"info","message":"GET /api/player/aakankshachess/followers","service":"user-service"}
{"level":"info","message":"GET /api/comments/aakankshachess","service":"user-service"}
{"level":"info","message":"GET /api/comments/aakankshachess","service":"user-service"}
{"level":"info","message":"GET /api/player/rickywsb/followers","service":"user-service"}
{"level":"info","message":"GET /api/player/rickywsb/followers","service":"user-service"}
{"level":"info","message":"GET /api/comments/rickywsb","service":"user-service"}
{"level":"info","message":"GET /api/comments/rickywsb","service":"user-service"}
{"level":"info","message":"GET /api/player/aakankshachess/followers","service":"user-service"}
{"level":"info","message":"GET /api/comments/aakankshachess","service":"user-service"}
{"level":"info","message":"GET /api/comments/aakankshachess","service":"user-service"}
{"level":"info","message":"GET /api/player/1stsecond/followers","service":"user-service"}
{"level":"info","message":"GET /api/player/1stsecond/followers","service":"user-service"}
{"level":"info","message":"GET /api/comments/1stsecond","service":"user-service"}
{"level":"info","message":"GET /api/comments/1stsecond","service":"user-service"}
{"level":"info","message":"POST /api/follow-player","service":"user-service"}
{"level":"info","message":"GET /api/player/1stsecond/followers","service":"user-service"}
{"level":"info","message":"POST /api/comment-player","service":"user-service"}
{"level":"info","message":"GET /api/comments/1stsecond","service":"user-service"}
{"level":"info","message":"GET /api/player/1stsecond/followers","service":"user-service"}
{"level":"info","message":"GET /api/player/1stsecond/followers","service":"user-service"}
{"level":"info","message":"GET /api/comments/1stsecond","service":"user-service"}
{"level":"info","message":"GET /api/comments/1stsecond","service":"user-service"}
{"level":"info","message":"GET /api/player/1stsecond/followers","service":"user-service"}
{"level":"info","message":"GET /api/comments/1stsecond","service":"user-service"}
{"level":"info","message":"GET /api/player/1stsecond/followers","service":"user-service"}
{"level":"info","message":"GET /api/comments/1stsecond","service":"user-service"}
{"level":"info","message":"GET /api/player/1stsecond/followers","service":"user-service"}
{"level":"info","message":"GET /api/comments/1stsecond","service":"user-service"}
{"level":"info","message":"GET /api/player/1stsecond/followers","service":"user-service"}
{"level":"info","message":"GET /api/comments/1stsecond","service":"user-service"}
{"level":"info","message":"GET /api/player/1stsecond/followers","service":"user-service"}
{"level":"info","message":"GET /api/comments/1stsecond","service":"user-service"}
{"level":"info","message":"GET /api/player/1stsecond/followers","service":"user-service"}
{"level":"info","message":"GET /api/comments/1stsecond","service":"user-service"}
{"level":"info","message":"GET /api/player/1stsecond/followers","service":"user-service"}
{"level":"info","message":"GET /api/comments/1stsecond","service":"user-service"}
{"level":"info","message":"GET /api/player/1stsecond/followers","service":"user-service"}
{"level":"info","message":"GET /api/comments/1stsecond","service":"user-service"}
{"level":"info","message":"GET /api/player/1stsecond/followers","service":"user-service"}
{"level":"info","message":"GET /api/comments/1stsecond","service":"user-service"}
{"level":"info","message":"GET /api/player/1stsecond/followers","service":"user-service"}
{"level":"info","message":"GET /api/comments/1stsecond","service":"user-service"}
{"level":"info","message":"GET /api/player/1stsecond/followers","service":"user-service"}
{"level":"info","message":"GET /api/comments/1stsecond","service":"user-service"}
{"level":"info","message":"GET /api/profile/654e891cdac9bec66de4cf83","service":"user-service"}
{"level":"info","message":"GET /api/profile/654e891cdac9bec66de4cf83","service":"user-service"}
{"level":"info","message":"GET /api/profile/654e891cdac9bec66de4cf83","service":"user-service"}
{"level":"info","message":"GET /api/profile/654e891cdac9bec66de4cf83","service":"user-service"}
{"level":"info","message":"GET /api/profile/654e891cdac9bec66de4cf8","service":"user-service"}
{"level":"info","message":"GET /api/profile/654e891cdac9bec66de4cf8","service":"user-service"}
{"level":"info","message":"GET /api/courses","service":"user-service"}
{"level":"info","message":"GET /api/courses","service":"user-service"}
{"level":"info","message":"GET /api/courses/65544172a5b4d5b1cf9627b4/enrolled-students","service":"user-service"}
{"level":"info","message":"GET /api/courses/655d63bbf38ffa042635f824/enrolled-students","service":"user-service"}
{"level":"info","message":"GET /api/courses/6567d7fe42c0b0956e8665c9/enrolled-students","service":"user-service"}
{"level":"info","message":"GET /api/courses/657110240587a10d03358889/enrolled-students","service":"user-service"}
{"level":"info","message":"GET /api/courses/657108870587a10d0335886d/enrolled-students","service":"user-service"}
{"level":"info","message":"GET /api/courses/655d63bbf38ffa042635f824/enrolled-students","service":"user-service"}
{"level":"info","message":"GET /api/courses/65544172a5b4d5b1cf9627b4/enrolled-students","service":"user-service"}
{"level":"info","message":"GET /api/courses/657108870587a10d0335886d/enrolled-students","service":"user-service"}
{"level":"info","message":"GET /api/courses/657110240587a10d03358889/enrolled-students","service":"user-service"}
{"level":"info","message":"GET /api/courses/6567d7fe42c0b0956e8665c9/enrolled-students","service":"user-service"}
{"level":"info","message":"GET /api/player/19912131712118/followers","service":"user-service"}
{"level":"info","message":"GET /api/player/19912131712118/followers","service":"user-service"}
{"level":"info","message":"GET /api/comments/19912131712118","service":"user-service"}
{"level":"info","message":"GET /api/comments/19912131712118","service":"user-service"}
{"level":"info","message":"GET /api/player/19912131712118/followers","service":"user-service"}
{"level":"info","message":"GET /api/player/19912131712118/followers","service":"user-service"}
{"level":"info","message":"GET /api/comments/19912131712118","service":"user-service"}
{"level":"info","message":"GET /api/comments/19912131712118","service":"user-service"}
{"level":"info","message":"GET /api/player/1995tiger/followers","service":"user-service"}
{"level":"info","message":"GET /api/player/1995tiger/followers","service":"user-service"}
{"level":"info","message":"GET /api/comments/1995tiger","service":"user-service"}
{"level":"info","message":"GET /api/comments/1995tiger","service":"user-service"}
{"level":"info","message":"GET /api/player/acaiberryy/followers","service":"user-service"}
{"level":"info","message":"GET /api/player/acaiberryy/followers","service":"user-service"}
{"level":"info","message":"GET /api/comments/acaiberryy","service":"user-service"}
{"level":"info","message":"GET /api/comments/acaiberryy","service":"user-service"}
{"level":"info","message":"GET /api/player/rickywsb/followers","service":"user-service"}
{"level":"info","message":"GET /api/player/rickywsb/followers","service":"user-service"}
{"level":"info","message":"GET /api/comments/rickywsb","service":"user-service"}
{"level":"info","message":"GET /api/comments/rickywsb","service":"user-service"}
{"level":"info","message":"GET /api/profile/654d2708371f955b994a2a6d","service":"user-service"}
{"level":"info","message":"GET /api/profile/654d2708371f955b994a2a6d","service":"user-service"}
{"level":"info","message":"GET /api/player/rickywsb/followers","service":"user-service"}
{"level":"info","message":"GET /api/player/rickywsb/followers","service":"user-service"}
{"level":"info","message":"GET /api/comments/rickywsb","service":"user-service"}
{"level":"info","message":"GET /api/comments/rickywsb","service":"user-service"}
{"level":"info","message":"GET /api/profile/654d2708371f955b994a2a6d","service":"user-service"}
{"level":"info","message":"GET /api/profile/654d2708371f955b994a2a6d","service":"user-service"}
{"level":"info","message":"GET /api/profile/654d2708371f955b994a2a6d","service":"user-service"}
{"level":"info","message":"GET /api/profile/654d2708371f955b994a2a6d","service":"user-service"}
{"level":"info","message":"GET /api/player/rickywsb/followers","service":"user-service"}
{"level":"info","message":"GET /api/player/rickywsb/followers","service":"user-service"}
{"level":"info","message":"GET /api/comments/rickywsb","service":"user-service"}
{"level":"info","message":"GET /api/comments/rickywsb","service":"user-service"}
{"level":"info","message":"GET /api/profile/654d2708371f955b994a2a6d","service":"user-service"}
{"level":"info","message":"GET /api/profile/654d2708371f955b994a2a6d","service":"user-service"}
{"level":"info","message":"GET /api/profile/654d2708371f955b994a2a6d","service":"user-service"}
{"level":"info","message":"GET /api/courses","service":"user-service"}
{"level":"info","message":"GET /api/courses","service":"user-service"}
{"level":"info","message":"GET /api/courses/65544172a5b4d5b1cf9627b4/enrolled-students","service":"user-service"}
{"level":"info","message":"GET /api/courses/6567d7fe42c0b0956e8665c9/enrolled-students","service":"user-service"}
{"level":"info","message":"GET /api/courses/657110240587a10d03358889/enrolled-students","service":"user-service"}
{"level":"info","message":"GET /api/courses/655d63bbf38ffa042635f824/enrolled-students","service":"user-service"}
{"level":"info","message":"GET /api/courses/6567d7fe42c0b0956e8665c9/enrolled-students","service":"user-service"}
{"level":"info","message":"GET /api/courses/657110240587a10d03358889/enrolled-students","service":"user-service"}
{"level":"info","message":"GET /api/courses/657108870587a10d0335886d/enrolled-students","service":"user-service"}
{"level":"info","message":"GET /api/courses/65544172a5b4d5b1cf9627b4/enrolled-students","service":"user-service"}
{"level":"info","message":"GET /api/courses/657108870587a10d0335886d/enrolled-students","service":"user-service"}
{"level":"info","message":"GET /api/courses/655d63bbf38ffa042635f824/enrolled-students","service":"user-service"}
{"level":"info","message":"GET /api/courses","service":"user-service"}
{"level":"info","message":"GET /api/courses","service":"user-service"}
{"level":"info","message":"GET /api/courses/655d63bbf38ffa042635f824/enrolled-students","service":"user-service"}
{"level":"info","message":"GET /api/courses/65544172a5b4d5b1cf9627b4/enrolled-students","service":"user-service"}
{"level":"info","message":"GET /api/courses/657108870587a10d0335886d/enrolled-students","service":"user-service"}
{"level":"info","message":"GET /api/courses/657110240587a10d03358889/enrolled-students","service":"user-service"}
{"level":"info","message":"GET /api/courses/655d63bbf38ffa042635f824/enrolled-students","service":"user-service"}
{"level":"info","message":"GET /api/courses/65544172a5b4d5b1cf9627b4/enrolled-students","service":"user-service"}
{"level":"info","message":"GET /api/courses/6567d7fe42c0b0956e8665c9/enrolled-students","service":"user-service"}
{"level":"info","message":"GET /api/courses/657108870587a10d0335886d/enrolled-students","service":"user-service"}
{"level":"info","message":"GET /api/courses/657110240587a10d03358889/enrolled-students","service":"user-service"}
{"level":"info","message":"GET /api/courses/6567d7fe42c0b0956e8665c9/enrolled-students","service":"user-service"}
{"level":"info","message":"GET /api/player/rickywsb/followers","service":"user-service"}
{"level":"info","message":"GET /api/player/rickywsb/followers","service":"user-service"}
{"level":"info","message":"GET /api/comments/rickywsb","service":"user-service"}
{"level":"info","message":"GET /api/comments/rickywsb","service":"user-service"}
{"level":"info","message":"GET /api/profile/654e891cdac9bec66de4cf83","service":"user-service"}
{"level":"info","message":"GET /api/profile/654e891cdac9bec66de4cf83","service":"user-service"}
{"level":"info","message":"GET /api/profile/654e891cdac9bec66de4cf83","service":"user-service"}
{"level":"info","message":"GET /api/profile/654e891cdac9bec66de4cf83","service":"user-service"}
{"level":"info","message":"GET /api/profile/654e891cdac9bec66de4cf83","service":"user-service"}
{"level":"info","message":"GET /api/profile/654e891cdac9bec66de4cf83","service":"user-service"}
{"level":"info","message":"GET /api/player/rickywsb/followers","service":"user-service"}
{"level":"info","message":"GET /api/player/rickywsb/followers","service":"user-service"}
{"level":"info","message":"GET /api/comments/rickywsb","service":"user-service"}
{"level":"info","message":"GET /api/comments/rickywsb","service":"user-service"}
{"level":"info","message":"GET /api/profile/654e891cdac9bec66de4cf83","service":"user-service"}
{"level":"info","message":"GET /api/profile/654e891cdac9bec66de4cf83","service":"user-service"}
{"level":"info","message":"GET /api/profile/654e891cdac9bec66de4cf83","service":"user-service"}
{"level":"info","message":"GET /api/profile/654e891cdac9bec66de4cf83","service":"user-service"}
{"level":"info","message":"GET /api/profile/654e891cdac9bec66de4cf83","service":"user-service"}
{"level":"info","message":"GET /api/profile/654e891cdac9bec66de4cf83","service":"user-service"}
{"level":"info","message":"POST /api/auth/login","service":"user-service"}
{"email":"admin@admin.com","level":"info","message":"Login endpoint hit","service":"user-service"}
{"email":"admin@admin.com","level":"info","message":"Password matches","service":"user-service"}
{"email":"admin@admin.com","level":"info","message":"JWT token generated","service":"user-service","token":"eyJhbGciOiJIUzI1NiIsInR5cCI6IkpXVCJ9.eyJlbWFpbCI6ImFkbWluQGFkbWluLmNvbSIsImlkIjoiNjU0ZTg5MWNkYWM5YmVjNjZkZTRjZjgzIiwicm9sZSI6ImFkbWluIiwiaWF0IjoxNzAyNDYwMDg1LCJleHAiOjE3MDI0NjM2ODV9.MiFnenOsv8VZ-Oo3rubhId03SAzDe9Y7gs_Rx0wEHb0"}
{"level":"info","message":"GET /api/courses/user/654e891cdac9bec66de4cf83/enrolled","service":"user-service"}
{"level":"info","message":"GET /api/courses/user/654e891cdac9bec66de4cf83/enrolled","service":"user-service"}
{"level":"info","message":"GET /api/player/rickywsb/followers","service":"user-service"}
{"level":"info","message":"GET /api/player/rickywsb/followers","service":"user-service"}
{"level":"info","message":"GET /api/comments/rickywsb","service":"user-service"}
{"level":"info","message":"GET /api/comments/rickywsb","service":"user-service"}
{"level":"info","message":"GET /api/profile/654d2708371f955b994a2a6d","service":"user-service"}
{"level":"info","message":"GET /api/profile/654d2708371f955b994a2a6d","service":"user-service"}
{"level":"info","message":"GET /api/profile/654d2708371f955b994a2a6d","service":"user-service"}
{"level":"info","message":"GET /api/profile/654d2708371f955b994a2a6d","service":"user-service"}
{"level":"info","message":"GET /api/courses","service":"user-service"}
{"level":"info","message":"GET /api/courses","service":"user-service"}
{"level":"info","message":"GET /api/courses/655d63bbf38ffa042635f824/enrolled-students","service":"user-service"}
{"level":"info","message":"GET /api/courses/6567d7fe42c0b0956e8665c9/enrolled-students","service":"user-service"}
{"level":"info","message":"GET /api/courses/65544172a5b4d5b1cf9627b4/enrolled-students","service":"user-service"}
{"level":"info","message":"GET /api/courses/657108870587a10d0335886d/enrolled-students","service":"user-service"}
{"level":"info","message":"GET /api/courses/657110240587a10d03358889/enrolled-students","service":"user-service"}
{"level":"info","message":"GET /api/courses/657110240587a10d03358889/enrolled-students","service":"user-service"}
{"level":"info","message":"GET /api/courses/655d63bbf38ffa042635f824/enrolled-students","service":"user-service"}
{"level":"info","message":"GET /api/courses/657108870587a10d0335886d/enrolled-students","service":"user-service"}
{"level":"info","message":"GET /api/courses/6567d7fe42c0b0956e8665c9/enrolled-students","service":"user-service"}
{"level":"info","message":"GET /api/courses/65544172a5b4d5b1cf9627b4/enrolled-students","service":"user-service"}
{"level":"info","message":"GET /api/player/rickywsb/followers","service":"user-service"}
{"level":"info","message":"GET /api/player/rickywsb/followers","service":"user-service"}
{"level":"info","message":"GET /api/comments/rickywsb","service":"user-service"}
{"level":"info","message":"GET /api/comments/rickywsb","service":"user-service"}
{"level":"info","message":"GET /api/profile/654e891cdac9bec66de4cf83","service":"user-service"}
{"level":"info","message":"GET /api/profile/654e891cdac9bec66de4cf83","service":"user-service"}
{"level":"info","message":"GET /api/player/rickywsb/followers","service":"user-service"}
{"level":"info","message":"GET /api/player/rickywsb/followers","service":"user-service"}
{"level":"info","message":"GET /api/comments/rickywsb","service":"user-service"}
{"level":"info","message":"GET /api/comments/rickywsb","service":"user-service"}
{"level":"info","message":"GET /api/profile/654d2708371f955b994a2a6d","service":"user-service"}
{"level":"info","message":"GET /api/profile/654d2708371f955b994a2a6d","service":"user-service"}
{"level":"info","message":"GET /api/courses","service":"user-service"}
{"level":"info","message":"GET /api/courses","service":"user-service"}
{"level":"info","message":"GET /api/courses/65544172a5b4d5b1cf9627b4/enrolled-students","service":"user-service"}
{"level":"info","message":"GET /api/courses/6567d7fe42c0b0956e8665c9/enrolled-students","service":"user-service"}
{"level":"info","message":"GET /api/courses/657108870587a10d0335886d/enrolled-students","service":"user-service"}
{"level":"info","message":"GET /api/courses/655d63bbf38ffa042635f824/enrolled-students","service":"user-service"}
{"level":"info","message":"GET /api/courses/657110240587a10d03358889/enrolled-students","service":"user-service"}
{"level":"info","message":"GET /api/courses/657108870587a10d0335886d/enrolled-students","service":"user-service"}
{"level":"info","message":"GET /api/courses/6567d7fe42c0b0956e8665c9/enrolled-students","service":"user-service"}
{"level":"info","message":"GET /api/courses/65544172a5b4d5b1cf9627b4/enrolled-students","service":"user-service"}
{"level":"info","message":"GET /api/courses/655d63bbf38ffa042635f824/enrolled-students","service":"user-service"}
{"level":"info","message":"GET /api/courses/657110240587a10d03358889/enrolled-students","service":"user-service"}
{"level":"info","message":"GET /api/player/217-16-8/followers","service":"user-service"}
{"level":"info","message":"GET /api/player/217-16-8/followers","service":"user-service"}
{"level":"info","message":"GET /api/comments/217-16-8","service":"user-service"}
{"level":"info","message":"GET /api/comments/217-16-8","service":"user-service"}
{"level":"info","message":"GET /api/player/rickywsb/followers","service":"user-service"}
{"level":"info","message":"GET /api/player/rickywsb/followers","service":"user-service"}
{"level":"info","message":"GET /api/comments/rickywsb","service":"user-service"}
{"level":"info","message":"GET /api/comments/rickywsb","service":"user-service"}
{"level":"info","message":"GET /api/courses","service":"user-service"}
{"level":"info","message":"GET /api/courses","service":"user-service"}
{"level":"info","message":"GET /api/courses/6567d7fe42c0b0956e8665c9/enrolled-students","service":"user-service"}
{"level":"info","message":"GET /api/courses/65544172a5b4d5b1cf9627b4/enrolled-students","service":"user-service"}
{"level":"info","message":"GET /api/courses/655d63bbf38ffa042635f824/enrolled-students","service":"user-service"}
{"level":"info","message":"GET /api/courses/657108870587a10d0335886d/enrolled-students","service":"user-service"}
{"level":"info","message":"GET /api/courses/657110240587a10d03358889/enrolled-students","service":"user-service"}
{"level":"info","message":"GET /api/courses/657110240587a10d03358889/enrolled-students","service":"user-service"}
{"level":"info","message":"GET /api/courses/65544172a5b4d5b1cf9627b4/enrolled-students","service":"user-service"}
{"level":"info","message":"GET /api/courses/655d63bbf38ffa042635f824/enrolled-students","service":"user-service"}
{"level":"info","message":"GET /api/courses/6567d7fe42c0b0956e8665c9/enrolled-students","service":"user-service"}
{"level":"info","message":"GET /api/courses/657108870587a10d0335886d/enrolled-students","service":"user-service"}
{"level":"info","message":"GET /api/profile/6565120a95315c27dfa7d876","service":"user-service"}
{"level":"info","message":"GET /api/profile/6565120a95315c27dfa7d876","service":"user-service"}
{"level":"info","message":"GET /api/modules/course/655d63bbf38ffa042635f824","service":"user-service"}
{"level":"info","message":"GET /api/modules/course/655d63bbf38ffa042635f824","service":"user-service"}
{"level":"info","message":"GET /api/modules/course/655d63bbf38ffa042635f824","service":"user-service"}
{"level":"info","message":"GET /api/modules/course/655d63bbf38ffa042635f824","service":"user-service"}
{"level":"info","message":"GET /api/courses","service":"user-service"}
{"level":"info","message":"GET /api/courses","service":"user-service"}
{"level":"info","message":"GET /api/courses/65544172a5b4d5b1cf9627b4/enrolled-students","service":"user-service"}
{"level":"info","message":"GET /api/courses/655d63bbf38ffa042635f824/enrolled-students","service":"user-service"}
{"level":"info","message":"GET /api/courses/6567d7fe42c0b0956e8665c9/enrolled-students","service":"user-service"}
{"level":"info","message":"GET /api/courses/657108870587a10d0335886d/enrolled-students","service":"user-service"}
{"level":"info","message":"GET /api/courses/657110240587a10d03358889/enrolled-students","service":"user-service"}
{"level":"info","message":"GET /api/courses/657110240587a10d03358889/enrolled-students","service":"user-service"}
{"level":"info","message":"GET /api/courses/657108870587a10d0335886d/enrolled-students","service":"user-service"}
{"level":"info","message":"GET /api/courses/6567d7fe42c0b0956e8665c9/enrolled-students","service":"user-service"}
{"level":"info","message":"GET /api/courses/65544172a5b4d5b1cf9627b4/enrolled-students","service":"user-service"}
{"level":"info","message":"GET /api/courses/655d63bbf38ffa042635f824/enrolled-students","service":"user-service"}
{"level":"info","message":"GET /api/profile/6565120a95315c27dfa7d876","service":"user-service"}
{"level":"info","message":"GET /api/profile/6565120a95315c27dfa7d876","service":"user-service"}
{"level":"info","message":"GET /api/profile/6565120a95315c27dfa7d876","service":"user-service"}
{"level":"info","message":"GET /api/profile/6565120a95315c27dfa7d876","service":"user-service"}
{"level":"info","message":"POST /api/auth/login","service":"user-service"}
{"email":"admin@admin.com","level":"info","message":"Login endpoint hit","service":"user-service"}
{"email":"admin@admin.com","level":"info","message":"Password matches","service":"user-service"}
{"email":"admin@admin.com","level":"info","message":"JWT token generated","service":"user-service","token":"eyJhbGciOiJIUzI1NiIsInR5cCI6IkpXVCJ9.eyJlbWFpbCI6ImFkbWluQGFkbWluLmNvbSIsImlkIjoiNjU0ZTg5MWNkYWM5YmVjNjZkZTRjZjgzIiwicm9sZSI6ImFkbWluIiwiaWF0IjoxNzAyNDYwNTM5LCJleHAiOjE3MDI0NjQxMzl9.axjnJaElNn-kUjy8x4EYi5u5HeHeDElC4mKYSziOQx4"}
{"level":"info","message":"GET /api/courses/user/654e891cdac9bec66de4cf83/enrolled","service":"user-service"}
{"level":"info","message":"GET /api/courses/user/654e891cdac9bec66de4cf83/enrolled","service":"user-service"}
{"level":"info","message":"GET /api/profile/654e891cdac9bec66de4cf83","service":"user-service"}
{"level":"info","message":"GET /api/profile/654e891cdac9bec66de4cf83","service":"user-service"}
{"level":"info","message":"GET /api/profile/654e891cdac9bec66de4cf83","service":"user-service"}
{"level":"info","message":"GET /api/profile/654e891cdac9bec66de4cf83","service":"user-service"}
{"level":"info","message":"GET /api/courses","service":"user-service"}
{"level":"info","message":"GET /api/courses","service":"user-service"}
{"level":"info","message":"GET /api/courses/655d63bbf38ffa042635f824/enrolled-students","service":"user-service"}
{"level":"info","message":"GET /api/courses/6567d7fe42c0b0956e8665c9/enrolled-students","service":"user-service"}
{"level":"info","message":"GET /api/courses/65544172a5b4d5b1cf9627b4/enrolled-students","service":"user-service"}
{"level":"info","message":"GET /api/courses/657108870587a10d0335886d/enrolled-students","service":"user-service"}
{"level":"info","message":"GET /api/courses/657110240587a10d03358889/enrolled-students","service":"user-service"}
{"level":"info","message":"GET /api/courses/657110240587a10d03358889/enrolled-students","service":"user-service"}
{"level":"info","message":"GET /api/courses/65544172a5b4d5b1cf9627b4/enrolled-students","service":"user-service"}
{"level":"info","message":"GET /api/courses/655d63bbf38ffa042635f824/enrolled-students","service":"user-service"}
{"level":"info","message":"GET /api/courses/6567d7fe42c0b0956e8665c9/enrolled-students","service":"user-service"}
{"level":"info","message":"GET /api/courses/657108870587a10d0335886d/enrolled-students","service":"user-service"}
{"level":"info","message":"GET /api/courses","service":"user-service"}
{"level":"info","message":"GET /api/courses","service":"user-service"}
{"level":"info","message":"GET /api/courses/65544172a5b4d5b1cf9627b4/enrolled-students","service":"user-service"}
{"level":"info","message":"GET /api/courses/655d63bbf38ffa042635f824/enrolled-students","service":"user-service"}
{"level":"info","message":"GET /api/courses/6567d7fe42c0b0956e8665c9/enrolled-students","service":"user-service"}
{"level":"info","message":"GET /api/courses/657108870587a10d0335886d/enrolled-students","service":"user-service"}
{"level":"info","message":"GET /api/courses/657110240587a10d03358889/enrolled-students","service":"user-service"}
{"level":"info","message":"GET /api/courses","service":"user-service"}
{"level":"info","message":"GET /api/courses/657110240587a10d03358889/enrolled-students","service":"user-service"}
{"level":"info","message":"GET /api/courses/655d63bbf38ffa042635f824/enrolled-students","service":"user-service"}
{"level":"info","message":"GET /api/courses/657108870587a10d0335886d/enrolled-students","service":"user-service"}
{"level":"info","message":"GET /api/courses/6567d7fe42c0b0956e8665c9/enrolled-students","service":"user-service"}
{"level":"info","message":"GET /api/courses/65544172a5b4d5b1cf9627b4/enrolled-students","service":"user-service"}
{"level":"info","message":"POST /api/auth/login","service":"user-service"}
{"email":"admin@admin.com","level":"info","message":"Login endpoint hit","service":"user-service"}
{"email":"admin@admin.com","level":"info","message":"Password matches","service":"user-service"}
{"email":"admin@admin.com","level":"info","message":"JWT token generated","service":"user-service","token":"eyJhbGciOiJIUzI1NiIsInR5cCI6IkpXVCJ9.eyJlbWFpbCI6ImFkbWluQGFkbWluLmNvbSIsImlkIjoiNjU0ZTg5MWNkYWM5YmVjNjZkZTRjZjgzIiwicm9sZSI6ImFkbWluIiwiaWF0IjoxNzAyNDYxMTEyLCJleHAiOjE3MDI0NjQ3MTJ9.0xDo0sCiXERVlE0L0AZ1r0bAk2ljVbkDXbFqOwq7ZYI"}
{"level":"info","message":"GET /api/courses/user/654e891cdac9bec66de4cf83/enrolled","service":"user-service"}
{"level":"info","message":"GET /api/courses/user/654e891cdac9bec66de4cf83/enrolled","service":"user-service"}
{"level":"info","message":"GET /api/courses","service":"user-service"}
{"level":"info","message":"GET /api/courses","service":"user-service"}
{"level":"info","message":"GET /api/courses/65544172a5b4d5b1cf9627b4/enrolled-students","service":"user-service"}
{"level":"info","message":"GET /api/courses/655d63bbf38ffa042635f824/enrolled-students","service":"user-service"}
{"level":"info","message":"GET /api/courses/6567d7fe42c0b0956e8665c9/enrolled-students","service":"user-service"}
{"level":"info","message":"GET /api/courses/657108870587a10d0335886d/enrolled-students","service":"user-service"}
{"level":"info","message":"GET /api/courses/657110240587a10d03358889/enrolled-students","service":"user-service"}
{"level":"info","message":"GET /api/courses/657110240587a10d03358889/enrolled-students","service":"user-service"}
{"level":"info","message":"GET /api/courses/657108870587a10d0335886d/enrolled-students","service":"user-service"}
{"level":"info","message":"GET /api/courses/6567d7fe42c0b0956e8665c9/enrolled-students","service":"user-service"}
{"level":"info","message":"GET /api/courses/655d63bbf38ffa042635f824/enrolled-students","service":"user-service"}
{"level":"info","message":"GET /api/courses/65544172a5b4d5b1cf9627b4/enrolled-students","service":"user-service"}
{"level":"info","message":"GET /api/modules/course/655d63bbf38ffa042635f824","service":"user-service"}
{"level":"info","message":"GET /api/modules/course/655d63bbf38ffa042635f824","service":"user-service"}
{"level":"info","message":"GET /api/modules/course/655d63bbf38ffa042635f824","service":"user-service"}
{"level":"info","message":"GET /api/modules/course/655d63bbf38ffa042635f824","service":"user-service"}
{"level":"info","message":"GET /api/courses","service":"user-service"}
{"level":"info","message":"GET /api/courses","service":"user-service"}
{"level":"info","message":"GET /api/courses/65544172a5b4d5b1cf9627b4/enrolled-students","service":"user-service"}
{"level":"info","message":"GET /api/courses/655d63bbf38ffa042635f824/enrolled-students","service":"user-service"}
{"level":"info","message":"GET /api/courses/6567d7fe42c0b0956e8665c9/enrolled-students","service":"user-service"}
{"level":"info","message":"GET /api/courses/657108870587a10d0335886d/enrolled-students","service":"user-service"}
{"level":"info","message":"GET /api/courses/657110240587a10d03358889/enrolled-students","service":"user-service"}
{"level":"info","message":"GET /api/courses/657110240587a10d03358889/enrolled-students","service":"user-service"}
{"level":"info","message":"GET /api/courses/65544172a5b4d5b1cf9627b4/enrolled-students","service":"user-service"}
{"level":"info","message":"GET /api/courses/655d63bbf38ffa042635f824/enrolled-students","service":"user-service"}
{"level":"info","message":"GET /api/courses/6567d7fe42c0b0956e8665c9/enrolled-students","service":"user-service"}
{"level":"info","message":"GET /api/courses/657108870587a10d0335886d/enrolled-students","service":"user-service"}
{"level":"info","message":"DELETE /api/courses/655d63bbf38ffa042635f824","service":"user-service"}
{"level":"info","message":"GET /api/courses/user/654e891cdac9bec66de4cf83/enrolled","service":"user-service"}
{"level":"info","message":"GET /api/courses/user/654e891cdac9bec66de4cf83/enrolled","service":"user-service"}
{"level":"info","message":"POST /api/auth/login","service":"user-service"}
{"email":"admin@admin.com","level":"info","message":"Login endpoint hit","service":"user-service"}
{"email":"admin@admin.com","level":"info","message":"Password matches","service":"user-service"}
{"email":"admin@admin.com","level":"info","message":"JWT token generated","service":"user-service","token":"eyJhbGciOiJIUzI1NiIsInR5cCI6IkpXVCJ9.eyJlbWFpbCI6ImFkbWluQGFkbWluLmNvbSIsImlkIjoiNjU0ZTg5MWNkYWM5YmVjNjZkZTRjZjgzIiwicm9sZSI6ImFkbWluIiwiaWF0IjoxNzAyNDYxMjkxLCJleHAiOjE3MDI0NjQ4OTF9.SE0k4xYPLpdlA8XTzjYvEscPU8to538J93oVEHaK08E"}
{"level":"info","message":"GET /api/courses/user/654e891cdac9bec66de4cf83/enrolled","service":"user-service"}
{"level":"info","message":"GET /api/courses/user/654e891cdac9bec66de4cf83/enrolled","service":"user-service"}
{"level":"info","message":"GET /api/player/rickywsb/followers","service":"user-service"}
{"level":"info","message":"GET /api/player/rickywsb/followers","service":"user-service"}
{"level":"info","message":"GET /api/comments/rickywsb","service":"user-service"}
{"level":"info","message":"GET /api/comments/rickywsb","service":"user-service"}
{"level":"info","message":"GET /api/profile/654d2708371f955b994a2a6d","service":"user-service"}
{"level":"info","message":"GET /api/profile/654d2708371f955b994a2a6d","service":"user-service"}
{"level":"info","message":"GET /api/player/rickywsb/followers","service":"user-service"}
{"level":"info","message":"GET /api/player/rickywsb/followers","service":"user-service"}
{"level":"info","message":"GET /api/comments/rickywsb","service":"user-service"}
{"level":"info","message":"GET /api/comments/rickywsb","service":"user-service"}
{"level":"info","message":"GET /api/profile/654d2708371f955b994a2a6d","service":"user-service"}
{"level":"info","message":"GET /api/profile/654d2708371f955b994a2a6d","service":"user-service"}
{"level":"info","message":"Hello world","service":"user-service"}
{"level":"error","message":"Error message","service":"user-service"}
{"level":"info","message":"Server is running on port 5001","service":"user-service"}
{"level":"info","message":"GET /api/courses","service":"user-service"}
{"level":"info","message":"GET /api/courses","service":"user-service"}
{"level":"info","message":"GET /api/courses/65544172a5b4d5b1cf9627b4/enrolled-students","service":"user-service"}
{"level":"info","message":"GET /api/courses/657110240587a10d03358889/enrolled-students","service":"user-service"}
{"level":"info","message":"GET /api/courses/6567d7fe42c0b0956e8665c9/enrolled-students","service":"user-service"}
{"level":"info","message":"GET /api/courses/657108870587a10d0335886d/enrolled-students","service":"user-service"}
{"level":"info","message":"GET /api/courses/6567d7fe42c0b0956e8665c9/enrolled-students","service":"user-service"}
{"level":"info","message":"GET /api/courses/65544172a5b4d5b1cf9627b4/enrolled-students","service":"user-service"}
{"level":"info","message":"GET /api/courses/657110240587a10d03358889/enrolled-students","service":"user-service"}
{"level":"info","message":"GET /api/courses/657108870587a10d0335886d/enrolled-students","service":"user-service"}
{"level":"info","message":"GET /api/player/rickywsb/followers","service":"user-service"}
{"level":"info","message":"GET /api/player/rickywsb/followers","service":"user-service"}
{"level":"info","message":"GET /api/comments/rickywsb","service":"user-service"}
{"level":"info","message":"GET /api/comments/rickywsb","service":"user-service"}
{"level":"info","message":"GET /api/profile/654d2708371f955b994a2a6d","service":"user-service"}
{"level":"info","message":"GET /api/profile/654d2708371f955b994a2a6d","service":"user-service"}
{"level":"info","message":"GET /api/profile/654d2708371f955b994a2a6d","service":"user-service"}
{"level":"info","message":"GET /api/profile/654d2708371f955b994a2a6d","service":"user-service"}
{"level":"info","message":"POST /api/auth/login","service":"user-service"}
{"email":"admin@admin.com","level":"info","message":"Login endpoint hit","service":"user-service"}
{"email":"admin@admin.com","level":"info","message":"Password matches","service":"user-service"}
{"email":"admin@admin.com","level":"info","message":"JWT token generated","service":"user-service","token":"eyJhbGciOiJIUzI1NiIsInR5cCI6IkpXVCJ9.eyJlbWFpbCI6ImFkbWluQGFkbWluLmNvbSIsImlkIjoiNjU0ZTg5MWNkYWM5YmVjNjZkZTRjZjgzIiwicm9sZSI6ImFkbWluIiwiaWF0IjoxNzAyNDkwNzczLCJleHAiOjE3MDI0OTQzNzN9.Fpj371Ey1qTC0ZRGcRUiNCyuODnoDjYx-AIby7LJkc8"}
{"level":"info","message":"GET /api/courses/user/654e891cdac9bec66de4cf83/enrolled","service":"user-service"}
{"level":"info","message":"GET /api/courses/user/654e891cdac9bec66de4cf83/enrolled","service":"user-service"}
{"level":"info","message":"GET /api/player/1stsecond/followers","service":"user-service"}
{"level":"info","message":"GET /api/player/1stsecond/followers","service":"user-service"}
{"level":"info","message":"GET /api/comments/1stsecond","service":"user-service"}
{"level":"info","message":"GET /api/comments/1stsecond","service":"user-service"}
{"level":"info","message":"GET /api/profile/654e891cdac9bec66de4cf83","service":"user-service"}
{"level":"info","message":"GET /api/profile/654e891cdac9bec66de4cf83","service":"user-service"}
{"level":"info","message":"GET /api/profile/654e891cdac9bec66de4cf83","service":"user-service"}
{"level":"info","message":"GET /api/profile/654e891cdac9bec66de4cf83","service":"user-service"}
{"level":"info","message":"GET /api/profile/654e891cdac9bec66de4cf83","service":"user-service"}
{"level":"info","message":"POST /api/auth/login","service":"user-service"}
{"email":"admin@admin.com","level":"info","message":"Login endpoint hit","service":"user-service"}
{"email":"admin@admin.com","level":"info","message":"Password matches","service":"user-service"}
{"email":"admin@admin.com","level":"info","message":"JWT token generated","service":"user-service","token":"eyJhbGciOiJIUzI1NiIsInR5cCI6IkpXVCJ9.eyJlbWFpbCI6ImFkbWluQGFkbWluLmNvbSIsImlkIjoiNjU0ZTg5MWNkYWM5YmVjNjZkZTRjZjgzIiwicm9sZSI6ImFkbWluIiwiaWF0IjoxNzAyNDkwODI2LCJleHAiOjE3MDI0OTQ0MjZ9.-fGtlmcziQwp15TS2__SWauqogaVPt0BZ2km27LuJEU"}
{"level":"info","message":"GET /api/courses/user/654e891cdac9bec66de4cf83/enrolled","service":"user-service"}
{"level":"info","message":"GET /api/courses/user/654e891cdac9bec66de4cf83/enrolled","service":"user-service"}
{"level":"info","message":"GET /api/profile/654e891cdac9bec66de4cf83","service":"user-service"}
{"level":"info","message":"GET /api/profile/654e891cdac9bec66de4cf83","service":"user-service"}
{"level":"info","message":"GET /api/courses/user/654e891cdac9bec66de4cf83/enrolled","service":"user-service"}
{"level":"info","message":"GET /api/courses/user/654e891cdac9bec66de4cf83/enrolled","service":"user-service"}
{"level":"info","message":"GET /api/player/ahachess/followers","service":"user-service"}
{"level":"info","message":"GET /api/player/ahachess/followers","service":"user-service"}
{"level":"info","message":"GET /api/comments/ahachess","service":"user-service"}
{"level":"info","message":"GET /api/comments/ahachess","service":"user-service"}
{"level":"info","message":"GET /api/player/rickywsb/followers","service":"user-service"}
{"level":"info","message":"GET /api/player/rickywsb/followers","service":"user-service"}
{"level":"info","message":"GET /api/comments/rickywsb","service":"user-service"}
{"level":"info","message":"GET /api/comments/rickywsb","service":"user-service"}
{"level":"info","message":"GET /api/player/ahachess/followers","service":"user-service"}
{"level":"info","message":"GET /api/comments/ahachess","service":"user-service"}
{"level":"info","message":"GET /api/comments/ahachess","service":"user-service"}
{"level":"info","message":"POST /api/auth/register","service":"user-service"}
{"email":"wssb@amsss.com","level":"info","message":"Register endpoint hit","password":"asd","phoneNumber":"asss","role":"student","service":"user-service","username":"rickywsb"}
{"error":"E11000 duplicate key error collection: test.users index: username_1 dup key: { username: \"rickywsb\" }","level":"error","message":"Error registering new user","service":"user-service"}
{"level":"info","message":"POST /api/auth/register","service":"user-service"}
{"email":"wssb@amsss.com","level":"info","message":"Register endpoint hit","password":"asd","phoneNumber":"asss","role":"student","service":"user-service","username":"rickywsb"}
{"level":"info","message":"POST /api/auth/register","service":"user-service"}
{"email":"wssb@amsss.com","level":"info","message":"Register endpoint hit","password":"asd","phoneNumber":"asss","role":"student","service":"user-service","username":"rickywsb"}
{"error":"E11000 duplicate key error collection: test.users index: username_1 dup key: { username: \"rickywsb\" }","level":"error","message":"Error registering new user","service":"user-service"}
{"error":"E11000 duplicate key error collection: test.users index: username_1 dup key: { username: \"rickywsb\" }","level":"error","message":"Error registering new user","service":"user-service"}
{"level":"info","message":"POST /api/auth/register","service":"user-service"}
{"email":"student@amzon.com","level":"info","message":"Register endpoint hit","password":"123","phoneNumber":"123","role":"student","service":"user-service","username":"rickywsb"}
{"error":"E11000 duplicate key error collection: test.users index: username_1 dup key: { username: \"rickywsb\" }","level":"error","message":"Error registering new user","service":"user-service"}
{"level":"info","message":"POST /api/auth/register","service":"user-service"}
{"email":"student@amzon.com","level":"info","message":"Register endpoint hit","password":"123","phoneNumber":"123","role":"student","service":"user-service","username":"rickywsb"}
{"error":"E11000 duplicate key error collection: test.users index: username_1 dup key: { username: \"rickywsb\" }","level":"error","message":"Error registering new user","service":"user-service"}
{"level":"info","message":"POST /api/auth/register","service":"user-service"}
{"email":"student@amzon.com","level":"info","message":"Register endpoint hit","password":"123","phoneNumber":"123","role":"student","service":"user-service","username":"rickywsb"}
{"error":"E11000 duplicate key error collection: test.users index: username_1 dup key: { username: \"rickywsb\" }","level":"error","message":"Error registering new user","service":"user-service"}
{"level":"info","message":"POST /api/auth/register","service":"user-service"}
{"email":"student@amzon.com","level":"info","message":"Register endpoint hit","password":"123","phoneNumber":"123","role":"student","service":"user-service","username":"r123123"}
{"level":"info","message":"POST /api/auth/register","service":"user-service"}
{"email":"newnewnew@new.com","level":"info","message":"Register endpoint hit","password":"123","phoneNumber":"123","role":"student","service":"user-service","username":"newnewnew"}
{"level":"info","message":"POST /api/auth/login","service":"user-service"}
{"email":"newnewnew@new.com","level":"info","message":"Login endpoint hit","service":"user-service"}
{"email":"newnewnew@new.com","level":"info","message":"Password matches","service":"user-service"}
{"email":"newnewnew@new.com","level":"info","message":"JWT token generated","service":"user-service","token":"eyJhbGciOiJIUzI1NiIsInR5cCI6IkpXVCJ9.eyJlbWFpbCI6Im5ld25ld25ld0BuZXcuY29tIiwiaWQiOiI2NTdhMDMxMWM1YzA2OWYzNTRhMWRmMjEiLCJyb2xlIjoic3R1ZGVudCIsImlhdCI6MTcwMjQ5NTAwNSwiZXhwIjoxNzAyNDk4NjA1fQ.COCNnqYvyQceNvcthBTqvJtQVKF12eNRPcofRlEp05o"}
{"level":"info","message":"GET /api/courses/user/657a0311c5c069f354a1df21/enrolled","service":"user-service"}
{"level":"info","message":"GET /api/courses/user/657a0311c5c069f354a1df21/enrolled","service":"user-service"}
{"level":"info","message":"Hello world","service":"user-service"}
{"level":"error","message":"Error message","service":"user-service"}
{"level":"info","message":"Server is running on port 5001","service":"user-service"}
{"level":"info","message":"Hello world","service":"user-service"}
{"level":"error","message":"Error message","service":"user-service"}
{"level":"info","message":"Server is running on port 5001","service":"user-service"}
{"level":"info","message":"GET /api/courses","service":"user-service"}
{"level":"info","message":"GET /api/courses","service":"user-service"}
{"level":"info","message":"POST /api/auth/register","service":"user-service"}
{"email":"mayzhangywwwq@hotmail.com","level":"info","message":"Register endpoint hit","password":"123","phoneNumber":"12333","role":"student","service":"user-service","username":"rickywsb222"}
{"level":"info","message":"POST /api/auth/register","service":"user-service"}
{"email":"mayzhangywwwq@hotmail.com","level":"info","message":"Register endpoint hit","password":"123","phoneNumber":"12333","role":"student","service":"user-service","username":"rickywsb222"}
{"error":"Operation `users.findOne()` buffering timed out after 10000ms","level":"error","message":"Error registering new user","service":"user-service"}
{"error":"Operation `users.findOne()` buffering timed out after 10000ms","level":"error","message":"Error registering new user","service":"user-service"}
{"level":"info","message":"Hello world","service":"user-service"}
{"level":"error","message":"Error message","service":"user-service"}
{"level":"info","message":"Server is running on port 5001","service":"user-service"}
{"level":"info","message":"GET /api/courses","service":"user-service"}
{"level":"info","message":"GET /api/courses","service":"user-service"}
{"level":"info","message":"GET /api/courses/65544172a5b4d5b1cf9627b4/enrolled-students","service":"user-service"}
{"level":"info","message":"GET /api/courses/657108870587a10d0335886d/enrolled-students","service":"user-service"}
{"level":"info","message":"GET /api/courses/6567d7fe42c0b0956e8665c9/enrolled-students","service":"user-service"}
{"level":"info","message":"GET /api/courses/6567d7fe42c0b0956e8665c9/enrolled-students","service":"user-service"}
{"level":"info","message":"GET /api/courses/657110240587a10d03358889/enrolled-students","service":"user-service"}
{"level":"info","message":"GET /api/courses/657108870587a10d0335886d/enrolled-students","service":"user-service"}
{"level":"info","message":"GET /api/courses/657110240587a10d03358889/enrolled-students","service":"user-service"}
{"level":"info","message":"GET /api/courses/65544172a5b4d5b1cf9627b4/enrolled-students","service":"user-service"}
{"level":"info","message":"GET /api/courses","service":"user-service"}
{"level":"info","message":"GET /api/courses","service":"user-service"}
{"level":"info","message":"GET /api/courses/65544172a5b4d5b1cf9627b4/enrolled-students","service":"user-service"}
{"level":"info","message":"GET /api/courses/657108870587a10d0335886d/enrolled-students","service":"user-service"}
{"level":"info","message":"GET /api/courses/6567d7fe42c0b0956e8665c9/enrolled-students","service":"user-service"}
{"level":"info","message":"GET /api/courses/657110240587a10d03358889/enrolled-students","service":"user-service"}
{"level":"info","message":"GET /api/courses/65544172a5b4d5b1cf9627b4/enrolled-students","service":"user-service"}
{"level":"info","message":"GET /api/courses/6567d7fe42c0b0956e8665c9/enrolled-students","service":"user-service"}
{"level":"info","message":"GET /api/courses/657108870587a10d0335886d/enrolled-students","service":"user-service"}
{"level":"info","message":"GET /api/courses/657110240587a10d03358889/enrolled-students","service":"user-service"}
{"level":"info","message":"GET /api/player/ricky/followers","service":"user-service"}
{"level":"info","message":"GET /api/player/ricky/followers","service":"user-service"}
{"level":"info","message":"GET /api/comments/ricky","service":"user-service"}
{"level":"info","message":"GET /api/comments/ricky","service":"user-service"}
{"level":"info","message":"GET /api/player/andreikka/followers","service":"user-service"}
{"level":"info","message":"GET /api/player/andreikka/followers","service":"user-service"}
{"level":"info","message":"GET /api/comments/andreikka","service":"user-service"}
{"level":"info","message":"GET /api/comments/andreikka","service":"user-service"}
{"level":"info","message":"Hello world","service":"user-service"}
{"level":"error","message":"Error message","service":"user-service"}
{"level":"info","message":"Server is running on port 5001","service":"user-service"}
{"level":"info","message":"POST /api/auth/register","service":"user-service"}
{"email":"wusibo2020@hhh.com","level":"info","message":"Register endpoint hit","password":"123","phoneNumber":"","role":"student","service":"user-service","username":"sibs"}
{"level":"info","message":"POST /api/auth/register","service":"user-service"}
{"email":"wusibo2020@2020.com","level":"info","message":"Register endpoint hit","password":"123","phoneNumber":"","role":"student","service":"user-service","username":"sibowu_1995"}
{"level":"info","message":"POST /api/auth/login","service":"user-service"}
{"email":"wusibo2020@2020.com","level":"info","message":"Login endpoint hit","service":"user-service"}
{"email":"wusibo2020@2020.com","level":"info","message":"Password matches","service":"user-service"}
{"email":"wusibo2020@2020.com","level":"info","message":"JWT token generated","service":"user-service","token":"eyJhbGciOiJIUzI1NiIsInR5cCI6IkpXVCJ9.eyJlbWFpbCI6Ind1c2libzIwMjBAMjAyMC5jb20iLCJpZCI6IjY2OTU5M2EyMWFjYTg2OTJlOTQxM2FjNCIsInJvbGUiOiJzdHVkZW50IiwiaWF0IjoxNzIxMDc4NzA3LCJleHAiOjE3MjEwODIzMDd9.b1JC8owW9p-9BIr95G36dyyeyDVt0RGtd_nof5ZRVdU"}
{"level":"info","message":"GET /api/courses/user/669593a21aca8692e9413ac4/enrolled","service":"user-service"}
{"level":"info","message":"GET /api/courses","service":"user-service"}
{"level":"info","message":"GET /api/courses/65544172a5b4d5b1cf9627b4/enrolled-students","service":"user-service"}
{"level":"info","message":"GET /api/courses/657110240587a10d03358889/enrolled-students","service":"user-service"}
{"level":"info","message":"GET /api/courses/6567d7fe42c0b0956e8665c9/enrolled-students","service":"user-service"}
{"level":"info","message":"GET /api/courses/657108870587a10d0335886d/enrolled-students","service":"user-service"}
{"level":"info","message":"POST /api/courses/65544172a5b4d5b1cf9627b4/enroll","service":"user-service"}
{"level":"info","message":"GET /api/courses","service":"user-service"}
{"level":"info","message":"GET /api/courses","service":"user-service"}
{"level":"info","message":"GET /api/courses/65544172a5b4d5b1cf9627b4/enrolled-students","service":"user-service"}
{"level":"info","message":"GET /api/courses/6567d7fe42c0b0956e8665c9/enrolled-students","service":"user-service"}
{"level":"info","message":"GET /api/courses/657108870587a10d0335886d/enrolled-students","service":"user-service"}
{"level":"info","message":"GET /api/courses/657108870587a10d0335886d/enrolled-students","service":"user-service"}
{"level":"info","message":"GET /api/courses/657110240587a10d03358889/enrolled-students","service":"user-service"}
{"level":"info","message":"GET /api/courses/657110240587a10d03358889/enrolled-students","service":"user-service"}
{"level":"info","message":"GET /api/courses/65544172a5b4d5b1cf9627b4/enrolled-students","service":"user-service"}
{"level":"info","message":"GET /api/courses/6567d7fe42c0b0956e8665c9/enrolled-students","service":"user-service"}
{"level":"info","message":"POST /api/auth/login","service":"user-service"}
{"email":"admin@admin.com","level":"info","message":"Login endpoint hit","service":"user-service"}
{"email":"admin@admin.com","level":"info","message":"Password matches","service":"user-service"}
{"email":"admin@admin.com","level":"info","message":"JWT token generated","service":"user-service","token":"eyJhbGciOiJIUzI1NiIsInR5cCI6IkpXVCJ9.eyJlbWFpbCI6ImFkbWluQGFkbWluLmNvbSIsImlkIjoiNjU0ZTg5MWNkYWM5YmVjNjZkZTRjZjgzIiwicm9sZSI6ImFkbWluIiwiaWF0IjoxNzIxMDc4ODQ2LCJleHAiOjE3MjEwODI0NDZ9.MLJhFrs3JNWkzCRhvA_Z4E1S7Jdva9x7FzNcsfmvjGg"}
{"level":"info","message":"GET /api/courses/user/654e891cdac9bec66de4cf83/enrolled","service":"user-service"}
{"level":"info","message":"GET /api/courses","service":"user-service"}
{"level":"info","message":"GET /api/courses","service":"user-service"}
{"level":"info","message":"GET /api/courses/65544172a5b4d5b1cf9627b4/enrolled-students","service":"user-service"}
{"level":"info","message":"GET /api/courses/6567d7fe42c0b0956e8665c9/enrolled-students","service":"user-service"}
{"level":"info","message":"GET /api/courses/657108870587a10d0335886d/enrolled-students","service":"user-service"}
{"level":"info","message":"GET /api/courses/657110240587a10d03358889/enrolled-students","service":"user-service"}
{"level":"info","message":"GET /api/modules/course/65544172a5b4d5b1cf9627b4","service":"user-service"}
{"level":"info","message":"GET /api/modules/course/65544172a5b4d5b1cf9627b4","service":"user-service"}
{"level":"info","message":"GET /api/modules/course/65544172a5b4d5b1cf9627b4","service":"user-service"}
{"level":"info","message":"GET /api/courses","service":"user-service"}
{"level":"info","message":"GET /api/courses","service":"user-service"}
{"level":"info","message":"GET /api/courses/657108870587a10d0335886d/enrolled-students","service":"user-service"}
{"level":"info","message":"GET /api/courses/657110240587a10d03358889/enrolled-students","service":"user-service"}
{"level":"info","message":"GET /api/courses/65544172a5b4d5b1cf9627b4/enrolled-students","service":"user-service"}
{"level":"info","message":"GET /api/courses/6567d7fe42c0b0956e8665c9/enrolled-students","service":"user-service"}
{"level":"info","message":"GET /api/courses/657110240587a10d03358889/enrolled-students","service":"user-service"}
{"level":"info","message":"GET /api/courses/657108870587a10d0335886d/enrolled-students","service":"user-service"}
{"level":"info","message":"GET /api/courses/65544172a5b4d5b1cf9627b4/enrolled-students","service":"user-service"}
{"level":"info","message":"GET /api/courses/6567d7fe42c0b0956e8665c9/enrolled-students","service":"user-service"}
{"level":"info","message":"POST /api/courses","service":"user-service"}
{"level":"info","message":"GET /api/courses/669594f81aca8692e9413b1b/enrolled-students","service":"user-service"}
{"level":"info","message":"GET /api/modules/course/669594f81aca8692e9413b1b","service":"user-service"}
{"level":"info","message":"GET /api/modules/course/669594f81aca8692e9413b1b","service":"user-service"}
{"level":"info","message":"GET /api/modules/course/669594f81aca8692e9413b1b","service":"user-service"}
{"level":"info","message":"POST /api/modules","service":"user-service"}
{"level":"info","message":"GET /api/modules/course/669594f81aca8692e9413b1b","service":"user-service"}
{"level":"info","message":"GET /api/modules/course/669594f81aca8692e9413b1b","service":"user-service"}
{"level":"info","message":"GET /api/modules/course/669594f81aca8692e9413b1b","service":"user-service"}
{"level":"info","message":"GET /api/modules/course/669594f81aca8692e9413b1b","service":"user-service"}
{"level":"info","message":"GET /api/modules/course/669594f81aca8692e9413b1b","service":"user-service"}
{"level":"info","message":"GET /api/modules/course/669594f81aca8692e9413b1b","service":"user-service"}
{"level":"info","message":"GET /api/modules/course/669594f81aca8692e9413b1b","service":"user-service"}
{"level":"info","message":"GET /api/modules/course/669594f81aca8692e9413b1b","service":"user-service"}
{"level":"info","message":"GET /api/modules/course/669594f81aca8692e9413b1b","service":"user-service"}
{"level":"info","message":"GET /api/modules/course/669594f81aca8692e9413b1b","service":"user-service"}
{"level":"info","message":"GET /api/modules/course/669594f81aca8692e9413b1b","service":"user-service"}
{"level":"info","message":"GET /api/modules/course/669594f81aca8692e9413b1b","service":"user-service"}
{"level":"info","message":"GET /api/profile/654e891cdac9bec66de4cf83","service":"user-service"}
{"level":"info","message":"POST /api/auth/login","service":"user-service"}
{"email":"admin@admin.com","level":"info","message":"Login endpoint hit","service":"user-service"}
{"email":"admin@admin.com","level":"info","message":"Password matches","service":"user-service"}
{"email":"admin@admin.com","level":"info","message":"JWT token generated","service":"user-service","token":"eyJhbGciOiJIUzI1NiIsInR5cCI6IkpXVCJ9.eyJlbWFpbCI6ImFkbWluQGFkbWluLmNvbSIsImlkIjoiNjU0ZTg5MWNkYWM5YmVjNjZkZTRjZjgzIiwicm9sZSI6ImFkbWluIiwiaWF0IjoxNzIxMDc5ODIzLCJleHAiOjE3MjEwODM0MjN9.0uiS_sGkIO0yGaw4nrimNr5mxXj1n3KNm7ZSdPb-L0A"}
{"level":"info","message":"GET /api/courses/user/654e891cdac9bec66de4cf83/enrolled","service":"user-service"}
{"level":"info","message":"GET /api/courses","service":"user-service"}
{"level":"info","message":"GET /api/courses/65544172a5b4d5b1cf9627b4/enrolled-students","service":"user-service"}
{"level":"info","message":"GET /api/courses/6567d7fe42c0b0956e8665c9/enrolled-students","service":"user-service"}
{"level":"info","message":"GET /api/courses/657108870587a10d0335886d/enrolled-students","service":"user-service"}
{"level":"info","message":"GET /api/courses/657110240587a10d03358889/enrolled-students","service":"user-service"}
{"level":"info","message":"GET /api/courses/669594f81aca8692e9413b1b/enrolled-students","service":"user-service"}
{"level":"info","message":"GET /api/modules/course/669594f81aca8692e9413b1b","service":"user-service"}
{"level":"info","message":"GET /api/modules/course/669594f81aca8692e9413b1b","service":"user-service"}
{"level":"info","message":"GET /api/modules/course/669594f81aca8692e9413b1b","service":"user-service"}
{"level":"info","message":"GET /api/modules/course/669594f81aca8692e9413b1b","service":"user-service"}
{"level":"info","message":"Hello world","service":"user-service"}
{"level":"error","message":"Error message","service":"user-service"}
{"level":"info","message":"Server is running on port 5001","service":"user-service"}
{"level":"info","message":"GET /api/courses/user/654e891cdac9bec66de4cf83/enrolled","service":"user-service"}
{"level":"info","message":"GET /api/courses","service":"user-service"}
{"level":"info","message":"GET /api/courses/65544172a5b4d5b1cf9627b4/enrolled-students","service":"user-service"}
{"level":"info","message":"GET /api/courses/657108870587a10d0335886d/enrolled-students","service":"user-service"}
{"level":"info","message":"GET /api/courses/657110240587a10d03358889/enrolled-students","service":"user-service"}
{"level":"info","message":"GET /api/courses/669594f81aca8692e9413b1b/enrolled-students","service":"user-service"}
{"level":"info","message":"GET /api/courses/6567d7fe42c0b0956e8665c9/enrolled-students","service":"user-service"}
{"level":"info","message":"PATCH /api/courses/669594f81aca8692e9413b1b","service":"user-service"}
{"level":"info","message":"GET /api/modules/course/669594f81aca8692e9413b1b","service":"user-service"}
{"level":"info","message":"GET /api/modules/course/669594f81aca8692e9413b1b","service":"user-service"}
{"level":"info","message":"GET /api/modules/course/669594f81aca8692e9413b1b","service":"user-service"}
{"level":"info","message":"GET /api/courses/user/654e891cdac9bec66de4cf83/enrolled","service":"user-service"}
{"level":"info","message":"GET /api/courses","service":"user-service"}
{"level":"info","message":"GET /api/courses/65544172a5b4d5b1cf9627b4/enrolled-students","service":"user-service"}
{"level":"info","message":"GET /api/courses/6567d7fe42c0b0956e8665c9/enrolled-students","service":"user-service"}
{"level":"info","message":"GET /api/courses/657108870587a10d0335886d/enrolled-students","service":"user-service"}
{"level":"info","message":"GET /api/courses/657110240587a10d03358889/enrolled-students","service":"user-service"}
{"level":"info","message":"GET /api/courses/669594f81aca8692e9413b1b/enrolled-students","service":"user-service"}
{"level":"info","message":"GET /api/modules/course/669594f81aca8692e9413b1b","service":"user-service"}
{"level":"info","message":"GET /api/modules/course/669594f81aca8692e9413b1b","service":"user-service"}
{"level":"info","message":"GET /api/modules/course/669594f81aca8692e9413b1b","service":"user-service"}
{"level":"info","message":"POST /api/modules","service":"user-service"}
{"level":"info","message":"GET /api/modules/course/669594f81aca8692e9413b1b","service":"user-service"}
{"level":"info","message":"GET /api/modules/course/669594f81aca8692e9413b1b","service":"user-service"}
{"level":"info","message":"GET /api/modules/course/669594f81aca8692e9413b1b","service":"user-service"}
{"level":"info","message":"GET /api/courses","service":"user-service"}
{"level":"info","message":"GET /api/courses/6567d7fe42c0b0956e8665c9/enrolled-students","service":"user-service"}
{"level":"info","message":"GET /api/courses/65544172a5b4d5b1cf9627b4/enrolled-students","service":"user-service"}
{"level":"info","message":"GET /api/courses/657108870587a10d0335886d/enrolled-students","service":"user-service"}
{"level":"info","message":"GET /api/courses/657110240587a10d03358889/enrolled-students","service":"user-service"}
{"level":"info","message":"GET /api/courses/669594f81aca8692e9413b1b/enrolled-students","service":"user-service"}
{"level":"info","message":"PATCH /api/courses/669594f81aca8692e9413b1b","service":"user-service"}
{"level":"info","message":"GET /api/modules/course/669594f81aca8692e9413b1b","service":"user-service"}
{"level":"info","message":"GET /api/modules/course/669594f81aca8692e9413b1b","service":"user-service"}
{"level":"info","message":"GET /api/modules/course/669594f81aca8692e9413b1b","service":"user-service"}
{"level":"info","message":"GET /api/courses/user/654e891cdac9bec66de4cf83/enrolled","service":"user-service"}
{"level":"info","message":"GET /api/courses","service":"user-service"}
{"level":"info","message":"GET /api/courses","service":"user-service"}
{"level":"info","message":"GET /api/courses/6567d7fe42c0b0956e8665c9/enrolled-students","service":"user-service"}
{"level":"info","message":"GET /api/courses/657108870587a10d0335886d/enrolled-students","service":"user-service"}
{"level":"info","message":"GET /api/courses/657110240587a10d03358889/enrolled-students","service":"user-service"}
{"level":"info","message":"GET /api/courses/65544172a5b4d5b1cf9627b4/enrolled-students","service":"user-service"}
{"level":"info","message":"GET /api/courses/6567d7fe42c0b0956e8665c9/enrolled-students","service":"user-service"}
{"level":"info","message":"GET /api/courses/657108870587a10d0335886d/enrolled-students","service":"user-service"}
{"level":"info","message":"GET /api/courses/669594f81aca8692e9413b1b/enrolled-students","service":"user-service"}
{"level":"info","message":"GET /api/courses/65544172a5b4d5b1cf9627b4/enrolled-students","service":"user-service"}
{"level":"info","message":"GET /api/courses/669594f81aca8692e9413b1b/enrolled-students","service":"user-service"}
{"level":"info","message":"GET /api/courses/657110240587a10d03358889/enrolled-students","service":"user-service"}
{"level":"info","message":"GET /api/courses/user/654e891cdac9bec66de4cf83/enrolled","service":"user-service"}
{"level":"info","message":"GET /api/courses/user/654e891cdac9bec66de4cf83/enrolled","service":"user-service"}
{"level":"info","message":"GET /api/courses","service":"user-service"}
{"level":"info","message":"GET /api/courses","service":"user-service"}
{"level":"info","message":"GET /api/courses/65544172a5b4d5b1cf9627b4/enrolled-students","service":"user-service"}
{"level":"info","message":"GET /api/courses/6567d7fe42c0b0956e8665c9/enrolled-students","service":"user-service"}
{"level":"info","message":"GET /api/courses/6567d7fe42c0b0956e8665c9/enrolled-students","service":"user-service"}
{"level":"info","message":"GET /api/courses/669594f81aca8692e9413b1b/enrolled-students","service":"user-service"}
{"level":"info","message":"GET /api/courses/657110240587a10d03358889/enrolled-students","service":"user-service"}
{"level":"info","message":"GET /api/courses/65544172a5b4d5b1cf9627b4/enrolled-students","service":"user-service"}
{"level":"info","message":"GET /api/courses/657108870587a10d0335886d/enrolled-students","service":"user-service"}
{"level":"info","message":"GET /api/courses/657108870587a10d0335886d/enrolled-students","service":"user-service"}
{"level":"info","message":"GET /api/courses/669594f81aca8692e9413b1b/enrolled-students","service":"user-service"}
{"level":"info","message":"GET /api/courses/657110240587a10d03358889/enrolled-students","service":"user-service"}
{"level":"info","message":"GET /api/profile/654e891cdac9bec66de4cf83","service":"user-service"}
{"level":"info","message":"POST /api/auth/login","service":"user-service"}
{"email":"admin@admin.com","level":"info","message":"Login endpoint hit","service":"user-service"}
{"email":"admin@admin.com","level":"info","message":"Password matches","service":"user-service"}
{"email":"admin@admin.com","level":"info","message":"JWT token generated","service":"user-service","token":"eyJhbGciOiJIUzI1NiIsInR5cCI6IkpXVCJ9.eyJlbWFpbCI6ImFkbWluQGFkbWluLmNvbSIsImlkIjoiNjU0ZTg5MWNkYWM5YmVjNjZkZTRjZjgzIiwicm9sZSI6ImFkbWluIiwiaWF0IjoxNzIxMDg0MDk3LCJleHAiOjE3MjEwODc2OTd9.ObLqZIVPC3i2i8AKVMOxPZz4TXJF3n53d-hdPAnhkyo"}
{"level":"info","message":"GET /api/courses/user/654e891cdac9bec66de4cf83/enrolled","service":"user-service"}
{"level":"info","message":"GET /api/profile/654e891cdac9bec66de4cf83","service":"user-service"}
{"level":"info","message":"PUT /api/profile/me","service":"user-service"}
{"level":"info","message":"GET /api/courses/user/654e891cdac9bec66de4cf83/enrolled","service":"user-service"}
{"level":"info","message":"GET /api/courses/user/654e891cdac9bec66de4cf83/enrolled","service":"user-service"}
{"level":"info","message":"GET /api/courses","service":"user-service"}
{"level":"info","message":"GET /api/courses","service":"user-service"}
{"level":"info","message":"GET /api/courses/657108870587a10d0335886d/enrolled-students","service":"user-service"}
{"level":"info","message":"GET /api/courses/65544172a5b4d5b1cf9627b4/enrolled-students","service":"user-service"}
{"level":"info","message":"GET /api/courses/6567d7fe42c0b0956e8665c9/enrolled-students","service":"user-service"}
{"level":"info","message":"GET /api/courses/669594f81aca8692e9413b1b/enrolled-students","service":"user-service"}
{"level":"info","message":"GET /api/courses/657110240587a10d03358889/enrolled-students","service":"user-service"}
{"level":"info","message":"GET /api/modules/course/6567d7fe42c0b0956e8665c9","service":"user-service"}
{"level":"info","message":"GET /api/modules/course/6567d7fe42c0b0956e8665c9","service":"user-service"}
{"level":"info","message":"GET /api/modules/course/6567d7fe42c0b0956e8665c9","service":"user-service"}
{"level":"info","message":"GET /api/courses/user/654e891cdac9bec66de4cf83/enrolled","service":"user-service"}
{"level":"info","message":"GET /api/courses/user/654e891cdac9bec66de4cf83/enrolled","service":"user-service"}
{"level":"info","message":"GET /api/courses","service":"user-service"}
{"level":"info","message":"GET /api/courses","service":"user-service"}
{"level":"info","message":"GET /api/courses/65544172a5b4d5b1cf9627b4/enrolled-students","service":"user-service"}
{"level":"info","message":"GET /api/courses/6567d7fe42c0b0956e8665c9/enrolled-students","service":"user-service"}
{"level":"info","message":"GET /api/courses/657108870587a10d0335886d/enrolled-students","service":"user-service"}
{"level":"info","message":"GET /api/courses/6567d7fe42c0b0956e8665c9/enrolled-students","service":"user-service"}
{"level":"info","message":"GET /api/courses/657108870587a10d0335886d/enrolled-students","service":"user-service"}
{"level":"info","message":"GET /api/courses/657110240587a10d03358889/enrolled-students","service":"user-service"}
{"level":"info","message":"GET /api/courses/669594f81aca8692e9413b1b/enrolled-students","service":"user-service"}
{"level":"info","message":"GET /api/courses/669594f81aca8692e9413b1b/enrolled-students","service":"user-service"}
{"level":"info","message":"GET /api/courses/657110240587a10d03358889/enrolled-students","service":"user-service"}
{"level":"info","message":"GET /api/courses/65544172a5b4d5b1cf9627b4/enrolled-students","service":"user-service"}
{"level":"info","message":"DELETE /api/courses/6567d7fe42c0b0956e8665c9","service":"user-service"}
{"level":"info","message":"GET /api/modules/course/657108870587a10d0335886d","service":"user-service"}
{"level":"info","message":"GET /api/modules/course/657108870587a10d0335886d","service":"user-service"}
{"level":"info","message":"GET /api/modules/course/657108870587a10d0335886d","service":"user-service"}
{"level":"info","message":"GET /api/courses/user/654e891cdac9bec66de4cf83/enrolled","service":"user-service"}
{"level":"info","message":"GET /api/courses/user/654e891cdac9bec66de4cf83/enrolled","service":"user-service"}
{"level":"info","message":"GET /api/courses","service":"user-service"}
{"level":"info","message":"GET /api/courses","service":"user-service"}
{"level":"info","message":"GET /api/courses/657108870587a10d0335886d/enrolled-students","service":"user-service"}
{"level":"info","message":"GET /api/courses/65544172a5b4d5b1cf9627b4/enrolled-students","service":"user-service"}
{"level":"info","message":"GET /api/courses/657110240587a10d03358889/enrolled-students","service":"user-service"}
{"level":"info","message":"GET /api/courses/669594f81aca8692e9413b1b/enrolled-students","service":"user-service"}
{"level":"info","message":"GET /api/courses/65544172a5b4d5b1cf9627b4/enrolled-students","service":"user-service"}
{"level":"info","message":"GET /api/courses/657108870587a10d0335886d/enrolled-students","service":"user-service"}
{"level":"info","message":"GET /api/courses/657110240587a10d03358889/enrolled-students","service":"user-service"}
{"level":"info","message":"GET /api/courses/669594f81aca8692e9413b1b/enrolled-students","service":"user-service"}
{"level":"info","message":"DELETE /api/courses/657108870587a10d0335886d","service":"user-service"}
{"level":"info","message":"DELETE /api/courses/657110240587a10d03358889","service":"user-service"}
{"level":"info","message":"GET /api/modules/course/65544172a5b4d5b1cf9627b4","service":"user-service"}
{"level":"info","message":"GET /api/modules/course/65544172a5b4d5b1cf9627b4","service":"user-service"}
{"level":"info","message":"GET /api/modules/course/65544172a5b4d5b1cf9627b4","service":"user-service"}
{"level":"info","message":"GET /api/courses/user/654e891cdac9bec66de4cf83/enrolled","service":"user-service"}
{"level":"info","message":"GET /api/courses/user/654e891cdac9bec66de4cf83/enrolled","service":"user-service"}
{"level":"info","message":"GET /api/courses","service":"user-service"}
{"level":"info","message":"GET /api/courses","service":"user-service"}
{"level":"info","message":"GET /api/courses/669594f81aca8692e9413b1b/enrolled-students","service":"user-service"}
{"level":"info","message":"GET /api/courses/65544172a5b4d5b1cf9627b4/enrolled-students","service":"user-service"}
{"level":"info","message":"GET /api/courses/65544172a5b4d5b1cf9627b4/enrolled-students","service":"user-service"}
{"level":"info","message":"GET /api/courses/669594f81aca8692e9413b1b/enrolled-students","service":"user-service"}
{"level":"info","message":"GET /api/modules/course/669594f81aca8692e9413b1b","service":"user-service"}
{"level":"info","message":"GET /api/modules/course/669594f81aca8692e9413b1b","service":"user-service"}
{"level":"info","message":"GET /api/modules/course/669594f81aca8692e9413b1b","service":"user-service"}
{"level":"info","message":"GET /api/modules/course/669594f81aca8692e9413b1b","service":"user-service"}
{"level":"info","message":"POST /api/modules","service":"user-service"}
{"level":"info","message":"GET /api/courses","service":"user-service"}
{"level":"info","message":"GET /api/courses","service":"user-service"}
{"level":"info","message":"GET /api/courses/65544172a5b4d5b1cf9627b4/enrolled-students","service":"user-service"}
{"level":"info","message":"GET /api/courses/669594f81aca8692e9413b1b/enrolled-students","service":"user-service"}
{"level":"info","message":"GET /api/courses/65544172a5b4d5b1cf9627b4/enrolled-students","service":"user-service"}
{"level":"info","message":"GET /api/courses/669594f81aca8692e9413b1b/enrolled-students","service":"user-service"}
{"level":"info","message":"PATCH /api/courses/669594f81aca8692e9413b1b","service":"user-service"}
{"level":"info","message":"GET /api/modules/course/65544172a5b4d5b1cf9627b4","service":"user-service"}
{"level":"info","message":"GET /api/modules/course/65544172a5b4d5b1cf9627b4","service":"user-service"}
{"level":"info","message":"GET /api/modules/course/65544172a5b4d5b1cf9627b4","service":"user-service"}
{"level":"info","message":"GET /api/modules/course/65544172a5b4d5b1cf9627b4","service":"user-service"}
{"level":"info","message":"GET /api/courses","service":"user-service"}
{"level":"info","message":"GET /api/courses/65544172a5b4d5b1cf9627b4/enrolled-students","service":"user-service"}
{"level":"info","message":"GET /api/courses/669594f81aca8692e9413b1b/enrolled-students","service":"user-service"}
{"level":"info","message":"GET /api/modules/course/669594f81aca8692e9413b1b","service":"user-service"}
{"level":"info","message":"GET /api/modules/course/669594f81aca8692e9413b1b","service":"user-service"}
{"level":"info","message":"GET /api/modules/course/669594f81aca8692e9413b1b","service":"user-service"}
{"level":"info","message":"GET /api/courses/user/654e891cdac9bec66de4cf83/enrolled","service":"user-service"}
{"level":"info","message":"GET /api/courses","service":"user-service"}
{"level":"info","message":"GET /api/courses","service":"user-service"}
{"level":"info","message":"GET /api/courses/65544172a5b4d5b1cf9627b4/enrolled-students","service":"user-service"}
{"level":"info","message":"GET /api/courses/669594f81aca8692e9413b1b/enrolled-students","service":"user-service"}
{"level":"info","message":"GET /api/courses/65544172a5b4d5b1cf9627b4/enrolled-students","service":"user-service"}
{"level":"info","message":"GET /api/courses/669594f81aca8692e9413b1b/enrolled-students","service":"user-service"}
{"level":"info","message":"GET /api/modules/course/669594f81aca8692e9413b1b","service":"user-service"}
{"level":"info","message":"GET /api/modules/course/669594f81aca8692e9413b1b","service":"user-service"}
{"level":"info","message":"GET /api/modules/course/669594f81aca8692e9413b1b","service":"user-service"}
{"level":"info","message":"GET /api/modules/course/669594f81aca8692e9413b1b","service":"user-service"}
{"level":"info","message":"GET /api/modules/course/669594f81aca8692e9413b1b","service":"user-service"}
{"level":"info","message":"GET /api/modules/course/669594f81aca8692e9413b1b","service":"user-service"}
{"level":"info","message":"GET /api/modules/course/669594f81aca8692e9413b1b","service":"user-service"}
{"level":"info","message":"GET /api/modules/course/669594f81aca8692e9413b1b","service":"user-service"}
{"level":"info","message":"GET /api/modules/course/669594f81aca8692e9413b1b","service":"user-service"}
{"level":"info","message":"GET /api/modules/course/669594f81aca8692e9413b1b","service":"user-service"}
{"level":"info","message":"GET /api/courses/669594f81aca8692e9413b1b","service":"user-service"}
{"level":"info","message":"GET /api/modules/course/669594f81aca8692e9413b1b","service":"user-service"}
{"level":"info","message":"GET /api/modules/course/669594f81aca8692e9413b1b","service":"user-service"}
{"level":"info","message":"GET /api/modules/course/669594f81aca8692e9413b1b","service":"user-service"}
{"level":"info","message":"GET /api/modules/course/669594f81aca8692e9413b1b","service":"user-service"}
{"level":"info","message":"GET /api/courses/669594f81aca8692e9413b1b","service":"user-service"}
{"level":"info","message":"GET /api/courses/669594f81aca8692e9413b1b","service":"user-service"}
{"level":"info","message":"GET /api/modules/course/669594f81aca8692e9413b1b","service":"user-service"}
{"level":"info","message":"GET /api/modules/course/669594f81aca8692e9413b1b","service":"user-service"}
{"level":"info","message":"GET /api/modules/course/669594f81aca8692e9413b1b","service":"user-service"}
{"level":"info","message":"GET /api/modules/course/669594f81aca8692e9413b1b","service":"user-service"}
{"level":"info","message":"GET /api/courses","service":"user-service"}
{"level":"info","message":"GET /api/courses/65544172a5b4d5b1cf9627b4/enrolled-students","service":"user-service"}
{"level":"info","message":"GET /api/courses/669594f81aca8692e9413b1b/enrolled-students","service":"user-service"}
{"level":"info","message":"GET /api/courses/65544172a5b4d5b1cf9627b4","service":"user-service"}
{"level":"info","message":"GET /api/modules/course/65544172a5b4d5b1cf9627b4","service":"user-service"}
{"level":"info","message":"GET /api/modules/course/65544172a5b4d5b1cf9627b4","service":"user-service"}
{"level":"info","message":"GET /api/modules/course/65544172a5b4d5b1cf9627b4","service":"user-service"}
{"level":"info","message":"DELETE /api/modules/6567e63242c0b0956e866623","service":"user-service"}
{"level":"info","message":"DELETE /api/modules/657110790587a10d0335888f","service":"user-service"}
{"level":"info","message":"DELETE /api/modules/657146fc85db6373174d4d22","service":"user-service"}
{"level":"info","message":"GET /api/modules/course/65544172a5b4d5b1cf9627b4","service":"user-service"}
{"level":"info","message":"GET /api/courses/65544172a5b4d5b1cf9627b4","service":"user-service"}
{"level":"info","message":"GET /api/modules/course/65544172a5b4d5b1cf9627b4","service":"user-service"}
{"level":"info","message":"GET /api/modules/course/65544172a5b4d5b1cf9627b4","service":"user-service"}
{"level":"info","message":"GET /api/modules/course/65544172a5b4d5b1cf9627b4","service":"user-service"}
{"level":"info","message":"GET /api/courses/65544172a5b4d5b1cf9627b4","service":"user-service"}
{"level":"info","message":"GET /api/courses/65544172a5b4d5b1cf9627b4","service":"user-service"}
{"level":"info","message":"GET /api/modules/course/65544172a5b4d5b1cf9627b4","service":"user-service"}
{"level":"info","message":"GET /api/modules/course/65544172a5b4d5b1cf9627b4","service":"user-service"}
{"level":"info","message":"GET /api/courses","service":"user-service"}
{"level":"info","message":"GET /api/courses","service":"user-service"}
{"level":"info","message":"GET /api/courses/65544172a5b4d5b1cf9627b4/enrolled-students","service":"user-service"}
{"level":"info","message":"GET /api/courses/669594f81aca8692e9413b1b/enrolled-students","service":"user-service"}
{"level":"info","message":"GET /api/courses/65544172a5b4d5b1cf9627b4/enrolled-students","service":"user-service"}
{"level":"info","message":"GET /api/courses/669594f81aca8692e9413b1b/enrolled-students","service":"user-service"}
{"level":"info","message":"GET /api/modules/course/669594f81aca8692e9413b1b","service":"user-service"}
{"level":"info","message":"GET /api/courses/669594f81aca8692e9413b1b","service":"user-service"}
{"level":"info","message":"GET /api/modules/course/669594f81aca8692e9413b1b","service":"user-service"}
{"level":"info","message":"GET /api/modules/course/669594f81aca8692e9413b1b","service":"user-service"}
{"level":"info","message":"GET /api/courses/669594f81aca8692e9413b1b","service":"user-service"}
{"level":"info","message":"GET /api/modules/course/669594f81aca8692e9413b1b","service":"user-service"}
{"level":"info","message":"GET /api/modules/course/669594f81aca8692e9413b1b","service":"user-service"}
{"level":"info","message":"GET /api/modules/course/669594f81aca8692e9413b1b","service":"user-service"}
{"level":"info","message":"GET /api/courses/669594f81aca8692e9413b1b","service":"user-service"}
{"level":"info","message":"GET /api/courses/669594f81aca8692e9413b1b","service":"user-service"}
{"level":"info","message":"GET /api/modules/course/669594f81aca8692e9413b1b","service":"user-service"}
{"level":"info","message":"GET /api/modules/course/669594f81aca8692e9413b1b","service":"user-service"}
{"level":"info","message":"GET /api/modules/course/669594f81aca8692e9413b1b","service":"user-service"}
{"level":"info","message":"GET /api/modules/course/669594f81aca8692e9413b1b","service":"user-service"}
{"level":"info","message":"GET /api/courses","service":"user-service"}
{"level":"info","message":"GET /api/courses","service":"user-service"}
{"level":"info","message":"GET /api/courses/65544172a5b4d5b1cf9627b4/enrolled-students","service":"user-service"}
{"level":"info","message":"GET /api/courses/669594f81aca8692e9413b1b/enrolled-students","service":"user-service"}
{"level":"info","message":"GET /api/courses/669594f81aca8692e9413b1b/enrolled-students","service":"user-service"}
{"level":"info","message":"GET /api/courses/65544172a5b4d5b1cf9627b4/enrolled-students","service":"user-service"}
{"level":"info","message":"PATCH /api/courses/65544172a5b4d5b1cf9627b4","service":"user-service"}
{"level":"info","message":"GET /api/courses/65544172a5b4d5b1cf9627b4","service":"user-service"}
{"level":"info","message":"GET /api/modules/course/65544172a5b4d5b1cf9627b4","service":"user-service"}
{"level":"info","message":"GET /api/modules/course/65544172a5b4d5b1cf9627b4","service":"user-service"}
{"level":"info","message":"GET /api/modules/course/65544172a5b4d5b1cf9627b4","service":"user-service"}
{"level":"info","message":"GET /api/modules/course/65544172a5b4d5b1cf9627b4","service":"user-service"}
{"level":"info","message":"DELETE /api/modules/6554418ba5b4d5b1cf9627ba","service":"user-service"}
{"level":"info","message":"POST /api/modules","service":"user-service"}
{"level":"info","message":"GET /api/courses","service":"user-service"}
{"level":"info","message":"GET /api/courses/65544172a5b4d5b1cf9627b4/enrolled-students","service":"user-service"}
{"level":"info","message":"GET /api/courses/669594f81aca8692e9413b1b/enrolled-students","service":"user-service"}
{"level":"info","message":"GET /api/modules/course/669594f81aca8692e9413b1b","service":"user-service"}
{"level":"info","message":"GET /api/modules/course/669594f81aca8692e9413b1b","service":"user-service"}
{"level":"info","message":"GET /api/modules/course/669594f81aca8692e9413b1b","service":"user-service"}
{"level":"info","message":"GET /api/courses/669594f81aca8692e9413b1b","service":"user-service"}
{"level":"info","message":"GET /api/modules/course/669594f81aca8692e9413b1b","service":"user-service"}
{"level":"info","message":"GET /api/modules/course/669594f81aca8692e9413b1b","service":"user-service"}
{"level":"info","message":"GET /api/courses/669594f81aca8692e9413b1b","service":"user-service"}
{"level":"info","message":"GET /api/modules/course/669594f81aca8692e9413b1b","service":"user-service"}
{"level":"info","message":"GET /api/modules/course/669594f81aca8692e9413b1b","service":"user-service"}
{"level":"info","message":"GET /api/modules/course/669594f81aca8692e9413b1b","service":"user-service"}
{"level":"info","message":"GET /api/courses/65544172a5b4d5b1cf9627b4","service":"user-service"}
{"level":"info","message":"GET /api/modules/course/65544172a5b4d5b1cf9627b4","service":"user-service"}
{"level":"info","message":"GET /api/modules/course/65544172a5b4d5b1cf9627b4","service":"user-service"}
{"level":"info","message":"GET /api/modules/course/65544172a5b4d5b1cf9627b4","service":"user-service"}
{"level":"info","message":"GET /api/courses","service":"user-service"}
{"level":"info","message":"GET /api/courses/65544172a5b4d5b1cf9627b4/enrolled-students","service":"user-service"}
{"level":"info","message":"GET /api/courses/669594f81aca8692e9413b1b/enrolled-students","service":"user-service"}
{"level":"info","message":"GET /api/courses/669594f81aca8692e9413b1b","service":"user-service"}
{"level":"info","message":"GET /api/modules/course/669594f81aca8692e9413b1b","service":"user-service"}
{"level":"info","message":"GET /api/modules/course/669594f81aca8692e9413b1b","service":"user-service"}
{"level":"info","message":"GET /api/modules/course/669594f81aca8692e9413b1b","service":"user-service"}
{"level":"info","message":"GET /api/courses/user/654e891cdac9bec66de4cf83/enrolled","service":"user-service"}
{"level":"info","message":"GET /api/users","service":"user-service"}
{"level":"info","message":"GET /api/courses/user/654e891cdac9bec66de4cf83/enrolled","service":"user-service"}
{"level":"info","message":"GET /api/courses/user/654e891cdac9bec66de4cf83/enrolled","service":"user-service"}
{"level":"info","message":"GET /api/users","service":"user-service"}
{"level":"info","message":"GET /api/users","service":"user-service"}
{"level":"info","message":"GET /api/courses/user/654e891cdac9bec66de4cf83/enrolled","service":"user-service"}
{"level":"info","message":"GET /api/courses/user/654e891cdac9bec66de4cf83/enrolled","service":"user-service"}
{"level":"info","message":"GET /api/courses/user/654e891cdac9bec66de4cf83/enrolled","service":"user-service"}
{"level":"info","message":"Hello world","service":"user-service"}
{"level":"error","message":"Error message","service":"user-service"}
{"level":"info","message":"Server is running on port 5001","service":"user-service"}
{"level":"info","message":"GET /api/courses","service":"user-service"}
{"level":"info","message":"GET /api/courses/65544172a5b4d5b1cf9627b4/enrolled-students","service":"user-service"}
{"level":"info","message":"GET /api/courses/669594f81aca8692e9413b1b/enrolled-students","service":"user-service"}
{"level":"info","message":"GET /api/courses/669594f81aca8692e9413b1b","service":"user-service"}
{"level":"info","message":"GET /api/modules/course/669594f81aca8692e9413b1b","service":"user-service"}
{"level":"info","message":"GET /api/modules/course/669594f81aca8692e9413b1b","service":"user-service"}
{"level":"info","message":"GET /api/modules/course/669594f81aca8692e9413b1b","service":"user-service"}
{"level":"info","message":"GET /api/courses","service":"user-service"}
{"level":"info","message":"GET /api/courses","service":"user-service"}
{"level":"info","message":"GET /api/courses/65544172a5b4d5b1cf9627b4/enrolled-students","service":"user-service"}
{"level":"info","message":"GET /api/courses/669594f81aca8692e9413b1b/enrolled-students","service":"user-service"}
{"level":"info","message":"GET /api/courses/65544172a5b4d5b1cf9627b4/enrolled-students","service":"user-service"}
{"level":"info","message":"GET /api/courses/669594f81aca8692e9413b1b/enrolled-students","service":"user-service"}
{"level":"info","message":"GET /api/courses/65544172a5b4d5b1cf9627b4","service":"user-service"}
{"level":"info","message":"GET /api/modules/course/65544172a5b4d5b1cf9627b4","service":"user-service"}
{"level":"info","message":"GET /api/modules/course/65544172a5b4d5b1cf9627b4","service":"user-service"}
{"level":"info","message":"GET /api/modules/course/65544172a5b4d5b1cf9627b4","service":"user-service"}
{"level":"info","message":"POST /api/modules","service":"user-service"}
{"level":"info","message":"GET /api/courses","service":"user-service"}
{"level":"info","message":"GET /api/courses","service":"user-service"}
{"level":"info","message":"GET /api/courses/65544172a5b4d5b1cf9627b4/enrolled-students","service":"user-service"}
{"level":"info","message":"GET /api/courses/669594f81aca8692e9413b1b/enrolled-students","service":"user-service"}
{"level":"info","message":"GET /api/courses/65544172a5b4d5b1cf9627b4/enrolled-students","service":"user-service"}
{"level":"info","message":"GET /api/courses/669594f81aca8692e9413b1b/enrolled-students","service":"user-service"}
{"level":"info","message":"GET /api/courses/user/654e891cdac9bec66de4cf83/enrolled","service":"user-service"}
{"level":"info","message":"GET /api/courses","service":"user-service"}
{"level":"info","message":"GET /api/courses/65544172a5b4d5b1cf9627b4/enrolled-students","service":"user-service"}
{"level":"info","message":"GET /api/courses/669594f81aca8692e9413b1b/enrolled-students","service":"user-service"}
{"level":"info","message":"GET /api/courses/65544172a5b4d5b1cf9627b4","service":"user-service"}
{"level":"info","message":"GET /api/modules/course/65544172a5b4d5b1cf9627b4","service":"user-service"}
{"level":"info","message":"GET /api/modules/course/65544172a5b4d5b1cf9627b4","service":"user-service"}
{"level":"info","message":"GET /api/modules/course/65544172a5b4d5b1cf9627b4","service":"user-service"}
{"level":"info","message":"GET /api/modules/course/65544172a5b4d5b1cf9627b4","service":"user-service"}
{"level":"info","message":"GET /api/modules/course/65544172a5b4d5b1cf9627b4","service":"user-service"}
{"level":"info","message":"GET /api/modules/course/65544172a5b4d5b1cf9627b4","service":"user-service"}
{"level":"info","message":"GET /api/courses/user/654e891cdac9bec66de4cf83/enrolled","service":"user-service"}
{"level":"info","message":"GET /api/courses","service":"user-service"}
{"level":"info","message":"GET /api/courses/65544172a5b4d5b1cf9627b4/enrolled-students","service":"user-service"}
{"level":"info","message":"GET /api/courses/669594f81aca8692e9413b1b/enrolled-students","service":"user-service"}
{"level":"info","message":"GET /api/modules/course/669594f81aca8692e9413b1b","service":"user-service"}
{"level":"info","message":"GET /api/modules/course/669594f81aca8692e9413b1b","service":"user-service"}
{"level":"info","message":"GET /api/modules/course/669594f81aca8692e9413b1b","service":"user-service"}
{"level":"info","message":"Hello world","service":"user-service"}
{"level":"error","message":"Error message","service":"user-service"}
{"level":"info","message":"Server is running on port 5001","service":"user-service"}
{"level":"info","message":"Hello world","service":"user-service"}
{"level":"error","message":"Error message","service":"user-service"}
{"level":"info","message":"Server is running on port 5001","service":"user-service"}
{"level":"info","message":"GET /api/courses/user/654e891cdac9bec66de4cf83/enrolled","service":"user-service"}
{"level":"info","message":"POST /api/auth/register","service":"user-service"}
{"email":"12345@1234.com","level":"info","message":"Register endpoint hit","password":"123","phoneNumber":"123","role":"student","service":"user-service","username":"ssssssssss"}
{"level":"info","message":"POST /api/auth/login","service":"user-service"}
{"email":"12345@12345.com","level":"info","message":"Login endpoint hit","service":"user-service"}
{"email":"12345@12345.com","level":"error","message":"User not found","service":"user-service"}
{"level":"info","message":"POST /api/auth/login","service":"user-service"}
{"email":"12345@12345.com","level":"info","message":"Login endpoint hit","service":"user-service"}
{"email":"12345@12345.com","level":"error","message":"User not found","service":"user-service"}
{"level":"info","message":"POST /api/auth/login","service":"user-service"}
{"email":"12345@12345.com","level":"info","message":"Login endpoint hit","service":"user-service"}
{"email":"12345@12345.com","level":"error","message":"User not found","service":"user-service"}
{"level":"info","message":"POST /api/auth/register","service":"user-service"}
{"email":"12345@123456.com","level":"info","message":"Register endpoint hit","password":"123","phoneNumber":"","role":"student","service":"user-service","username":"rickywwwwwwww"}
{"level":"info","message":"POST /api/auth/login","service":"user-service"}
{"email":"12345@123456.com","level":"info","message":"Login endpoint hit","service":"user-service"}
{"email":"12345@123456.com","level":"info","message":"Password matches","service":"user-service"}
{"email":"12345@123456.com","level":"info","message":"JWT token generated","service":"user-service","token":"eyJhbGciOiJIUzI1NiIsInR5cCI6IkpXVCJ9.eyJlbWFpbCI6IjEyMzQ1QDEyMzQ1Ni5jb20iLCJpZCI6IjY2OTlhOWMzZmQwZTA4ODZhMjQ4NTE0NSIsInJvbGUiOiJzdHVkZW50IiwiaWF0IjoxNzIxMzQ2NTA0LCJleHAiOjE3MjEzNTAxMDR9.6YXUPDWCGqld1tDskX1KeuCf4uYr__mVwfXsQsGSZjk"}
{"level":"info","message":"GET /api/courses/user/6699a9c3fd0e0886a2485145/enrolled","service":"user-service"}
{"level":"info","message":"GET /api/courses/user/6699a9c3fd0e0886a2485145/enrolled","service":"user-service"}
{"level":"info","message":"GET /api/courses/user/6699a9c3fd0e0886a2485145/enrolled","service":"user-service"}
{"level":"info","message":"GET /api/courses/user/6699a9c3fd0e0886a2485145/enrolled","service":"user-service"}
{"level":"info","message":"Hello world","service":"user-service"}
{"level":"error","message":"Error message","service":"user-service"}
{"level":"info","message":"Server is running on port 5001","service":"user-service"}
{"level":"info","message":"GET /api/courses/user/6699a9c3fd0e0886a2485145/enrolled","service":"user-service"}
{"level":"info","message":"GET /api/courses/user/6699a9c3fd0e0886a2485145/enrolled","service":"user-service"}
{"level":"info","message":"GET /api/courses","service":"user-service"}
{"level":"info","message":"GET /api/courses/65544172a5b4d5b1cf9627b4/enrolled-students","service":"user-service"}
{"level":"info","message":"GET /api/courses/669594f81aca8692e9413b1b/enrolled-students","service":"user-service"}
{"level":"info","message":"GET /api/courses/user/6699a9c3fd0e0886a2485145/enrolled","service":"user-service"}
{"level":"info","message":"GET /api/courses/user/6699a9c3fd0e0886a2485145/enrolled","service":"user-service"}
{"level":"info","message":"GET /api/courses/user/6699a9c3fd0e0886a2485145/enrolled","service":"user-service"}
{"level":"info","message":"GET /api/users/rank/6699a9c3fd0e0886a2485145","service":"user-service"}
{"level":"info","message":"GET /api/courses/user/6699a9c3fd0e0886a2485145/enrolled","service":"user-service"}
{"level":"info","message":"GET /api/users/rank/6699a9c3fd0e0886a2485145","service":"user-service"}
{"level":"info","message":"GET /api/courses/user/6699a9c3fd0e0886a2485145/enrolled","service":"user-service"}
{"level":"info","message":"Hello world","service":"user-service"}
{"level":"error","message":"Error message","service":"user-service"}
{"level":"info","message":"Server is running on port 5001","service":"user-service"}
{"level":"info","message":"GET /api/courses/user/6699a9c3fd0e0886a2485145/enrolled","service":"user-service"}
{"level":"info","message":"GET /api/users/rank/6699a9c3fd0e0886a2485145","service":"user-service"}
{"level":"info","message":"POST /api/auth/register","service":"user-service"}
{"email":"xijun@xijun.com","level":"info","message":"Register endpoint hit","password":"123","phoneNumber":"","role":"student","service":"user-service","username":"sibowu"}
{"error":"E11000 duplicate key error collection: test.users index: username_1 dup key: { username: \"sibowu\" }","level":"error","message":"Error registering new user","service":"user-service"}
{"level":"info","message":"POST /api/auth/register","service":"user-service"}
{"email":"xijun@xijun.com","level":"info","message":"Register endpoint hit","password":"123","phoneNumber":"","role":"student","service":"user-service","username":"sibowu"}
{"error":"E11000 duplicate key error collection: test.users index: username_1 dup key: { username: \"sibowu\" }","level":"error","message":"Error registering new user","service":"user-service"}
{"level":"info","message":"POST /api/auth/register","service":"user-service"}
{"email":"xijun@xijun.com","level":"info","message":"Register endpoint hit","password":"123","phoneNumber":"","role":"student","service":"user-service","username":"sibowu"}
{"error":"E11000 duplicate key error collection: test.users index: username_1 dup key: { username: \"sibowu\" }","level":"error","message":"Error registering new user","service":"user-service"}
{"level":"info","message":"POST /api/auth/register","service":"user-service"}
{"email":"xijun@xijun.com","level":"info","message":"Register endpoint hit","password":"123","phoneNumber":"","role":"student","service":"user-service","username":"sibowu12121"}
{"level":"info","message":"POST /api/auth/login","service":"user-service"}
{"email":"xijun@xijun.com","level":"info","message":"Login endpoint hit","service":"user-service"}
{"email":"xijun@xijun.com","level":"info","message":"Password matches","service":"user-service"}
{"email":"xijun@xijun.com","level":"info","message":"JWT token generated","service":"user-service","token":"eyJhbGciOiJIUzI1NiIsInR5cCI6IkpXVCJ9.eyJlbWFpbCI6InhpanVuQHhpanVuLmNvbSIsImlkIjoiNjY5YjgyMjM1ZjI1ZDk5YjY0MDNlZDNkIiwicm9sZSI6InN0dWRlbnQiLCJpYXQiOjE3MjE0Njc0MzUsImV4cCI6MTcyMTQ3MTAzNX0.2DGv6yj5CRuahzFNXoTSzgvXrI_i9MMla1tMPBb27GY"}
{"level":"info","message":"GET /api/users/rank/669b82235f25d99b6403ed3d","service":"user-service"}
{"level":"info","message":"GET /api/courses/user/669b82235f25d99b6403ed3d/enrolled","service":"user-service"}
{"level":"info","message":"Hello world","service":"user-service"}
{"level":"error","message":"Error message","service":"user-service"}
{"level":"info","message":"Server is running on port 5001","service":"user-service"}
{"level":"info","message":"GET /api/rank/669b82235f25d99b6403ed3d","service":"user-service"}
{"level":"info","message":"GET /api/courses/user/669b82235f25d99b6403ed3d/enrolled","service":"user-service"}
{"level":"info","message":"GET /api/courses/user/669b82235f25d99b6403ed3d/enrolled","service":"user-service"}
{"level":"info","message":"GET /api/rank/669b82235f25d99b6403ed3d","service":"user-service"}
{"level":"info","message":"GET /api/courses/user/669b82235f25d99b6403ed3d/enrolled","service":"user-service"}
{"level":"info","message":"GET /api/rank/669b82235f25d99b6403ed3d","service":"user-service"}
{"level":"info","message":"GET /api/rank/669b82235f25d99b6403ed3d","service":"user-service"}
{"level":"info","message":"GET /api/courses/user/669b82235f25d99b6403ed3d/enrolled","service":"user-service"}
{"level":"info","message":"GET /api/rank/669b82235f25d99b6403ed3d","service":"user-service"}
{"level":"info","message":"GET /api/courses/user/669b82235f25d99b6403ed3d/enrolled","service":"user-service"}
{"level":"info","message":"GET /api/rank/669b82235f25d99b6403ed3d","service":"user-service"}
{"level":"info","message":"GET /api/courses/user/669b82235f25d99b6403ed3d/enrolled","service":"user-service"}
{"level":"info","message":"GET /api/rank/669b82235f25d99b6403ed3d","service":"user-service"}
{"level":"info","message":"GET /api/courses/user/669b82235f25d99b6403ed3d/enrolled","service":"user-service"}
{"level":"info","message":"GET /api/rank/669b82235f25d99b6403ed3d","service":"user-service"}
{"level":"info","message":"GET /api/courses/user/669b82235f25d99b6403ed3d/enrolled","service":"user-service"}
{"level":"info","message":"GET /api/courses/user/669b82235f25d99b6403ed3d/enrolled","service":"user-service"}
{"level":"info","message":"GET /api/rank/669b82235f25d99b6403ed3d","service":"user-service"}
{"level":"info","message":"GET /api/rank/669b82235f25d99b6403ed3d","service":"user-service"}
{"level":"info","message":"GET /api/courses/user/669b82235f25d99b6403ed3d/enrolled","service":"user-service"}
{"level":"info","message":"GET /api/rank/669b82235f25d99b6403ed3d","service":"user-service"}
{"level":"info","message":"GET /api/courses/user/669b82235f25d99b6403ed3d/enrolled","service":"user-service"}
{"level":"info","message":"GET /api/courses/user/669b82235f25d99b6403ed3d/enrolled","service":"user-service"}
{"level":"info","message":"GET /api/rank/669b82235f25d99b6403ed3d","service":"user-service"}
{"level":"info","message":"GET /api/courses/user/669b82235f25d99b6403ed3d/enrolled","service":"user-service"}
{"level":"info","message":"GET /api/rank/669b82235f25d99b6403ed3d","service":"user-service"}
{"level":"info","message":"GET /api/rank/669b82235f25d99b6403ed3d","service":"user-service"}
{"level":"info","message":"GET /api/courses/user/669b82235f25d99b6403ed3d/enrolled","service":"user-service"}
{"level":"info","message":"GET /api/rank/669b82235f25d99b6403ed3d","service":"user-service"}
{"level":"info","message":"GET /api/courses/user/669b82235f25d99b6403ed3d/enrolled","service":"user-service"}
{"level":"info","message":"GET /api/rank/669b82235f25d99b6403ed3d","service":"user-service"}
{"level":"info","message":"GET /api/courses/user/669b82235f25d99b6403ed3d/enrolled","service":"user-service"}
{"level":"info","message":"GET /api/rank/669b82235f25d99b6403ed3d","service":"user-service"}
{"level":"info","message":"GET /api/courses/user/669b82235f25d99b6403ed3d/enrolled","service":"user-service"}
{"level":"info","message":"GET /api/rank/669b82235f25d99b6403ed3d","service":"user-service"}
{"level":"info","message":"GET /api/courses/user/669b82235f25d99b6403ed3d/enrolled","service":"user-service"}
{"level":"info","message":"GET /api/rank/669b82235f25d99b6403ed3d","service":"user-service"}
{"level":"info","message":"GET /api/courses/user/669b82235f25d99b6403ed3d/enrolled","service":"user-service"}
{"level":"info","message":"GET /api/rank/669b82235f25d99b6403ed3d","service":"user-service"}
{"level":"info","message":"GET /api/courses/user/669b82235f25d99b6403ed3d/enrolled","service":"user-service"}
{"level":"info","message":"GET /api/rank/669b82235f25d99b6403ed3d","service":"user-service"}
{"level":"info","message":"GET /api/courses/user/669b82235f25d99b6403ed3d/enrolled","service":"user-service"}
{"level":"info","message":"Hello world","service":"user-service"}
{"level":"error","message":"Error message","service":"user-service"}
{"level":"info","message":"Server is running on port 5001","service":"user-service"}
{"level":"info","message":"GET /api/chess/ai/health","service":"user-service"}
{"level":"info","message":"GET /api/chess/ai/health","service":"user-service"}
{"level":"info","message":"GET /api/chess/ai/health","service":"user-service"}
{"level":"info","message":"GET /api/chess/ai/health","service":"user-service"}
{"level":"info","message":"POST /api/chess/ai/best-move","service":"user-service"}
{"level":"info","message":"POST /api/chess/ai/analyze","service":"user-service"}
{"level":"info","message":"POST /api/chess/ai/best-move","service":"user-service"}
{"level":"info","message":"POST /api/chess/ai/analyze","service":"user-service"}
{"level":"info","message":"GET /api/chess/ai/health","service":"user-service"}
{"level":"info","message":"GET /api/chess/ai/health","service":"user-service"}
{"level":"info","message":"GET /api/chess/ai/health","service":"user-service"}
{"level":"info","message":"GET /api/chess/ai/health","service":"user-service"}
{"level":"info","message":"GET /api/chess/ai/health","service":"user-service"}
{"level":"info","message":"GET /api/chess/ai/health","service":"user-service"}
{"level":"info","message":"POST /api/chess/ai/best-move","service":"user-service"}
{"level":"info","message":"POST /api/chess/ai/analyze","service":"user-service"}
{"level":"info","message":"POST /api/chess/ai/best-move","service":"user-service"}
{"level":"info","message":"POST /api/chess/ai/analyze","service":"user-service"}
{"level":"info","message":"POST /api/chess/ai/best-move","service":"user-service"}
{"level":"info","message":"GET /api/courses","service":"user-service"}
{"level":"info","message":"GET /api/courses","service":"user-service"}
{"level":"info","message":"GET /api/courses/65544172a5b4d5b1cf9627b4/enrolled-students","service":"user-service"}
{"level":"info","message":"GET /api/courses/66a13abb2ed8bff37f9738e4/enrolled-students","service":"user-service"}
{"level":"info","message":"GET /api/courses/66a13b672ed8bff37f9738f6/enrolled-students","service":"user-service"}
{"level":"info","message":"GET /api/courses/669594f81aca8692e9413b1b/enrolled-students","service":"user-service"}
{"level":"info","message":"GET /api/courses/65544172a5b4d5b1cf9627b4/enrolled-students","service":"user-service"}
{"level":"info","message":"GET /api/courses/66a13abb2ed8bff37f9738e4/enrolled-students","service":"user-service"}
{"level":"info","message":"GET /api/courses/66a13b672ed8bff37f9738f6/enrolled-students","service":"user-service"}
{"level":"info","message":"GET /api/courses/669594f81aca8692e9413b1b/enrolled-students","service":"user-service"}
{"level":"info","message":"GET /api/chess/ai/health","service":"user-service"}
{"level":"info","message":"GET /api/chess/ai/health","service":"user-service"}
{"level":"info","message":"GET /api/player/rickywsb/followers","service":"user-service"}
{"level":"info","message":"GET /api/player/rickywsb/followers","service":"user-service"}
{"level":"info","message":"GET /api/comments/rickywsb","service":"user-service"}
{"level":"info","message":"GET /api/comments/rickywsb","service":"user-service"}
{"level":"info","message":"GET /api/player/rickywsb/followers","service":"user-service"}
{"level":"info","message":"GET /api/player/rickywsb/followers","service":"user-service"}
{"level":"info","message":"GET /api/comments/rickywsb","service":"user-service"}
{"level":"info","message":"GET /api/chess/ai/health","service":"user-service"}
{"level":"info","message":"GET /api/chess/ai/health","service":"user-service"}
{"level":"info","message":"GET /api/comments/rickywsb","service":"user-service"}
{"level":"info","message":"GET /api/chess/ai/health","service":"user-service"}
{"level":"info","message":"GET /api/chess/ai/health","service":"user-service"}
{"level":"info","message":"GET /api/chess/ai/health","service":"user-service"}
{"level":"info","message":"GET /api/chess/ai/health","service":"user-service"}
{"level":"info","message":"GET /api/chess/ai/health","service":"user-service"}
{"level":"info","message":"GET /api/chess/ai/health","service":"user-service"}
{"level":"info","message":"GET /api/chess/ai/health","service":"user-service"}
{"level":"info","message":"GET /api/chess/ai/health","service":"user-service"}
{"level":"info","message":"POST /api/chess/ai/best-move","service":"user-service"}
{"level":"info","message":"POST /api/chess/ai/analyze","service":"user-service"}
{"level":"info","message":"GET /api/chess/ai/health","service":"user-service"}
{"level":"info","message":"GET /api/chess/ai/health","service":"user-service"}
{"level":"info","message":"GET /api/courses","service":"user-service"}
{"level":"info","message":"GET /api/courses","service":"user-service"}
{"level":"info","message":"GET /api/courses/65544172a5b4d5b1cf9627b4/enrolled-students","service":"user-service"}
{"level":"info","message":"GET /api/courses/669594f81aca8692e9413b1b/enrolled-students","service":"user-service"}
{"level":"info","message":"GET /api/courses/66a13abb2ed8bff37f9738e4/enrolled-students","service":"user-service"}
{"level":"info","message":"GET /api/courses/66a13b672ed8bff37f9738f6/enrolled-students","service":"user-service"}
{"level":"info","message":"GET /api/courses/65544172a5b4d5b1cf9627b4/enrolled-students","service":"user-service"}
{"level":"info","message":"GET /api/courses/66a13abb2ed8bff37f9738e4/enrolled-students","service":"user-service"}
{"level":"info","message":"GET /api/courses/66a13b672ed8bff37f9738f6/enrolled-students","service":"user-service"}
{"level":"info","message":"GET /api/courses/669594f81aca8692e9413b1b/enrolled-students","service":"user-service"}
{"level":"info","message":"GET /api/chess/ai/health","service":"user-service"}
{"level":"info","message":"GET /api/chess/ai/health","service":"user-service"}
{"level":"info","message":"POST /api/chess/ai/analyze","service":"user-service"}
{"level":"info","message":"POST /api/chess/ai/analyze","service":"user-service"}
{"level":"info","message":"POST /api/chess/ai/analyze","service":"user-service"}
{"level":"info","message":"POST /api/chess/ai/best-move","service":"user-service"}
{"level":"info","message":"POST /api/chess/ai/best-move","service":"user-service"}
{"level":"info","message":"POST /api/chess/ai/best-move","service":"user-service"}
{"level":"info","message":"POST /api/chess/ai/best-move","service":"user-service"}
{"level":"info","message":"POST /api/chess/ai/best-move","service":"user-service"}
{"level":"info","message":"POST /api/chess/ai/analyze","service":"user-service"}
{"level":"info","message":"POST /api/chess/ai/analyze","service":"user-service"}
{"level":"info","message":"GET /api/chess/ai/health","service":"user-service"}
{"level":"info","message":"GET /api/chess/ai/health","service":"user-service"}
{"level":"info","message":"GET /api/chess/ai/health","service":"user-service"}
{"level":"info","message":"GET /api/chess/ai/health","service":"user-service"}
{"level":"info","message":"GET /api/chess/ai/health","service":"user-service"}
{"level":"info","message":"POST /api/chess/ai/analyze","service":"user-service"}
{"level":"info","message":"POST /api/chess/ai/analyze","service":"user-service"}
{"level":"info","message":"GET /api/chess/ai/health","service":"user-service"}
{"level":"info","message":"GET /api/chess/ai/health","service":"user-service"}
{"level":"info","message":"GET /api/chess/ai/health","service":"user-service"}
{"level":"info","message":"POST /api/chess/ai/analyze","service":"user-service"}
{"level":"info","message":"POST /api/chess/ai/analyze","service":"user-service"}
{"level":"info","message":"GET /api/chess/ai/health","service":"user-service"}
{"level":"info","message":"POST /api/chess/ai/analyze","service":"user-service"}
{"level":"info","message":"GET /api/chess/ai/health","service":"user-service"}
{"level":"info","message":"POST /api/chess/ai/analyze","service":"user-service"}
{"level":"info","message":"GET /api/chess/ai/health","service":"user-service"}
{"level":"info","message":"POST /api/chess/ai/analyze","service":"user-service"}
{"level":"info","message":"GET /api/chess/ai/health","service":"user-service"}
{"level":"info","message":"POST /api/chess/ai/analyze","service":"user-service"}
{"level":"info","message":"POST /api/chess/ai/analyze","service":"user-service"}
{"level":"info","message":"GET /api/chess/ai/health","service":"user-service"}
{"level":"info","message":"POST /api/chess/ai/analyze","service":"user-service"}
{"level":"info","message":"GET /api/chess/ai/health","service":"user-service"}
{"level":"info","message":"POST /api/chess/ai/analyze","service":"user-service"}
{"level":"info","message":"POST /api/chess/ai/analyze","service":"user-service"}
{"level":"info","message":"POST /api/chess/ai/best-move","service":"user-service"}
{"level":"info","message":"POST /api/chess/ai/analyze","service":"user-service"}
{"level":"info","message":"POST /api/chess/ai/analyze","service":"user-service"}
{"level":"info","message":"POST /api/chess/ai/best-move","service":"user-service"}
{"level":"info","message":"POST /api/chess/ai/analyze","service":"user-service"}
{"level":"info","message":"POST /api/chess/ai/analyze","service":"user-service"}
{"level":"info","message":"POST /api/chess/ai/best-move","service":"user-service"}
{"level":"info","message":"POST /api/chess/ai/analyze","service":"user-service"}
{"level":"info","message":"POST /api/chess/ai/analyze","service":"user-service"}
{"level":"info","message":"POST /api/chess/ai/best-move","service":"user-service"}
{"level":"info","message":"POST /api/chess/ai/analyze","service":"user-service"}
{"level":"info","message":"POST /api/chess/ai/analyze","service":"user-service"}
{"level":"info","message":"POST /api/chess/ai/best-move","service":"user-service"}
{"level":"info","message":"POST /api/chess/ai/analyze","service":"user-service"}
{"level":"info","message":"POST /api/chess/ai/analyze","service":"user-service"}
{"level":"info","message":"GET /api/courses","service":"user-service"}
{"level":"info","message":"GET /api/courses","service":"user-service"}
{"level":"info","message":"GET /api/courses/65544172a5b4d5b1cf9627b4/enrolled-students","service":"user-service"}
{"level":"info","message":"GET /api/courses/669594f81aca8692e9413b1b/enrolled-students","service":"user-service"}
{"level":"info","message":"GET /api/courses/66a13abb2ed8bff37f9738e4/enrolled-students","service":"user-service"}
{"level":"info","message":"GET /api/courses/66a13b672ed8bff37f9738f6/enrolled-students","service":"user-service"}
{"level":"info","message":"GET /api/courses/66a13abb2ed8bff37f9738e4/enrolled-students","service":"user-service"}
{"level":"info","message":"GET /api/courses/65544172a5b4d5b1cf9627b4/enrolled-students","service":"user-service"}
{"level":"info","message":"GET /api/courses/669594f81aca8692e9413b1b/enrolled-students","service":"user-service"}
{"level":"info","message":"GET /api/courses/66a13b672ed8bff37f9738f6/enrolled-students","service":"user-service"}
{"level":"info","message":"GET /api/chess/ai/health","service":"user-service"}
{"level":"info","message":"POST /api/chess/ai/analyze","service":"user-service"}
{"level":"info","message":"POST /api/chess/ai/analyze","service":"user-service"}
{"level":"info","message":"GET /api/chess/ai/health","service":"user-service"}
{"level":"info","message":"GET /api/chess/ai/health","service":"user-service"}
{"level":"info","message":"POST /api/chess/ai/analyze","service":"user-service"}
{"level":"info","message":"GET /api/chess/ai/health","service":"user-service"}
{"level":"info","message":"POST /api/chess/ai/analyze","service":"user-service"}
{"level":"info","message":"POST /api/chess/ai/analyze","service":"user-service"}
{"level":"info","message":"GET /api/chess/ai/health","service":"user-service"}
{"level":"info","message":"POST /api/chess/ai/analyze","service":"user-service"}
{"level":"info","message":"GET /api/chess/ai/health","service":"user-service"}
{"level":"info","message":"POST /api/chess/ai/analyze","service":"user-service"}
{"level":"info","message":"POST /api/chess/ai/best-move","service":"user-service"}
{"level":"info","message":"POST /api/chess/ai/analyze","service":"user-service"}
{"level":"info","message":"POST /api/chess/ai/analyze","service":"user-service"}
{"level":"info","message":"POST /api/chess/ai/analyze","service":"user-service"}
{"level":"info","message":"POST /api/chess/ai/best-move","service":"user-service"}
{"level":"info","message":"POST /api/chess/ai/analyze","service":"user-service"}
{"level":"info","message":"POST /api/chess/ai/analyze","service":"user-service"}
{"level":"info","message":"POST /api/chess/ai/best-move","service":"user-service"}
{"level":"info","message":"POST /api/chess/ai/analyze","service":"user-service"}
{"level":"info","message":"POST /api/chess/ai/analyze","service":"user-service"}
{"level":"info","message":"POST /api/chess/ai/best-move","service":"user-service"}
{"level":"info","message":"POST /api/chess/ai/analyze","service":"user-service"}
{"level":"info","message":"POST /api/chess/ai/analyze","service":"user-service"}
{"level":"info","message":"POST /api/chess/ai/best-move","service":"user-service"}
{"level":"info","message":"POST /api/chess/ai/analyze","service":"user-service"}
{"level":"info","message":"GET /api/chess/ai/health","service":"user-service"}
{"level":"info","message":"POST /api/chess/ai/analyze","service":"user-service"}
{"level":"info","message":"POST /api/chess/ai/analyze","service":"user-service"}
{"level":"info","message":"GET /api/chess/ai/health","service":"user-service"}
{"level":"info","message":"GET /api/chess/ai/health","service":"user-service"}
{"level":"info","message":"POST /api/chess/ai/analyze","service":"user-service"}
{"level":"info","message":"POST /api/chess/ai/analyze","service":"user-service"}
{"level":"info","message":"POST /api/chess/ai/analyze","service":"user-service"}
{"level":"info","message":"POST /api/chess/ai/analyze","service":"user-service"}
{"level":"info","message":"GET /api/chess/ai/health","service":"user-service"}
{"level":"info","message":"POST /api/chess/ai/analyze","service":"user-service"}
{"level":"info","message":"GET /api/chess/ai/health","service":"user-service"}
{"level":"info","message":"POST /api/chess/ai/analyze","service":"user-service"}
{"level":"info","message":"POST /api/chess/ai/analyze","service":"user-service"}
{"level":"info","message":"POST /api/chess/ai/best-move","service":"user-service"}
{"level":"info","message":"POST /api/chess/ai/analyze","service":"user-service"}
{"level":"info","message":"POST /api/chess/ai/analyze","service":"user-service"}
{"level":"info","message":"POST /api/chess/ai/best-move","service":"user-service"}
{"level":"info","message":"POST /api/chess/ai/analyze","service":"user-service"}
{"level":"info","message":"GET /api/chess/ai/health","service":"user-service"}
{"level":"info","message":"POST /api/chess/ai/analyze","service":"user-service"}
{"level":"info","message":"POST /api/chess/ai/analyze","service":"user-service"}
{"level":"info","message":"GET /api/chess/ai/health","service":"user-service"}
{"level":"info","message":"GET /api/chess/ai/health","service":"user-service"}
{"level":"info","message":"POST /api/chess/ai/analyze","service":"user-service"}
{"level":"info","message":"POST /api/chess/ai/analyze","service":"user-service"}
{"level":"info","message":"GET /api/chess/ai/health","service":"user-service"}
{"level":"info","message":"GET /api/chess/ai/health","service":"user-service"}
{"level":"info","message":"POST /api/chess/ai/analyze","service":"user-service"}
{"level":"info","message":"GET /api/chess/ai/health","service":"user-service"}
{"level":"info","message":"POST /api/chess/ai/analyze","service":"user-service"}
{"level":"info","message":"POST /api/chess/ai/analyze","service":"user-service"}
{"level":"info","message":"GET /api/chess/ai/health","service":"user-service"}
{"level":"info","message":"POST /api/chess/ai/analyze","service":"user-service"}
{"level":"info","message":"GET /api/chess/ai/health","service":"user-service"}
{"level":"info","message":"GET /api/chess/ai/health","service":"user-service"}
{"level":"info","message":"POST /api/chess/ai/analyze","service":"user-service"}
{"level":"info","message":"POST /api/chess/ai/analyze","service":"user-service"}
{"level":"info","message":"GET /api/chess/ai/health","service":"user-service"}
{"level":"info","message":"POST /api/chess/ai/analyze","service":"user-service"}
{"level":"info","message":"POST /api/chess/ai/best-move","service":"user-service"}
{"level":"info","message":"POST /api/chess/ai/analyze","service":"user-service"}
{"level":"info","message":"POST /api/chess/ai/analyze","service":"user-service"}
{"level":"info","message":"POST /api/chess/ai/analyze","service":"user-service"}
{"level":"info","message":"POST /api/chess/ai/analyze","service":"user-service"}
{"level":"info","message":"POST /api/chess/ai/analyze","service":"user-service"}
{"level":"info","message":"POST /api/chess/ai/analyze","service":"user-service"}
{"level":"info","message":"POST /api/chess/ai/analyze","service":"user-service"}
{"level":"info","message":"POST /api/chess/ai/analyze","service":"user-service"}
{"level":"info","message":"POST /api/chess/ai/analyze","service":"user-service"}
{"level":"info","message":"Hello world","service":"user-service"}
{"level":"error","message":"Error message","service":"user-service"}
{"level":"info","message":"Server is running on port 5001","service":"user-service"}
{"level":"info","message":"POST /api/chess/ai/analyze","service":"user-service"}
{"level":"info","message":"GET /api/chess/ai/health","service":"user-service"}
{"level":"info","message":"POST /api/chess/ai/analyze","service":"user-service"}
{"level":"info","message":"GET /api/chess/ai/health","service":"user-service"}
{"level":"info","message":"GET /api/puzzles/daily","service":"user-service"}
{"level":"info","message":"GET /api/puzzles/daily","service":"user-service"}
{"level":"info","message":"GET /api/chess/ai/health","service":"user-service"}
{"level":"info","message":"POST /api/chess/ai/analyze","service":"user-service"}
{"level":"info","message":"POST /api/chess/ai/analyze","service":"user-service"}
{"level":"info","message":"GET /api/chess/ai/health","service":"user-service"}
{"level":"info","message":"GET /api/chess/ai/health","service":"user-service"}
{"level":"info","message":"POST /api/chess/ai/analyze","service":"user-service"}
{"level":"info","message":"POST /api/chess/ai/analyze","service":"user-service"}
{"level":"info","message":"GET /api/chess/ai/health","service":"user-service"}
{"level":"info","message":"GET /api/puzzles/daily","service":"user-service"}
{"level":"info","message":"GET /api/puzzles/daily","service":"user-service"}
{"level":"info","message":"GET /api/puzzles/daily","service":"user-service"}
{"level":"info","message":"GET /api/chess/ai/health","service":"user-service"}
{"level":"info","message":"POST /api/chess/ai/analyze","service":"user-service"}
{"level":"info","message":"GET /api/chess/ai/health","service":"user-service"}
{"level":"info","message":"POST /api/chess/ai/analyze","service":"user-service"}
{"level":"info","message":"GET /api/puzzles/daily","service":"user-service"}
{"level":"info","message":"GET /api/puzzles/daily","service":"user-service"}
{"level":"info","message":"GET /api/leaderboard/puzzle","service":"user-service"}
{"level":"info","message":"GET /api/leaderboard/puzzle","service":"user-service"}
{"level":"info","message":"GET /api/puzzles/daily","service":"user-service"}
{"level":"info","message":"GET /api/puzzles/daily","service":"user-service"}
{"level":"info","message":"GET /api/leaderboard/puzzle?page=1&limit=50","service":"user-service"}
{"level":"info","message":"GET /api/leaderboard/puzzle?page=1&limit=50","service":"user-service"}
{"level":"info","message":"GET /api/leaderboard/battle?page=1&limit=50","service":"user-service"}
{"level":"info","message":"GET /api/leaderboard/puzzle?page=1&limit=50","service":"user-service"}
{"level":"info","message":"GET /api/puzzles/daily","service":"user-service"}
{"level":"info","message":"GET /api/puzzles/daily","service":"user-service"}
{"level":"info","message":"GET /api/leaderboard/puzzle?page=1&limit=50","service":"user-service"}
{"level":"info","message":"GET /api/leaderboard/puzzle?page=1&limit=50","service":"user-service"}
{"level":"info","message":"GET /api/courses","service":"user-service"}
{"level":"info","message":"GET /api/courses","service":"user-service"}
{"level":"info","message":"GET /api/courses/65544172a5b4d5b1cf9627b4/enrolled-students","service":"user-service"}
{"level":"info","message":"GET /api/courses/669594f81aca8692e9413b1b/enrolled-students","service":"user-service"}
{"level":"info","message":"GET /api/courses/66a13b672ed8bff37f9738f6/enrolled-students","service":"user-service"}
{"level":"info","message":"GET /api/courses/66a13abb2ed8bff37f9738e4/enrolled-students","service":"user-service"}
{"level":"info","message":"GET /api/courses/66a13b672ed8bff37f9738f6/enrolled-students","service":"user-service"}
{"level":"info","message":"GET /api/courses/65544172a5b4d5b1cf9627b4/enrolled-students","service":"user-service"}
{"level":"info","message":"GET /api/courses/669594f81aca8692e9413b1b/enrolled-students","service":"user-service"}
{"level":"info","message":"GET /api/courses/66a13abb2ed8bff37f9738e4/enrolled-students","service":"user-service"}
{"level":"info","message":"POST /api/chess/ai/analyze","service":"user-service"}
{"level":"info","message":"GET /api/chess/ai/health","service":"user-service"}
{"level":"info","message":"POST /api/chess/ai/analyze","service":"user-service"}
{"level":"info","message":"GET /api/chess/ai/health","service":"user-service"}
{"level":"info","message":"GET /api/puzzles/daily","service":"user-service"}
{"level":"info","message":"GET /api/chess/ai/health","service":"user-service"}
{"level":"info","message":"POST /api/chess/ai/analyze","service":"user-service"}
{"level":"info","message":"POST /api/chess/ai/analyze","service":"user-service"}
{"level":"info","message":"GET /api/chess/ai/health","service":"user-service"}
{"level":"info","message":"GET /api/puzzles/daily","service":"user-service"}
{"level":"info","message":"GET /api/puzzles/daily","service":"user-service"}
{"level":"info","message":"GET /api/puzzles/daily","service":"user-service"}
{"level":"info","message":"Hello world","service":"user-service"}
{"level":"error","message":"Error message","service":"user-service"}
{"level":"info","message":"Server is running on port 5001","service":"user-service"}
{"level":"info","message":"Hello world","service":"user-service"}
{"level":"error","message":"Error message","service":"user-service"}
{"level":"info","message":"Server is running on port 5001","service":"user-service"}
{"level":"info","message":"Hello world","service":"user-service"}
{"level":"error","message":"Error message","service":"user-service"}
{"level":"info","message":"Server is running on port 5001","service":"user-service"}
{"level":"info","message":"GET /api/puzzles/daily","service":"user-service"}
{"level":"info","message":"GET /api/puzzles/daily","service":"user-service"}
{"level":"info","message":"GET /api/puzzles/daily","service":"user-service"}
{"level":"info","message":"GET /api/puzzles/daily","service":"user-service"}
{"level":"info","message":"GET /api/puzzles/daily","service":"user-service"}
{"level":"info","message":"GET /api/puzzles/daily","service":"user-service"}
{"level":"info","message":"GET /api/puzzles/daily","service":"user-service"}
{"level":"info","message":"GET /api/puzzles/daily","service":"user-service"}
{"level":"info","message":"GET /api/puzzles/daily","service":"user-service"}
{"level":"info","message":"POST /api/auth/login","service":"user-service"}
{"email":"wusibo2020@hotmail.com","level":"info","message":"Login endpoint hit","service":"user-service"}
{"email":"wusibo2020@hotmail.com","level":"error","message":"Invalid credentials","service":"user-service"}
{"level":"info","message":"POST /api/auth/login","service":"user-service"}
{"email":"wusibo2020@hotmail.com","level":"info","message":"Login endpoint hit","service":"user-service"}
{"email":"wusibo2020@hotmail.com","level":"error","message":"Invalid credentials","service":"user-service"}
{"level":"info","message":"POST /api/auth/login","service":"user-service"}
{"email":"wusibo2020@hotmail.com","level":"info","message":"Login endpoint hit","service":"user-service"}
{"email":"wusibo2020@hotmail.com","level":"error","message":"Invalid credentials","service":"user-service"}
{"level":"info","message":"POST /api/auth/login","service":"user-service"}
{"email":"wusibo2020@hotmail.com","level":"info","message":"Login endpoint hit","service":"user-service"}
{"email":"wusibo2020@hotmail.com","level":"error","message":"Invalid credentials","service":"user-service"}
{"level":"info","message":"POST /api/auth/login","service":"user-service"}
{"email":"wusibo2020@hotmail.com","level":"info","message":"Login endpoint hit","service":"user-service"}
{"email":"wusibo2020@hotmail.com","level":"error","message":"Invalid credentials","service":"user-service"}
{"level":"info","message":"POST /api/auth/login","service":"user-service"}
{"email":"wusibo2020@hotmail.com","level":"info","message":"Login endpoint hit","service":"user-service"}
{"email":"wusibo2020@hotmail.com","level":"error","message":"Invalid credentials","service":"user-service"}
{"level":"info","message":"POST /api/auth/login","service":"user-service"}
{"email":"wusibo2020@hotmail.com","level":"info","message":"Login endpoint hit","service":"user-service"}
{"email":"wusibo2020@hotmail.com","level":"error","message":"Invalid credentials","service":"user-service"}
{"level":"info","message":"GET /api/puzzles/daily","service":"user-service"}
{"level":"info","message":"GET /api/puzzles/daily","service":"user-service"}
{"level":"info","message":"GET /api/puzzles/daily","service":"user-service"}
{"level":"info","message":"GET /api/puzzles/daily","service":"user-service"}
{"level":"info","message":"GET /api/puzzles/daily","service":"user-service"}
{"level":"info","message":"GET /api/puzzles/daily","service":"user-service"}
{"level":"info","message":"GET /api/puzzles/daily","service":"user-service"}
{"level":"info","message":"GET /api/puzzles/daily","service":"user-service"}
{"level":"info","message":"GET /api/puzzles/daily","service":"user-service"}
{"level":"info","message":"GET /api/chess/ai/health","service":"user-service"}
{"level":"info","message":"POST /api/chess/ai/analyze","service":"user-service"}
{"level":"info","message":"POST /api/chess/ai/analyze","service":"user-service"}
{"level":"info","message":"GET /api/chess/ai/health","service":"user-service"}
{"level":"info","message":"GET /api/puzzles/daily","service":"user-service"}
{"level":"info","message":"GET /api/puzzles/daily","service":"user-service"}
{"level":"info","message":"GET /api/puzzles/daily","service":"user-service"}
{"level":"info","message":"GET /api/puzzles/daily","service":"user-service"}
{"level":"info","message":"GET /api/puzzles/daily","service":"user-service"}
{"level":"info","message":"GET /api/puzzles/daily","service":"user-service"}
{"level":"info","message":"GET /api/puzzles/daily","service":"user-service"}
{"level":"info","message":"GET /api/chess/ai/health","service":"user-service"}
{"level":"info","message":"GET /api/chess/ai/health","service":"user-service"}
{"level":"info","message":"POST /api/chess/ai/analyze","service":"user-service"}
{"level":"info","message":"POST /api/chess/ai/analyze","service":"user-service"}
{"level":"info","message":"POST /api/chess/ai/analyze","service":"user-service"}
{"level":"info","message":"POST /api/chess/ai/best-move","service":"user-service"}
{"level":"info","message":"POST /api/chess/ai/analyze","service":"user-service"}
{"level":"info","message":"GET /api/puzzles/daily","service":"user-service"}
{"level":"info","message":"GET /api/puzzles/daily","service":"user-service"}
{"level":"info","message":"GET /api/puzzles/daily","service":"user-service"}
{"level":"info","message":"GET /api/chess/status","service":"user-service"}
{"level":"info","message":"GET /api/puzzles/daily","service":"user-service"}
{"level":"info","message":"GET /api/puzzles/daily","service":"user-service"}
{"level":"info","message":"GET /api/puzzles/daily","service":"user-service"}
{"level":"info","message":"GET /api/puzzles/daily","service":"user-service"}
{"level":"info","message":"GET /api/puzzles/daily","service":"user-service"}
{"level":"info","message":"GET /api/puzzles/daily","service":"user-service"}
{"level":"info","message":"GET /api/puzzles/daily","service":"user-service"}
{"level":"info","message":"GET /api/puzzles/daily","service":"user-service"}
{"level":"info","message":"GET /api/puzzles/daily","service":"user-service"}
{"level":"info","message":"GET /api/puzzles/daily","service":"user-service"}
{"level":"info","message":"Hello world","service":"user-service"}
{"level":"error","message":"Error message","service":"user-service"}
{"level":"info","message":"Server is running on port 5001","service":"user-service"}
{"level":"info","message":"GET /api/puzzles/random","service":"user-service"}
{"level":"info","message":"GET /api/puzzles/random","service":"user-service"}
{"level":"info","message":"GET /api/puzzles/random","service":"user-service"}
{"level":"info","message":"GET /api/puzzles/random","service":"user-service"}
{"level":"info","message":"GET /api/puzzles/random?rating=800","service":"user-service"}
{"level":"info","message":"GET /api/chess/ai/health","service":"user-service"}
{"level":"info","message":"Hello world","service":"user-service"}
{"level":"error","message":"Error message","service":"user-service"}
{"level":"info","message":"Server is running on port 5001","service":"user-service"}
{"level":"info","message":"GET /api/chess/ai/health","service":"user-service"}
{"level":"info","message":"GET /api/chess/ai/health","service":"user-service"}
{"level":"info","message":"GET /api/chess/ai/health","service":"user-service"}
{"level":"info","message":"Hello world","service":"user-service"}
{"level":"error","message":"Error message","service":"user-service"}
{"level":"info","message":"Server is running on port 5001","service":"user-service"}
{"level":"info","message":"GET /api/chess/ai/health","service":"user-service"}
{"level":"info","message":"GET /api/chess/ai/health","service":"user-service"}
{"level":"info","message":"Hello world","service":"user-service"}
{"level":"error","message":"Error message","service":"user-service"}
{"level":"info","message":"Server is running on port 5001","service":"user-service"}
{"level":"info","message":"GET /api/chess/ai/health","service":"user-service"}
{"level":"info","message":"GET /api/chess/ai/health","service":"user-service"}
{"level":"info","message":"Hello world","service":"user-service"}
{"level":"error","message":"Error message","service":"user-service"}
{"level":"info","message":"Server is running on port 5001","service":"user-service"}
{"level":"info","message":"GET /api/chess/ai/health","service":"user-service"}
{"level":"info","message":"GET /api/chess/ai/health","service":"user-service"}
{"level":"info","message":"GET /api/puzzles/random","service":"user-service"}
{"level":"info","message":"GET /api/puzzles/random","service":"user-service"}
{"level":"info","message":"GET /api/puzzles/random","service":"user-service"}
{"level":"info","message":"GET /api/puzzles/random","service":"user-service"}
{"level":"info","message":"GET /api/puzzles/random","service":"user-service"}
{"level":"info","message":"GET /api/puzzles/random","service":"user-service"}
{"level":"info","message":"POST /api/chess/ai/analyze","service":"user-service"}
{"level":"info","message":"GET /api/chess/ai/health","service":"user-service"}
{"level":"info","message":"POST /api/chess/ai/analyze","service":"user-service"}
{"level":"info","message":"GET /api/chess/ai/health","service":"user-service"}
{"level":"info","message":"GET /api/puzzles/daily","service":"user-service"}
{"level":"info","message":"GET /api/puzzles/daily","service":"user-service"}
{"level":"info","message":"GET /api/puzzles/daily","service":"user-service"}
{"level":"info","message":"GET /api/puzzles/daily","service":"user-service"}
{"level":"info","message":"GET /api/puzzles/random?rating=1200","service":"user-service"}
{"level":"info","message":"GET /api/puzzles/random?rating=1200","service":"user-service"}
{"level":"info","message":"GET /api/puzzles/random?rating=1200","service":"user-service"}
{"level":"info","message":"GET /api/puzzles/random?rating=1200","service":"user-service"}
{"level":"info","message":"GET /api/puzzles/random?rating=1200","service":"user-service"}
{"level":"info","message":"GET /api/chess/ai/health","service":"user-service"}
{"level":"info","message":"POST /api/chess/ai/analyze","service":"user-service"}
{"level":"info","message":"POST /api/chess/ai/analyze","service":"user-service"}
{"level":"info","message":"GET /api/chess/ai/health","service":"user-service"}
{"level":"info","message":"POST /api/chess/ai/analyze","service":"user-service"}
{"level":"info","message":"POST /api/chess/ai/best-move","service":"user-service"}
{"level":"info","message":"POST /api/chess/ai/analyze","service":"user-service"}
{"level":"info","message":"POST /api/chess/ai/analyze","service":"user-service"}
{"level":"info","message":"GET /api/leaderboard/puzzle?page=1&limit=50","service":"user-service"}
{"level":"info","message":"GET /api/leaderboard/puzzle?page=1&limit=50","service":"user-service"}
{"level":"info","message":"GET /api/leaderboard/battle?page=1&limit=50","service":"user-service"}
{"level":"info","message":"GET /api/leaderboard/puzzle?page=1&limit=50","service":"user-service"}
{"level":"info","message":"GET /api/puzzles/daily","service":"user-service"}
{"level":"info","message":"GET /api/puzzles/daily","service":"user-service"}
{"level":"info","message":"GET /api/puzzles/random?rating=1200","service":"user-service"}
{"level":"info","message":"GET /api/puzzles/random?rating=1200","service":"user-service"}
{"level":"info","message":"GET /api/puzzles/random?rating=1200","service":"user-service"}
{"level":"info","message":"POST /api/auth/register","service":"user-service"}
{"email":"wusiboricky@gmail.com","level":"info","message":"Register endpoint hit","password":"123","phoneNumber":"123","role":"student","service":"user-service","username":"rayray"}
{"level":"info","message":"POST /api/auth/login","service":"user-service"}
{"email":"wusiboricky@gmail.com","level":"info","message":"Login endpoint hit","service":"user-service"}
{"email":"wusiboricky@gmail.com","level":"info","message":"Password matches","service":"user-service"}
{"email":"wusiboricky@gmail.com","level":"info","message":"JWT token generated","service":"user-service","token":"eyJhbGciOiJIUzI1NiIsInR5cCI6IkpXVCJ9.eyJlbWFpbCI6Ind1c2lib3JpY2t5QGdtYWlsLmNvbSIsImlkIjoiNjk3NDFjZTlmODE3NzNkZGY1NzkwMmVjIiwicm9sZSI6InN0dWRlbnQiLCJpYXQiOjE3NjkyMTcyNzAsImV4cCI6MTc2OTIyMDg3MH0.miMhRf8RzI8kNLVN8MegH2-kiphkyEdx_42mi7cW_jc"}
{"level":"info","message":"GET /api/rank/69741ce9f81773ddf57902ec","service":"user-service"}
{"level":"info","message":"POST /api/chess/ai/analyze","service":"user-service"}
{"level":"info","message":"GET /api/chess/ai/health","service":"user-service"}
{"level":"info","message":"POST /api/chess/ai/analyze","service":"user-service"}
{"level":"info","message":"GET /api/courses/user/69741ce9f81773ddf57902ec/enrolled","service":"user-service"}
{"level":"info","message":"GET /api/rank/69741ce9f81773ddf57902ec","service":"user-service"}
{"level":"info","message":"GET /api/courses/user/69741ce9f81773ddf57902ec/enrolled","service":"user-service"}
{"level":"info","message":"GET /api/chess/ai/health","service":"user-service"}
{"level":"info","message":"GET /api/puzzles/user/stats","service":"user-service"}
{"level":"info","message":"GET /api/puzzles/daily","service":"user-service"}
{"level":"info","message":"GET /api/puzzles/user/stats","service":"user-service"}
{"level":"info","message":"GET /api/puzzles/daily","service":"user-service"}
{"level":"info","message":"GET /api/puzzles/random?rating=1200","service":"user-service"}
{"level":"info","message":"POST /api/puzzles/p047/solve","service":"user-service"}
{"level":"info","message":"GET /api/puzzles/user/stats","service":"user-service"}
{"level":"info","message":"GET /api/puzzles/random?rating=1226","service":"user-service"}
{"level":"info","message":"POST /api/puzzles/p045/solve","service":"user-service"}
{"level":"info","message":"GET /api/puzzles/user/stats","service":"user-service"}
{"level":"info","message":"GET /api/puzzles/random?rating=1245","service":"user-service"}
{"level":"info","message":"POST /api/puzzles/p004/solve","service":"user-service"}
{"level":"info","message":"GET /api/puzzles/user/stats","service":"user-service"}
{"level":"info","message":"GET /api/leaderboard/user/rank","service":"user-service"}
{"level":"info","message":"GET /api/leaderboard/puzzle?page=1&limit=50","service":"user-service"}
{"level":"info","message":"GET /api/leaderboard/puzzle?page=1&limit=50","service":"user-service"}
{"level":"info","message":"GET /api/leaderboard/user/rank","service":"user-service"}
{"level":"info","message":"GET /api/puzzles/random?rating=1200","service":"user-service"}
{"level":"info","message":"GET /api/puzzles/random?rating=1200","service":"user-service"}
{"level":"info","message":"GET /api/puzzles/random?rating=1200","service":"user-service"}
{"level":"info","message":"GET /api/puzzles/random?rating=1200","service":"user-service"}
{"level":"info","message":"GET /api/leaderboard/puzzle?page=1&limit=50","service":"user-service"}
{"level":"info","message":"GET /api/leaderboard/user/rank","service":"user-service"}
{"level":"info","message":"GET /api/leaderboard/puzzle?page=1&limit=50","service":"user-service"}
{"level":"info","message":"GET /api/puzzles/random?rating=1200","service":"user-service"}
{"level":"info","message":"GET /api/puzzles/user/stats","service":"user-service"}
{"level":"info","message":"GET /api/puzzles/user/stats","service":"user-service"}
{"level":"info","message":"GET /api/puzzles/random?rating=1200","service":"user-service"}
{"level":"info","message":"POST /api/puzzles/p011/solve","service":"user-service"}
{"level":"info","message":"GET /api/puzzles/user/stats","service":"user-service"}
{"level":"info","message":"GET /api/puzzles/random?rating=1169","service":"user-service"}
{"level":"info","message":"POST /api/puzzles/p009/solve","service":"user-service"}
{"level":"info","message":"GET /api/puzzles/user/stats","service":"user-service"}
{"level":"info","message":"GET /api/puzzles/random?rating=1136","service":"user-service"}
{"level":"info","message":"POST /api/puzzles/p046/solve","service":"user-service"}
{"level":"info","message":"GET /api/puzzles/user/stats","service":"user-service"}
{"level":"info","message":"GET /api/puzzles/random?rating=1158","service":"user-service"}
{"level":"info","message":"POST /api/puzzles/p015/solve","service":"user-service"}
{"level":"info","message":"GET /api/puzzles/user/stats","service":"user-service"}
{"level":"info","message":"GET /api/puzzles/random?rating=1140","service":"user-service"}
{"level":"info","message":"POST /api/puzzles/p023/solve","service":"user-service"}
{"level":"info","message":"GET /api/puzzles/user/stats","service":"user-service"}
{"level":"info","message":"GET /api/profile/69741ce9f81773ddf57902ec","service":"user-service"}
{"level":"info","message":"GET /api/profile/69741ce9f81773ddf57902ec","service":"user-service"}
{"level":"info","message":"GET /api/rank/69741ce9f81773ddf57902ec","service":"user-service"}
{"level":"info","message":"GET /api/chess/ai/health","service":"user-service"}
{"level":"info","message":"POST /api/chess/ai/analyze","service":"user-service"}
{"level":"info","message":"POST /api/chess/ai/analyze","service":"user-service"}
{"level":"info","message":"GET /api/courses/user/69741ce9f81773ddf57902ec/enrolled","service":"user-service"}
{"level":"info","message":"GET /api/rank/69741ce9f81773ddf57902ec","service":"user-service"}
{"level":"info","message":"GET /api/courses/user/69741ce9f81773ddf57902ec/enrolled","service":"user-service"}
{"level":"info","message":"GET /api/chess/ai/health","service":"user-service"}
{"level":"info","message":"POST /api/chess/ai/analyze","service":"user-service"}
{"level":"info","message":"POST /api/chess/ai/best-move","service":"user-service"}
{"level":"info","message":"POST /api/chess/ai/analyze","service":"user-service"}
{"level":"info","message":"GET /api/puzzles/random?rating=1200","service":"user-service"}
{"level":"info","message":"GET /api/puzzles/user/stats","service":"user-service"}
{"level":"info","message":"GET /api/puzzles/random?rating=1200","service":"user-service"}
{"level":"info","message":"GET /api/puzzles/user/stats","service":"user-service"}
{"level":"info","message":"GET /api/leaderboard/puzzle?page=1&limit=50","service":"user-service"}
{"level":"info","message":"GET /api/leaderboard/user/rank","service":"user-service"}
{"level":"info","message":"GET /api/leaderboard/puzzle?page=1&limit=50","service":"user-service"}
{"level":"info","message":"GET /api/leaderboard/user/rank","service":"user-service"}
{"level":"info","message":"GET /api/leaderboard/battle?page=1&limit=50","service":"user-service"}
{"level":"info","message":"GET /api/leaderboard/puzzle?page=1&limit=50","service":"user-service"}
{"level":"info","message":"GET /api/puzzles/random?rating=1200","service":"user-service"}
{"level":"info","message":"GET /api/puzzles/random?rating=1200","service":"user-service"}
{"level":"info","message":"GET /api/chess/ai/health","service":"user-service"}
{"level":"info","message":"POST /api/chess/ai/analyze","service":"user-service"}
{"level":"info","message":"POST /api/chess/ai/analyze","service":"user-service"}
{"level":"info","message":"GET /api/chess/ai/health","service":"user-service"}
{"level":"info","message":"GET /api/chess/ai/health","service":"user-service"}
{"level":"info","message":"GET /api/rank/69741ce9f81773ddf57902ec","service":"user-service"}
{"level":"info","message":"POST /api/chess/ai/analyze","service":"user-service"}
{"level":"info","message":"POST /api/chess/ai/analyze","service":"user-service"}
{"level":"info","message":"GET /api/courses/user/69741ce9f81773ddf57902ec/enrolled","service":"user-service"}
{"level":"info","message":"GET /api/courses/user/69741ce9f81773ddf57902ec/enrolled","service":"user-service"}
{"level":"info","message":"GET /api/chess/ai/health","service":"user-service"}
{"level":"info","message":"GET /api/rank/69741ce9f81773ddf57902ec","service":"user-service"}
{"level":"info","message":"GET /api/puzzles/random?rating=1200","service":"user-service"}
{"level":"info","message":"GET /api/puzzles/user/stats","service":"user-service"}
{"level":"info","message":"GET /api/puzzles/user/stats","service":"user-service"}
{"level":"info","message":"GET /api/puzzles/random?rating=1200","service":"user-service"}
{"level":"info","message":"POST /api/puzzles/p022/solve","service":"user-service"}
{"level":"info","message":"GET /api/chess/ai/health","service":"user-service"}
{"level":"info","message":"POST /api/chess/ai/analyze","service":"user-service"}
{"level":"info","message":"GET /api/courses/user/69741ce9f81773ddf57902ec/enrolled","service":"user-service"}
{"level":"info","message":"GET /api/courses/user/69741ce9f81773ddf57902ec/enrolled","service":"user-service"}
{"level":"info","message":"GET /api/rank/69741ce9f81773ddf57902ec","service":"user-service"}
{"level":"info","message":"POST /api/chess/ai/analyze","service":"user-service"}
{"level":"info","message":"GET /api/rank/69741ce9f81773ddf57902ec","service":"user-service"}
{"level":"info","message":"GET /api/chess/ai/health","service":"user-service"}
{"level":"info","message":"GET /api/courses","service":"user-service"}
{"level":"info","message":"GET /api/courses","service":"user-service"}
{"level":"info","message":"GET /api/courses/65544172a5b4d5b1cf9627b4/enrolled-students","service":"user-service"}
{"level":"info","message":"GET /api/courses/669594f81aca8692e9413b1b/enrolled-students","service":"user-service"}
{"level":"info","message":"GET /api/courses/669594f81aca8692e9413b1b/enrolled-students","service":"user-service"}
{"level":"info","message":"GET /api/courses/66a13abb2ed8bff37f9738e4/enrolled-students","service":"user-service"}
{"level":"info","message":"GET /api/courses/66a13b672ed8bff37f9738f6/enrolled-students","service":"user-service"}
{"level":"info","message":"GET /api/courses/66a13abb2ed8bff37f9738e4/enrolled-students","service":"user-service"}
{"level":"info","message":"GET /api/courses/65544172a5b4d5b1cf9627b4/enrolled-students","service":"user-service"}
{"level":"info","message":"GET /api/courses/66a13b672ed8bff37f9738f6/enrolled-students","service":"user-service"}
{"level":"info","message":"GET /api/chess/ai/health","service":"user-service"}
{"level":"info","message":"GET /api/rank/69741ce9f81773ddf57902ec","service":"user-service"}
{"level":"info","message":"POST /api/chess/ai/analyze","service":"user-service"}
{"level":"info","message":"POST /api/chess/ai/analyze","service":"user-service"}
{"level":"info","message":"GET /api/courses/user/69741ce9f81773ddf57902ec/enrolled","service":"user-service"}
{"level":"info","message":"GET /api/courses/user/69741ce9f81773ddf57902ec/enrolled","service":"user-service"}
{"level":"info","message":"GET /api/rank/69741ce9f81773ddf57902ec","service":"user-service"}
{"level":"info","message":"GET /api/chess/ai/health","service":"user-service"}
{"level":"info","message":"GET /api/profile/me","service":"user-service"}
{"level":"info","message":"GET /api/profile/me","service":"user-service"}
{"level":"info","message":"GET /api/chess/ai/health","service":"user-service"}
{"level":"info","message":"POST /api/chess/ai/analyze","service":"user-service"}
{"level":"info","message":"POST /api/chess/ai/analyze","service":"user-service"}
{"level":"info","message":"GET /api/rank/69741ce9f81773ddf57902ec","service":"user-service"}
{"level":"info","message":"GET /api/courses/user/69741ce9f81773ddf57902ec/enrolled","service":"user-service"}
{"level":"info","message":"GET /api/courses/user/69741ce9f81773ddf57902ec/enrolled","service":"user-service"}
{"level":"info","message":"GET /api/rank/69741ce9f81773ddf57902ec","service":"user-service"}
{"level":"info","message":"GET /api/chess/ai/health","service":"user-service"}
{"level":"info","message":"GET /api/puzzles/random?rating=1200","service":"user-service"}
{"level":"info","message":"GET /api/puzzles/user/stats","service":"user-service"}
{"level":"info","message":"GET /api/puzzles/user/stats","service":"user-service"}
{"level":"info","message":"GET /api/puzzles/random?rating=1200","service":"user-service"}
{"level":"info","message":"GET /api/chess/ai/health","service":"user-service"}
{"level":"info","message":"POST /api/chess/ai/analyze","service":"user-service"}
{"level":"info","message":"GET /api/rank/69741ce9f81773ddf57902ec","service":"user-service"}
{"level":"info","message":"GET /api/courses/user/69741ce9f81773ddf57902ec/enrolled","service":"user-service"}
{"level":"info","message":"POST /api/chess/ai/analyze","service":"user-service"}
{"level":"info","message":"GET /api/courses/user/69741ce9f81773ddf57902ec/enrolled","service":"user-service"}
{"level":"info","message":"GET /api/chess/ai/health","service":"user-service"}
{"level":"info","message":"GET /api/rank/69741ce9f81773ddf57902ec","service":"user-service"}
{"level":"info","message":"GET /api/courses","service":"user-service"}
{"level":"info","message":"GET /api/courses","service":"user-service"}
{"level":"info","message":"GET /api/courses/65544172a5b4d5b1cf9627b4/enrolled-students","service":"user-service"}
{"level":"info","message":"GET /api/courses/669594f81aca8692e9413b1b/enrolled-students","service":"user-service"}
{"level":"info","message":"GET /api/courses/65544172a5b4d5b1cf9627b4/enrolled-students","service":"user-service"}
{"level":"info","message":"GET /api/courses/66a13abb2ed8bff37f9738e4/enrolled-students","service":"user-service"}
{"level":"info","message":"GET /api/courses/66a13b672ed8bff37f9738f6/enrolled-students","service":"user-service"}
{"level":"info","message":"GET /api/courses/66a13abb2ed8bff37f9738e4/enrolled-students","service":"user-service"}
{"level":"info","message":"GET /api/courses/66a13b672ed8bff37f9738f6/enrolled-students","service":"user-service"}
{"level":"info","message":"GET /api/courses/669594f81aca8692e9413b1b/enrolled-students","service":"user-service"}
{"level":"info","message":"GET /api/courses","service":"user-service"}
{"level":"info","message":"POST /api/chess/ai/analyze","service":"user-service"}
{"level":"info","message":"POST /api/chess/ai/analyze","service":"user-service"}
{"level":"info","message":"GET /api/chess/ai/health","service":"user-service"}
{"level":"info","message":"GET /api/courses/user/69741ce9f81773ddf57902ec/enrolled","service":"user-service"}
{"level":"info","message":"GET /api/rank/69741ce9f81773ddf57902ec","service":"user-service"}
{"level":"info","message":"GET /api/courses/user/69741ce9f81773ddf57902ec/enrolled","service":"user-service"}
{"level":"info","message":"GET /api/rank/69741ce9f81773ddf57902ec","service":"user-service"}
{"level":"info","message":"GET /api/chess/ai/health","service":"user-service"}
{"level":"info","message":"GET /api/puzzles/random?rating=1200","service":"user-service"}
{"level":"info","message":"GET /api/puzzles/user/stats","service":"user-service"}
{"level":"info","message":"GET /api/puzzles/user/stats","service":"user-service"}
{"level":"info","message":"GET /api/puzzles/random?rating=1200","service":"user-service"}
{"level":"info","message":"GET /api/rank/69741ce9f81773ddf57902ec","service":"user-service"}
{"level":"info","message":"GET /api/chess/ai/health","service":"user-service"}
{"level":"info","message":"POST /api/chess/ai/analyze","service":"user-service"}
{"level":"info","message":"GET /api/courses/user/69741ce9f81773ddf57902ec/enrolled","service":"user-service"}
{"level":"info","message":"POST /api/chess/ai/analyze","service":"user-service"}
{"level":"info","message":"GET /api/courses/user/69741ce9f81773ddf57902ec/enrolled","service":"user-service"}
{"level":"info","message":"GET /api/rank/69741ce9f81773ddf57902ec","service":"user-service"}
{"level":"info","message":"GET /api/chess/ai/health","service":"user-service"}
{"level":"info","message":"GET /api/courses","service":"user-service"}
{"level":"info","message":"GET /api/courses","service":"user-service"}
{"level":"info","message":"GET /api/courses/65544172a5b4d5b1cf9627b4/enrolled-students","service":"user-service"}
{"level":"info","message":"GET /api/courses/669594f81aca8692e9413b1b/enrolled-students","service":"user-service"}
{"level":"info","message":"GET /api/courses/66a13abb2ed8bff37f9738e4/enrolled-students","service":"user-service"}
{"level":"info","message":"GET /api/courses/66a13b672ed8bff37f9738f6/enrolled-students","service":"user-service"}
{"level":"info","message":"GET /api/courses/65544172a5b4d5b1cf9627b4/enrolled-students","service":"user-service"}
{"level":"info","message":"GET /api/courses/66a13b672ed8bff37f9738f6/enrolled-students","service":"user-service"}
{"level":"info","message":"GET /api/courses/669594f81aca8692e9413b1b/enrolled-students","service":"user-service"}
{"level":"info","message":"GET /api/courses/66a13abb2ed8bff37f9738e4/enrolled-students","service":"user-service"}
{"level":"info","message":"GET /api/chess/ai/health","service":"user-service"}
{"level":"info","message":"GET /api/rank/69741ce9f81773ddf57902ec","service":"user-service"}
{"level":"info","message":"GET /api/courses/user/69741ce9f81773ddf57902ec/enrolled","service":"user-service"}
{"level":"info","message":"POST /api/chess/ai/analyze","service":"user-service"}
{"level":"info","message":"POST /api/chess/ai/analyze","service":"user-service"}
{"level":"info","message":"GET /api/courses/user/69741ce9f81773ddf57902ec/enrolled","service":"user-service"}
{"level":"info","message":"GET /api/rank/69741ce9f81773ddf57902ec","service":"user-service"}
{"level":"info","message":"GET /api/chess/ai/health","service":"user-service"}
{"level":"info","message":"POST /api/chess/ai/analyze","service":"user-service"}
{"level":"info","message":"POST /api/chess/ai/best-move","service":"user-service"}
{"level":"info","message":"POST /api/chess/ai/analyze","service":"user-service"}
{"level":"info","message":"POST /api/chess/ai/analyze","service":"user-service"}
{"level":"info","message":"GET /api/chess/ai/health","service":"user-service"}
{"level":"info","message":"POST /api/chess/ai/analyze","service":"user-service"}
{"level":"info","message":"GET /api/chess/ai/health","service":"user-service"}
{"level":"info","message":"GET /api/leaderboard/user/rank","service":"user-service"}
{"level":"info","message":"GET /api/leaderboard/puzzle?page=1&limit=50","service":"user-service"}
{"level":"info","message":"GET /api/leaderboard/user/rank","service":"user-service"}
{"level":"info","message":"GET /api/leaderboard/puzzle?page=1&limit=50","service":"user-service"}
{"level":"info","message":"GET /api/leaderboard/battle?page=1&limit=50","service":"user-service"}
{"level":"info","message":"GET /api/leaderboard/puzzle?page=1&limit=50","service":"user-service"}
{"level":"info","message":"GET /api/courses/user/69741ce9f81773ddf57902ec/enrolled","service":"user-service"}
{"level":"info","message":"GET /api/rank/69741ce9f81773ddf57902ec","service":"user-service"}
{"level":"info","message":"GET /api/chess/ai/health","service":"user-service"}
{"level":"info","message":"POST /api/chess/ai/analyze","service":"user-service"}
{"level":"info","message":"GET /api/courses/user/69741ce9f81773ddf57902ec/enrolled","service":"user-service"}
{"level":"info","message":"POST /api/chess/ai/analyze","service":"user-service"}
{"level":"info","message":"GET /api/rank/69741ce9f81773ddf57902ec","service":"user-service"}
{"level":"info","message":"GET /api/chess/ai/health","service":"user-service"}
{"level":"info","message":"GET /api/courses","service":"user-service"}
{"level":"info","message":"GET /api/courses","service":"user-service"}
{"level":"info","message":"GET /api/courses/65544172a5b4d5b1cf9627b4/enrolled-students","service":"user-service"}
{"level":"info","message":"GET /api/courses/669594f81aca8692e9413b1b/enrolled-students","service":"user-service"}
{"level":"info","message":"GET /api/courses/669594f81aca8692e9413b1b/enrolled-students","service":"user-service"}
{"level":"info","message":"GET /api/courses/66a13abb2ed8bff37f9738e4/enrolled-students","service":"user-service"}
{"level":"info","message":"GET /api/courses/66a13b672ed8bff37f9738f6/enrolled-students","service":"user-service"}
{"level":"info","message":"GET /api/courses/65544172a5b4d5b1cf9627b4/enrolled-students","service":"user-service"}
{"level":"info","message":"GET /api/courses/66a13abb2ed8bff37f9738e4/enrolled-students","service":"user-service"}
{"level":"info","message":"GET /api/courses/66a13b672ed8bff37f9738f6/enrolled-students","service":"user-service"}
{"level":"info","message":"GET /api/courses","service":"user-service"}
{"level":"info","message":"GET /api/chess/ai/health","service":"user-service"}
{"level":"info","message":"GET /api/rank/69741ce9f81773ddf57902ec","service":"user-service"}
{"level":"info","message":"POST /api/chess/ai/analyze","service":"user-service"}
{"level":"info","message":"POST /api/chess/ai/analyze","service":"user-service"}
{"level":"info","message":"GET /api/courses/user/69741ce9f81773ddf57902ec/enrolled","service":"user-service"}
{"level":"info","message":"GET /api/courses/user/69741ce9f81773ddf57902ec/enrolled","service":"user-service"}
{"level":"info","message":"GET /api/rank/69741ce9f81773ddf57902ec","service":"user-service"}
{"level":"info","message":"GET /api/chess/ai/health","service":"user-service"}
{"level":"info","message":"GET /api/chess/ai/health","service":"user-service"}
{"level":"info","message":"POST /api/chess/ai/analyze","service":"user-service"}
{"level":"info","message":"POST /api/chess/ai/analyze","service":"user-service"}
{"level":"info","message":"GET /api/chess/ai/health","service":"user-service"}
{"level":"info","message":"GET /api/courses","service":"user-service"}
{"level":"info","message":"GET /api/courses","service":"user-service"}
{"level":"info","message":"GET /api/courses/65544172a5b4d5b1cf9627b4/enrolled-students","service":"user-service"}
{"level":"info","message":"GET /api/courses/669594f81aca8692e9413b1b/enrolled-students","service":"user-service"}
{"level":"info","message":"GET /api/courses/66a13abb2ed8bff37f9738e4/enrolled-students","service":"user-service"}
{"level":"info","message":"GET /api/courses/66a13b672ed8bff37f9738f6/enrolled-students","service":"user-service"}
{"level":"info","message":"GET /api/courses/65544172a5b4d5b1cf9627b4/enrolled-students","service":"user-service"}
{"level":"info","message":"GET /api/courses/66a13b672ed8bff37f9738f6/enrolled-students","service":"user-service"}
{"level":"info","message":"GET /api/courses/669594f81aca8692e9413b1b/enrolled-students","service":"user-service"}
{"level":"info","message":"GET /api/courses/66a13abb2ed8bff37f9738e4/enrolled-students","service":"user-service"}
{"level":"info","message":"POST /api/courses/65544172a5b4d5b1cf9627b4/enroll","service":"user-service"}
{"level":"info","message":"POST /api/courses/669594f81aca8692e9413b1b/enroll","service":"user-service"}
{"level":"info","message":"POST /api/courses/66a13b672ed8bff37f9738f6/enroll","service":"user-service"}
{"level":"info","message":"GET /api/rank/69741ce9f81773ddf57902ec","service":"user-service"}
{"level":"info","message":"GET /api/courses/user/69741ce9f81773ddf57902ec/enrolled","service":"user-service"}
{"level":"info","message":"Hello world","service":"user-service"}
{"level":"error","message":"Error message","service":"user-service"}
{"level":"info","message":"Server is running on port 5001","service":"user-service"}
{"level":"info","message":"GET /api/courses","service":"user-service"}
{"level":"info","message":"POST /api/chess/ai/analyze","service":"user-service"}
{"level":"info","message":"GET /api/chess/ai/health","service":"user-service"}
{"level":"info","message":"POST /api/chess/ai/analyze","service":"user-service"}
{"level":"info","message":"GET /api/rank/69741ce9f81773ddf57902ec","service":"user-service"}
{"level":"info","message":"GET /api/courses/user/69741ce9f81773ddf57902ec/enrolled","service":"user-service"}
{"level":"info","message":"GET /api/chess/ai/health","service":"user-service"}
{"level":"info","message":"GET /api/courses","service":"user-service"}
{"level":"info","message":"GET /api/courses","service":"user-service"}
{"level":"info","message":"GET /api/courses/65544172a5b4d5b1cf9627b4/enrolled-students","service":"user-service"}
{"level":"info","message":"GET /api/courses/669594f81aca8692e9413b1b/enrolled-students","service":"user-service"}
{"level":"info","message":"GET /api/courses/66a13abb2ed8bff37f9738e4/enrolled-students","service":"user-service"}
{"level":"info","message":"GET /api/courses/66a13b672ed8bff37f9738f6/enrolled-students","service":"user-service"}
{"level":"info","message":"GET /api/courses/669594f81aca8692e9413b1b/enrolled-students","service":"user-service"}
{"level":"info","message":"GET /api/courses/66a13abb2ed8bff37f9738e4/enrolled-students","service":"user-service"}
{"level":"info","message":"GET /api/courses/66a13b672ed8bff37f9738f6/enrolled-students","service":"user-service"}
{"level":"info","message":"GET /api/courses/65544172a5b4d5b1cf9627b4/enrolled-students","service":"user-service"}
{"level":"info","message":"POST /api/courses/65544172a5b4d5b1cf9627b4/enroll","service":"user-service"}
{"level":"info","message":"POST /api/courses/66a13b672ed8bff37f9738f6/enroll","service":"user-service"}
{"level":"info","message":"POST /api/courses/66a13abb2ed8bff37f9738e4/enroll","service":"user-service"}
{"level":"info","message":"POST /api/courses/669594f81aca8692e9413b1b/enroll","service":"user-service"}
{"level":"info","message":"GET /api/rank/69741ce9f81773ddf57902ec","service":"user-service"}
{"level":"info","message":"GET /api/chess/ai/health","service":"user-service"}
{"level":"info","message":"GET /api/courses/user/69741ce9f81773ddf57902ec/enrolled","service":"user-service"}
{"level":"info","message":"POST /api/chess/ai/analyze","service":"user-service"}
{"level":"info","message":"GET /api/courses/user/69741ce9f81773ddf57902ec/enrolled","service":"user-service"}
{"level":"info","message":"POST /api/chess/ai/analyze","service":"user-service"}
{"level":"info","message":"GET /api/rank/69741ce9f81773ddf57902ec","service":"user-service"}
{"level":"info","message":"GET /api/chess/ai/health","service":"user-service"}
{"level":"info","message":"POST /api/chess/ai/analyze","service":"user-service"}
{"level":"info","message":"GET /api/puzzles/user/stats","service":"user-service"}
{"level":"info","message":"GET /api/puzzles/random?rating=1200","service":"user-service"}
{"level":"info","message":"GET /api/puzzles/user/stats","service":"user-service"}
{"level":"info","message":"GET /api/puzzles/random?rating=1200","service":"user-service"}
{"level":"info","message":"GET /api/chess/ai/health","service":"user-service"}
{"level":"info","message":"POST /api/chess/ai/analyze","service":"user-service"}
{"level":"info","message":"GET /api/rank/69741ce9f81773ddf57902ec","service":"user-service"}
{"level":"info","message":"GET /api/courses/user/69741ce9f81773ddf57902ec/enrolled","service":"user-service"}
{"level":"info","message":"GET /api/courses/user/69741ce9f81773ddf57902ec/enrolled","service":"user-service"}
{"level":"info","message":"POST /api/chess/ai/analyze","service":"user-service"}
{"level":"info","message":"GET /api/rank/69741ce9f81773ddf57902ec","service":"user-service"}
{"level":"info","message":"GET /api/chess/ai/health","service":"user-service"}
{"level":"info","message":"GET /api/courses","service":"user-service"}
{"level":"info","message":"GET /api/courses","service":"user-service"}
{"level":"info","message":"GET /api/courses/65544172a5b4d5b1cf9627b4/enrolled-students","service":"user-service"}
{"level":"info","message":"GET /api/courses/669594f81aca8692e9413b1b/enrolled-students","service":"user-service"}
{"level":"info","message":"GET /api/courses/66a13abb2ed8bff37f9738e4/enrolled-students","service":"user-service"}
{"level":"info","message":"GET /api/courses/66a13b672ed8bff37f9738f6/enrolled-students","service":"user-service"}
{"level":"info","message":"GET /api/courses/65544172a5b4d5b1cf9627b4/enrolled-students","service":"user-service"}
{"level":"info","message":"GET /api/courses/66a13abb2ed8bff37f9738e4/enrolled-students","service":"user-service"}
{"level":"info","message":"GET /api/courses/66a13b672ed8bff37f9738f6/enrolled-students","service":"user-service"}
{"level":"info","message":"GET /api/courses/669594f81aca8692e9413b1b/enrolled-students","service":"user-service"}
{"level":"info","message":"POST /api/chess/ai/analyze","service":"user-service"}
{"level":"info","message":"POST /api/chess/ai/analyze","service":"user-service"}
{"level":"info","message":"GET /api/chess/ai/health","service":"user-service"}
{"level":"info","message":"GET /api/courses/user/69741ce9f81773ddf57902ec/enrolled","service":"user-service"}
{"level":"info","message":"GET /api/rank/69741ce9f81773ddf57902ec","service":"user-service"}
{"level":"info","message":"GET /api/courses/user/69741ce9f81773ddf57902ec/enrolled","service":"user-service"}
{"level":"info","message":"GET /api/chess/ai/health","service":"user-service"}
{"level":"info","message":"GET /api/rank/69741ce9f81773ddf57902ec","service":"user-service"}
{"level":"info","message":"POST /api/chess/ai/analyze","service":"user-service"}
{"level":"info","message":"GET /api/chess/ai/health","service":"user-service"}
{"level":"info","message":"POST /api/chess/ai/analyze","service":"user-service"}
{"level":"info","message":"GET /api/rank/69741ce9f81773ddf57902ec","service":"user-service"}
{"level":"info","message":"GET /api/courses/user/69741ce9f81773ddf57902ec/enrolled","service":"user-service"}
{"level":"info","message":"GET /api/chess/ai/health","service":"user-service"}
{"level":"info","message":"GET /api/courses","service":"user-service"}
{"level":"info","message":"GET /api/courses","service":"user-service"}
{"level":"info","message":"GET /api/courses/65544172a5b4d5b1cf9627b4/enrolled-students","service":"user-service"}
{"level":"info","message":"GET /api/courses/669594f81aca8692e9413b1b/enrolled-students","service":"user-service"}
{"level":"info","message":"GET /api/courses/669594f81aca8692e9413b1b/enrolled-students","service":"user-service"}
{"level":"info","message":"GET /api/courses/66a13abb2ed8bff37f9738e4/enrolled-students","service":"user-service"}
{"level":"info","message":"GET /api/courses/66a13b672ed8bff37f9738f6/enrolled-students","service":"user-service"}
{"level":"info","message":"GET /api/courses/65544172a5b4d5b1cf9627b4/enrolled-students","service":"user-service"}
{"level":"info","message":"GET /api/courses/66a13abb2ed8bff37f9738e4/enrolled-students","service":"user-service"}
{"level":"info","message":"GET /api/courses/66a13b672ed8bff37f9738f6/enrolled-students","service":"user-service"}
{"level":"info","message":"GET /api/courses","service":"user-service"}
{"level":"info","message":"GET /api/courses","service":"user-service"}
{"level":"info","message":"POST /api/auth/register","service":"user-service"}
{"email":"wusibo@ricky.com","level":"info","message":"Register endpoint hit","password":"12345","phoneNumber":"12345","role":"student","service":"user-service","username":"tiler"}
{"level":"info","message":"POST /api/auth/login","service":"user-service"}
{"email":"wusibo@ricky.com","level":"info","message":"Login endpoint hit","service":"user-service"}
{"email":"wusibo@ricky.com","level":"info","message":"Password matches","service":"user-service"}
{"email":"wusibo@ricky.com","level":"info","message":"JWT token generated","service":"user-service","token":"eyJhbGciOiJIUzI1NiIsInR5cCI6IkpXVCJ9.eyJlbWFpbCI6Ind1c2lib0ByaWNreS5jb20iLCJpZCI6IjY5NzUzOWYyZmYyNjEzMjYyZGRmNTUwYyIsInJvbGUiOiJzdHVkZW50IiwiaWF0IjoxNzY5MjkwMjM1LCJleHAiOjE3NjkyOTM4MzV9.OwDYCZLvy0pbkDYxUAd66R0tDXG6v3YEb0NifFAPIuQ"}
{"level":"info","message":"GET /api/rank/697539f2ff2613262ddf550c","service":"user-service"}
{"level":"info","message":"GET /api/chess/ai/health","service":"user-service"}
{"level":"info","message":"POST /api/chess/ai/analyze","service":"user-service"}
{"level":"info","message":"POST /api/chess/ai/analyze","service":"user-service"}
{"level":"info","message":"GET /api/courses/user/697539f2ff2613262ddf550c/enrolled","service":"user-service"}
{"level":"info","message":"GET /api/rank/697539f2ff2613262ddf550c","service":"user-service"}
{"level":"info","message":"GET /api/courses/user/697539f2ff2613262ddf550c/enrolled","service":"user-service"}
{"level":"info","message":"GET /api/chess/ai/health","service":"user-service"}
{"level":"info","message":"GET /api/chess/ai/health","service":"user-service"}
{"level":"info","message":"POST /api/chess/ai/analyze","service":"user-service"}
{"level":"info","message":"POST /api/chess/ai/analyze","service":"user-service"}
{"level":"info","message":"GET /api/chess/ai/health","service":"user-service"}
{"level":"info","message":"GET /api/courses","service":"user-service"}
{"level":"info","message":"GET /api/courses","service":"user-service"}
{"level":"info","message":"GET /api/courses/65544172a5b4d5b1cf9627b4/enrolled-students","service":"user-service"}
{"level":"info","message":"GET /api/courses/669594f81aca8692e9413b1b/enrolled-students","service":"user-service"}
{"level":"info","message":"GET /api/courses/66a13abb2ed8bff37f9738e4/enrolled-students","service":"user-service"}
{"level":"info","message":"GET /api/courses/66a13b672ed8bff37f9738f6/enrolled-students","service":"user-service"}
{"level":"info","message":"GET /api/courses/66a13abb2ed8bff37f9738e4/enrolled-students","service":"user-service"}
{"level":"info","message":"GET /api/courses/669594f81aca8692e9413b1b/enrolled-students","service":"user-service"}
{"level":"info","message":"GET /api/courses/65544172a5b4d5b1cf9627b4/enrolled-students","service":"user-service"}
{"level":"info","message":"GET /api/courses/66a13b672ed8bff37f9738f6/enrolled-students","service":"user-service"}
{"level":"info","message":"POST /api/courses/669594f81aca8692e9413b1b/enroll","service":"user-service"}
{"level":"info","message":"GET /api/profile/6699e62ab78d41fc7fcf75d6","service":"user-service"}
{"level":"info","message":"GET /api/profile/6699e62ab78d41fc7fcf75d6","service":"user-service"}
{"level":"info","message":"GET /api/courses/669594f81aca8692e9413b1b","service":"user-service"}
{"level":"info","message":"GET /api/courses/669594f81aca8692e9413b1b","service":"user-service"}
{"level":"info","message":"GET /api/modules/course/669594f81aca8692e9413b1b","service":"user-service"}
{"level":"info","message":"GET /api/modules/course/669594f81aca8692e9413b1b","service":"user-service"}
{"level":"info","message":"GET /api/modules/course/669594f81aca8692e9413b1b","service":"user-service"}
{"level":"info","message":"GET /api/modules/course/669594f81aca8692e9413b1b","service":"user-service"}
{"level":"info","message":"POST /api/chess/ai/analyze","service":"user-service"}
{"level":"info","message":"POST /api/chess/ai/analyze","service":"user-service"}
{"level":"info","message":"GET /api/courses/user/697539f2ff2613262ddf550c/enrolled","service":"user-service"}
{"level":"info","message":"GET /api/chess/ai/health","service":"user-service"}
{"level":"info","message":"GET /api/rank/697539f2ff2613262ddf550c","service":"user-service"}
{"level":"info","message":"GET /api/rank/697539f2ff2613262ddf550c","service":"user-service"}
{"level":"info","message":"GET /api/courses/user/697539f2ff2613262ddf550c/enrolled","service":"user-service"}
{"level":"info","message":"GET /api/chess/ai/health","service":"user-service"}
{"level":"info","message":"GET /api/courses","service":"user-service"}
{"level":"info","message":"GET /api/courses","service":"user-service"}
{"level":"info","message":"GET /api/courses/65544172a5b4d5b1cf9627b4/enrolled-students","service":"user-service"}
{"level":"info","message":"GET /api/courses/669594f81aca8692e9413b1b/enrolled-students","service":"user-service"}
{"level":"info","message":"GET /api/courses/66a13abb2ed8bff37f9738e4/enrolled-students","service":"user-service"}
{"level":"info","message":"GET /api/courses/66a13b672ed8bff37f9738f6/enrolled-students","service":"user-service"}
{"level":"info","message":"GET /api/courses/66a13abb2ed8bff37f9738e4/enrolled-students","service":"user-service"}
{"level":"info","message":"GET /api/courses/65544172a5b4d5b1cf9627b4/enrolled-students","service":"user-service"}
{"level":"info","message":"GET /api/courses/669594f81aca8692e9413b1b/enrolled-students","service":"user-service"}
{"level":"info","message":"GET /api/courses/66a13b672ed8bff37f9738f6/enrolled-students","service":"user-service"}
{"level":"info","message":"POST /api/courses/66a13abb2ed8bff37f9738e4/enroll","service":"user-service"}
{"level":"info","message":"GET /api/chess/ai/health","service":"user-service"}
{"level":"info","message":"GET /api/rank/697539f2ff2613262ddf550c","service":"user-service"}
{"level":"info","message":"POST /api/chess/ai/analyze","service":"user-service"}
{"level":"info","message":"POST /api/chess/ai/analyze","service":"user-service"}
{"level":"info","message":"GET /api/courses/user/697539f2ff2613262ddf550c/enrolled","service":"user-service"}
{"level":"info","message":"GET /api/rank/697539f2ff2613262ddf550c","service":"user-service"}
{"level":"info","message":"GET /api/courses/user/697539f2ff2613262ddf550c/enrolled","service":"user-service"}
{"level":"info","message":"GET /api/chess/ai/health","service":"user-service"}
{"level":"info","message":"GET /api/courses","service":"user-service"}
{"level":"info","message":"GET /api/courses","service":"user-service"}
{"level":"info","message":"GET /api/courses/65544172a5b4d5b1cf9627b4/enrolled-students","service":"user-service"}
{"level":"info","message":"GET /api/courses/669594f81aca8692e9413b1b/enrolled-students","service":"user-service"}
{"level":"info","message":"GET /api/courses/66a13abb2ed8bff37f9738e4/enrolled-students","service":"user-service"}
{"level":"info","message":"GET /api/courses/66a13b672ed8bff37f9738f6/enrolled-students","service":"user-service"}
{"level":"info","message":"GET /api/courses/65544172a5b4d5b1cf9627b4/enrolled-students","service":"user-service"}
{"level":"info","message":"GET /api/courses/66a13b672ed8bff37f9738f6/enrolled-students","service":"user-service"}
{"level":"info","message":"GET /api/courses/66a13abb2ed8bff37f9738e4/enrolled-students","service":"user-service"}
{"level":"info","message":"GET /api/courses/669594f81aca8692e9413b1b/enrolled-students","service":"user-service"}
{"level":"info","message":"GET /api/chess/ai/health","service":"user-service"}
{"level":"info","message":"POST /api/chess/ai/analyze","service":"user-service"}
{"level":"info","message":"GET /api/courses/user/697539f2ff2613262ddf550c/enrolled","service":"user-service"}
{"level":"info","message":"GET /api/rank/697539f2ff2613262ddf550c","service":"user-service"}
{"level":"info","message":"POST /api/chess/ai/analyze","service":"user-service"}
{"level":"info","message":"GET /api/rank/697539f2ff2613262ddf550c","service":"user-service"}
{"level":"info","message":"GET /api/courses/user/697539f2ff2613262ddf550c/enrolled","service":"user-service"}
{"level":"info","message":"GET /api/chess/ai/health","service":"user-service"}
{"level":"info","message":"GET /api/courses/669594f81aca8692e9413b1b/enrolled-students","service":"user-service"}
{"level":"info","message":"GET /api/courses/66a13abb2ed8bff37f9738e4/enrolled-students","service":"user-service"}
{"level":"info","message":"GET /api/courses/669594f81aca8692e9413b1b/enrolled-students","service":"user-service"}
{"level":"info","message":"GET /api/courses/66a13abb2ed8bff37f9738e4/enrolled-students","service":"user-service"}
{"level":"info","message":"GET /api/courses/66a13abb2ed8bff37f9738e4","service":"user-service"}
{"level":"info","message":"GET /api/courses/66a13abb2ed8bff37f9738e4","service":"user-service"}
{"level":"info","message":"GET /api/modules/course/66a13abb2ed8bff37f9738e4","service":"user-service"}
{"level":"info","message":"GET /api/modules/course/66a13abb2ed8bff37f9738e4","service":"user-service"}
{"level":"info","message":"GET /api/modules/course/66a13abb2ed8bff37f9738e4","service":"user-service"}
{"level":"info","message":"GET /api/modules/course/66a13abb2ed8bff37f9738e4","service":"user-service"}
{"level":"info","message":"POST /api/chess/ai/analyze","service":"user-service"}
{"level":"info","message":"GET /api/courses/user/697539f2ff2613262ddf550c/enrolled","service":"user-service"}
{"level":"info","message":"GET /api/chess/ai/health","service":"user-service"}
{"level":"info","message":"GET /api/rank/697539f2ff2613262ddf550c","service":"user-service"}
{"level":"info","message":"POST /api/chess/ai/analyze","service":"user-service"}
{"level":"info","message":"GET /api/rank/697539f2ff2613262ddf550c","service":"user-service"}
{"level":"info","message":"GET /api/chess/ai/health","service":"user-service"}
{"level":"info","message":"GET /api/courses/user/697539f2ff2613262ddf550c/enrolled","service":"user-service"}
{"level":"info","message":"GET /api/courses/user/697539f2ff2613262ddf550c/enrolled","service":"user-service"}
{"level":"info","message":"GET /api/courses/user/697539f2ff2613262ddf550c/enrolled","service":"user-service"}
{"level":"info","message":"GET /api/chess/ai/health","service":"user-service"}
{"level":"info","message":"POST /api/chess/ai/analyze","service":"user-service"}
{"level":"info","message":"GET /api/courses/user/697539f2ff2613262ddf550c/enrolled","service":"user-service"}
{"level":"info","message":"GET /api/rank/697539f2ff2613262ddf550c","service":"user-service"}
{"level":"info","message":"POST /api/chess/ai/analyze","service":"user-service"}
{"level":"info","message":"GET /api/rank/697539f2ff2613262ddf550c","service":"user-service"}
{"level":"info","message":"GET /api/courses/user/697539f2ff2613262ddf550c/enrolled","service":"user-service"}
{"level":"info","message":"GET /api/chess/ai/health","service":"user-service"}
{"level":"info","message":"GET /api/rank/697539f2ff2613262ddf550c","service":"user-service"}
{"level":"info","message":"GET /api/courses/user/697539f2ff2613262ddf550c/enrolled","service":"user-service"}
{"level":"info","message":"GET /api/chess/ai/health","service":"user-service"}
{"level":"info","message":"POST /api/chess/ai/analyze","service":"user-service"}
{"level":"info","message":"POST /api/chess/ai/analyze","service":"user-service"}
{"level":"info","message":"GET /api/chess/ai/health","service":"user-service"}
{"level":"info","message":"POST /api/chess/ai/analyze","service":"user-service"}
{"level":"info","message":"GET /api/chess/ai/health","service":"user-service"}
{"level":"info","message":"GET /api/courses/669594f81aca8692e9413b1b","service":"user-service"}
{"level":"info","message":"GET /api/rank/697539f2ff2613262ddf550c","service":"user-service"}
{"level":"info","message":"POST /api/chess/ai/analyze","service":"user-service"}
{"level":"info","message":"GET /api/courses","service":"user-service"}
{"level":"info","message":"POST /api/chess/ai/analyze","service":"user-service"}
{"level":"info","message":"GET /api/courses/user/697539f2ff2613262ddf550c/enrolled","service":"user-service"}
{"level":"info","message":"GET /api/courses/669594f81aca8692e9413b1b","service":"user-service"}
{"level":"info","message":"GET /api/courses","service":"user-service"}
{"level":"info","message":"GET /api/modules/course/669594f81aca8692e9413b1b","service":"user-service"}
{"level":"info","message":"GET /api/chess/ai/health","service":"user-service"}
{"level":"info","message":"GET /api/chess/ai/health","service":"user-service"}
{"level":"info","message":"GET /api/courses","service":"user-service"}
{"level":"info","message":"GET /api/modules/course/669594f81aca8692e9413b1b","service":"user-service"}
{"level":"info","message":"GET /api/courses/66a13abb2ed8bff37f9738e4/enrolled-students","service":"user-service"}
{"level":"info","message":"GET /api/courses/65544172a5b4d5b1cf9627b4/enrolled-students","service":"user-service"}
{"level":"info","message":"GET /api/courses/669594f81aca8692e9413b1b/enrolled-students","service":"user-service"}
{"level":"info","message":"GET /api/courses/66a13b672ed8bff37f9738f6/enrolled-students","service":"user-service"}
{"level":"info","message":"GET /api/modules/course/669594f81aca8692e9413b1b","service":"user-service"}
{"level":"info","message":"GET /api/modules/course/669594f81aca8692e9413b1b","service":"user-service"}
{"level":"info","message":"GET /api/courses/65544172a5b4d5b1cf9627b4/enrolled-students","service":"user-service"}
{"level":"info","message":"GET /api/courses/66a13abb2ed8bff37f9738e4/enrolled-students","service":"user-service"}
{"level":"info","message":"GET /api/courses/669594f81aca8692e9413b1b/enrolled-students","service":"user-service"}
{"level":"info","message":"GET /api/courses/66a13b672ed8bff37f9738f6/enrolled-students","service":"user-service"}
{"level":"info","message":"GET /api/chess/ai/health","service":"user-service"}
{"level":"info","message":"POST /api/chess/ai/analyze","service":"user-service"}
{"level":"info","message":"POST /api/chess/ai/analyze","service":"user-service"}
{"level":"info","message":"GET /api/rank/697539f2ff2613262ddf550c","service":"user-service"}
{"level":"info","message":"GET /api/courses/user/697539f2ff2613262ddf550c/enrolled","service":"user-service"}
{"level":"info","message":"GET /api/chess/ai/health","service":"user-service"}
{"level":"info","message":"GET /api/courses","service":"user-service"}
{"level":"info","message":"GET /api/courses","service":"user-service"}
{"level":"info","message":"GET /api/courses/65544172a5b4d5b1cf9627b4/enrolled-students","service":"user-service"}
{"level":"info","message":"GET /api/courses/669594f81aca8692e9413b1b/enrolled-students","service":"user-service"}
{"level":"info","message":"GET /api/courses/66a13abb2ed8bff37f9738e4/enrolled-students","service":"user-service"}
{"level":"info","message":"GET /api/courses/66a13b672ed8bff37f9738f6/enrolled-students","service":"user-service"}
{"level":"info","message":"GET /api/courses/65544172a5b4d5b1cf9627b4/enrolled-students","service":"user-service"}
{"level":"info","message":"GET /api/courses/66a13abb2ed8bff37f9738e4/enrolled-students","service":"user-service"}
{"level":"info","message":"GET /api/courses/669594f81aca8692e9413b1b/enrolled-students","service":"user-service"}
{"level":"info","message":"GET /api/courses/66a13b672ed8bff37f9738f6/enrolled-students","service":"user-service"}
{"level":"info","message":"GET /api/leaderboard/user/rank","service":"user-service"}
{"level":"info","message":"GET /api/leaderboard/puzzle?page=1&limit=50","service":"user-service"}
{"level":"info","message":"GET /api/leaderboard/puzzle?page=1&limit=50","service":"user-service"}
{"level":"info","message":"GET /api/leaderboard/user/rank","service":"user-service"}
{"level":"info","message":"GET /api/courses","service":"user-service"}
{"level":"info","message":"GET /api/courses","service":"user-service"}
{"level":"info","message":"GET /api/courses/65544172a5b4d5b1cf9627b4/enrolled-students","service":"user-service"}
{"level":"info","message":"GET /api/courses/669594f81aca8692e9413b1b/enrolled-students","service":"user-service"}
{"level":"info","message":"GET /api/courses/66a13abb2ed8bff37f9738e4/enrolled-students","service":"user-service"}
{"level":"info","message":"GET /api/courses/66a13b672ed8bff37f9738f6/enrolled-students","service":"user-service"}
{"level":"info","message":"GET /api/courses/65544172a5b4d5b1cf9627b4/enrolled-students","service":"user-service"}
{"level":"info","message":"GET /api/courses/66a13abb2ed8bff37f9738e4/enrolled-students","service":"user-service"}
{"level":"info","message":"GET /api/courses/669594f81aca8692e9413b1b/enrolled-students","service":"user-service"}
{"level":"info","message":"GET /api/courses/66a13b672ed8bff37f9738f6/enrolled-students","service":"user-service"}
{"level":"info","message":"GET /api/chess/ai/health","service":"user-service"}
{"level":"info","message":"GET /api/rank/697539f2ff2613262ddf550c","service":"user-service"}
{"level":"info","message":"POST /api/chess/ai/analyze","service":"user-service"}
{"level":"info","message":"GET /api/courses/user/697539f2ff2613262ddf550c/enrolled","service":"user-service"}
{"level":"info","message":"POST /api/chess/ai/analyze","service":"user-service"}
{"level":"info","message":"GET /api/rank/697539f2ff2613262ddf550c","service":"user-service"}
{"level":"info","message":"GET /api/chess/ai/health","service":"user-service"}
{"level":"info","message":"GET /api/courses/user/697539f2ff2613262ddf550c/enrolled","service":"user-service"}
{"level":"info","message":"GET /api/courses/669594f81aca8692e9413b1b/enrolled-students","service":"user-service"}
{"level":"info","message":"GET /api/courses/66a13abb2ed8bff37f9738e4/enrolled-students","service":"user-service"}
{"level":"info","message":"GET /api/courses/66a13abb2ed8bff37f9738e4/enrolled-students","service":"user-service"}
{"level":"info","message":"GET /api/courses/669594f81aca8692e9413b1b/enrolled-students","service":"user-service"}
{"level":"info","message":"GET /api/courses","service":"user-service"}
{"level":"info","message":"GET /api/courses","service":"user-service"}
{"level":"info","message":"GET /api/courses/669594f81aca8692e9413b1b/enrolled-students","service":"user-service"}
{"level":"info","message":"GET /api/courses/66a13abb2ed8bff37f9738e4/enrolled-students","service":"user-service"}
{"level":"info","message":"GET /api/courses/65544172a5b4d5b1cf9627b4/enrolled-students","service":"user-service"}
{"level":"info","message":"GET /api/courses/66a13b672ed8bff37f9738f6/enrolled-students","service":"user-service"}
{"level":"info","message":"GET /api/courses/65544172a5b4d5b1cf9627b4/enrolled-students","service":"user-service"}
{"level":"info","message":"GET /api/courses/66a13b672ed8bff37f9738f6/enrolled-students","service":"user-service"}
{"level":"info","message":"GET /api/courses/669594f81aca8692e9413b1b/enrolled-students","service":"user-service"}
{"level":"info","message":"GET /api/courses/66a13abb2ed8bff37f9738e4/enrolled-students","service":"user-service"}
{"level":"info","message":"POST /api/chess/ai/analyze","service":"user-service"}
{"level":"info","message":"GET /api/rank/697539f2ff2613262ddf550c","service":"user-service"}
{"level":"info","message":"POST /api/chess/ai/analyze","service":"user-service"}
{"level":"info","message":"GET /api/chess/ai/health","service":"user-service"}
{"level":"info","message":"GET /api/courses/user/697539f2ff2613262ddf550c/enrolled","service":"user-service"}
{"level":"info","message":"GET /api/rank/697539f2ff2613262ddf550c","service":"user-service"}
{"level":"info","message":"GET /api/courses/user/697539f2ff2613262ddf550c/enrolled","service":"user-service"}
{"level":"info","message":"GET /api/chess/ai/health","service":"user-service"}
{"level":"info","message":"GET /api/leaderboard/puzzle?page=1&limit=50","service":"user-service"}
{"level":"info","message":"GET /api/leaderboard/user/rank","service":"user-service"}
{"level":"info","message":"GET /api/leaderboard/puzzle?page=1&limit=50","service":"user-service"}
{"level":"info","message":"GET /api/leaderboard/user/rank","service":"user-service"}
{"level":"info","message":"GET /api/leaderboard/puzzle?page=1&limit=50","service":"user-service"}
{"level":"info","message":"GET /api/leaderboard/user/rank","service":"user-service"}
{"level":"info","message":"GET /api/leaderboard/puzzle?page=1&limit=50","service":"user-service"}
{"level":"info","message":"GET /api/leaderboard/user/rank","service":"user-service"}
{"level":"info","message":"GET /api/chess/ai/health","service":"user-service"}
{"level":"info","message":"POST /api/chess/ai/analyze","service":"user-service"}
{"level":"info","message":"GET /api/courses/user/697539f2ff2613262ddf550c/enrolled","service":"user-service"}
{"level":"info","message":"GET /api/rank/697539f2ff2613262ddf550c","service":"user-service"}
{"level":"info","message":"POST /api/chess/ai/analyze","service":"user-service"}
{"level":"info","message":"GET /api/rank/697539f2ff2613262ddf550c","service":"user-service"}
{"level":"info","message":"GET /api/courses/user/697539f2ff2613262ddf550c/enrolled","service":"user-service"}
{"level":"info","message":"GET /api/chess/ai/health","service":"user-service"}
{"level":"info","message":"POST /api/chess/ai/analyze","service":"user-service"}
{"level":"info","message":"GET /api/chess/ai/health","service":"user-service"}
{"level":"info","message":"GET /api/courses/user/697539f2ff2613262ddf550c/enrolled","service":"user-service"}
{"level":"info","message":"GET /api/rank/697539f2ff2613262ddf550c","service":"user-service"}
{"level":"info","message":"POST /api/chess/ai/analyze","service":"user-service"}
{"level":"info","message":"GET /api/rank/697539f2ff2613262ddf550c","service":"user-service"}
{"level":"info","message":"GET /api/courses/user/697539f2ff2613262ddf550c/enrolled","service":"user-service"}
{"level":"info","message":"GET /api/chess/ai/health","service":"user-service"}
{"level":"info","message":"GET /api/puzzles/user/stats","service":"user-service"}
{"level":"info","message":"GET /api/puzzles/random?rating=1200","service":"user-service"}
{"level":"info","message":"GET /api/puzzles/user/stats","service":"user-service"}
{"level":"info","message":"GET /api/puzzles/random?rating=1200","service":"user-service"}
{"level":"info","message":"POST /api/puzzles/p017/solve","service":"user-service"}
{"level":"info","message":"GET /api/puzzles/user/stats","service":"user-service"}
{"level":"info","message":"GET /api/leaderboard/user/rank","service":"user-service"}
{"level":"info","message":"GET /api/leaderboard/puzzle?page=1&limit=50","service":"user-service"}
{"level":"info","message":"GET /api/leaderboard/puzzle?page=1&limit=50","service":"user-service"}
{"level":"info","message":"GET /api/leaderboard/user/rank","service":"user-service"}
{"level":"info","message":"GET /api/chess/ai/health","service":"user-service"}
{"level":"info","message":"POST /api/chess/ai/analyze","service":"user-service"}
{"level":"info","message":"POST /api/chess/ai/analyze","service":"user-service"}
{"level":"info","message":"GET /api/chess/ai/health","service":"user-service"}
{"level":"info","message":"GET /api/leaderboard/puzzle?page=1&limit=50","service":"user-service"}
{"level":"info","message":"GET /api/leaderboard/user/rank","service":"user-service"}
{"level":"info","message":"GET /api/courses/669594f81aca8692e9413b1b","service":"user-service"}
{"level":"info","message":"GET /api/courses","service":"user-service"}
{"level":"info","message":"GET /api/leaderboard/puzzle?page=1&limit=50","service":"user-service"}
{"level":"info","message":"GET /api/courses/669594f81aca8692e9413b1b","service":"user-service"}
{"level":"info","message":"GET /api/courses","service":"user-service"}
{"level":"info","message":"GET /api/modules/course/669594f81aca8692e9413b1b","service":"user-service"}
{"level":"info","message":"GET /api/courses","service":"user-service"}
{"level":"info","message":"GET /api/courses/669594f81aca8692e9413b1b/enrolled-students","service":"user-service"}
{"level":"info","message":"GET /api/courses/65544172a5b4d5b1cf9627b4/enrolled-students","service":"user-service"}
{"level":"info","message":"GET /api/courses/66a13abb2ed8bff37f9738e4/enrolled-students","service":"user-service"}
{"level":"info","message":"GET /api/courses/66a13b672ed8bff37f9738f6/enrolled-students","service":"user-service"}
{"level":"info","message":"GET /api/modules/course/669594f81aca8692e9413b1b","service":"user-service"}
{"level":"info","message":"GET /api/modules/course/669594f81aca8692e9413b1b","service":"user-service"}
{"level":"info","message":"GET /api/modules/course/669594f81aca8692e9413b1b","service":"user-service"}
{"level":"info","message":"GET /api/courses/669594f81aca8692e9413b1b/enrolled-students","service":"user-service"}
{"level":"info","message":"GET /api/courses/66a13b672ed8bff37f9738f6/enrolled-students","service":"user-service"}
{"level":"info","message":"GET /api/courses/66a13abb2ed8bff37f9738e4/enrolled-students","service":"user-service"}
{"level":"info","message":"GET /api/courses/65544172a5b4d5b1cf9627b4/enrolled-students","service":"user-service"}
